OPIS Truckstop ID,Truckstop Name,Address,City,State,Rack ID,Retail Price,Latitude,Longitude
49,TA SEYMOUR TRAVEL CENTER,"I-65, EXIT 50 & US-50 & US-31",Seymour,IN,415,3.959,38.957531,-85.885428
28,LITTLEFIELD EXPRESS #2,"I-540, EXIT 12 & US-71",Fort Smith,AR,645,3.399,35.3139247,-94.4016993
35,ACI TRUCK STOP,US-46,Columbia,NJ,90,3.079,40.918497,-75.083709
9,KWIK TRIP #796,"I-94, EXIT 143 & US-12 & SR-21",Tomah,WI,420,3.28733333,44.0191949,-90.5020749
20,PILOT TRAVEL CENTER #1243,"I-8, EXIT 119 & SR-85",Gila Bend,AZ,930,3.899,32.950015,-112.705491
46,PETRO STOPPING CENTER #348,"I-85,  EXIT 22 & CR-138",Shorter,AL,720,3.154,33.9941878,-86.0838906
36,SHENANDOAH TRUCK CENTER,"I-81, EXIT 273 & SR-703/SR-292",Mount Jackson,VA,60,2.899,38.761261,-78.629339
7,WOODSHED OF BIG CABIN,"I-44, EXIT 283 & US-69",Big Cabin,OK,307,3.00733333,36.565892,-95.221168
44,CIRCLE K #2612042,"I-35,  EXIT 271",Jarrell,TX,595,2.919,30.774806,-97.627464
56,TOPS TRUCK STOP,"I-94, EXIT 182 & US-83",Sterling,ND,390,3.51566666,46.8155975,-100.2889173
20,PILOT #1243,"I-8, EXIT 119 & SR-85",Gila Bend,AZ,930,3.899,32.929735,-112.673176
50,TA COUNCIL BLUFFS TRAVEL CENTER,"I-29 & I-80, EXIT 3",Council Bluffs,IA,319,3.72566666,41.221047,-95.864666
77,OASIS TRAVEL PLAZA,US-13,Laurel,DE,243,3.229,38.560831,-75.556267
75,Good 2 Go #709,US-50,Montrose,CO,810,3.424,38.478034,-107.876806
79,DELAWARE TRUCK PLAZA,US-13 & US-40,New Castle                              ,DE,243,3.249,39.655781,-75.612078
91,MOLLYS FOOD & FUEL,"I-20 & ST 22, EXIT 55",Crawfordville                           ,GA,135,3.499,33.5277005,-82.9096341
81,One9 #89,"I-75, EXIT 224",Ellenton,FL,225,3.439,27.518399,-82.528342
105,TA SAGINAW I 75 TRAVEL CENTER,"I-75, EXIT 144-B",Bridgeport,MI,260,3.269,43.358329,-83.88064
85,DOWNIEVILLE FUEL STOP,"I-70, EXIT 234",Dumont,CO,800,3.459,39.766135,-105.613304
105,TA SAGINAW I 75 TRAVEL CENTER,"I-75, EXIT 144-B",Bridgeport,MI,260,3.399,43.358329,-83.88064
105,TA SAGINAW I 75 TRAVEL CENTER,"I-75, EXIT 144-B",Bridgeport,MI,260,3.429,43.358329,-83.88064
105,TA SAGINAW I 75 TRAVEL CENTER,"I-75, EXIT 144-B",Bridgeport,MI,260,3.289,43.358329,-83.88064
118,Lupton Truck Stop #567,"I-40, EXIT 359",Lupton,AZ,580,3.299,35.357001,-109.050917
105,TA SAGINAW I 75 TRAVEL CENTER,"I-75, EXIT 144-B",Bridgeport,MI,260,3.339,43.358329,-83.88064
105,TA SAGINAW I 75 TRAVEL CENTER,"I-75, EXIT 144-B",Bridgeport,MI,260,3.299,43.358329,-83.88064
128,THE EFFINGHAM CHROME SHOP,"I-57 & I-70, EXIT 159",Effingham                               ,IL,510,3.399,39.1213978,-88.572684
127,CIRCLE K #4700095,US-41,Henderson,KY,340,3.609,37.883646,-87.563761
121,PETRO STOPPING CENTER #306,"I-10, EXIT 200",Eloy,AZ,930,3.474,32.812444,-111.670406
135,LOVES TRAVEL STOP #766,"I-80, EXIT 27",Atkinson,IL,290,3.589,41.4111255,-90.018328
128,THE EFFINGHAM CHROME SHOP,"I-57 & I-70, EXIT 159",Effingham                               ,IL,510,3.349,39.1213978,-88.572684
128,THE EFFINGHAM CHROME SHOP,"I-57 & I-70, EXIT 159",Effingham                               ,IL,510,3.549,39.1213978,-88.572684
159,PILOT TRAVEL CENTERS #87,"I-10, EXIT 343",Jacksonville,FL,75,3.859,30.412991,-81.570958
135,LOVES TRAVEL STOP #766,"I-80, EXIT 27",Atkinson,IL,290,3.449,41.4111255,-90.018328
151,CUBBYS #2101,"I-80, EXIT 211 & SR-47",Gothenburg,NE,475,3.13233333,40.917449,-100.167938
135,LOVES TRAVEL STOP #766,"I-80, EXIT 27",Atkinson,IL,290,3.389,41.4111255,-90.018328
187,DUDLEYS CORNER,"I-35, EXIT 165 & SR-3",Latimer,IA,433,3.23233333,42.746228,-93.392511
160,PILOT TRAVEL CENTERS #79,"I-12, EXIT 10 AT MILE 10",Denham Springs                          ,LA,600,3.23233333,30.451957,-90.957431
147,SPEEDWAY #8039,"I-69, EXIT 234 & SR-67",Daleville,IN,375,3.624,40.120756,-85.557197
195,PETRO STOPPING CENTER #311,"I-40 & I-55, EXIT 280",West Memphis,AR,435,3.36733333,35.154371,-90.135853
164,FLYING J TRAVEL PLAZA #650,"I-94, EXIT 15 B",Lake Station                            ,IN,365,3.809,41.5864412,-87.2391279
149,RAYS TRUCK WASH,"I-69, EXIT 309 & US-30",Fort Wayne                              ,IN,370,3.59233333,41.1174127,-85.1865
198,SINCLAIR,"I-76, EXIT 115",Atwood,CO,800,3.299,40.50172,-103.262353
184,SAPP BROS TRAVEL CENTER,"I-29 & I-80, EXIT 1B",Council Bluffs,IA,486,3.719,41.235615,-95.879933
159,PILOT TRAVEL CENTER #87,"I-10, EXIT 343",Jacksonville,FL,75,3.859,30.412991,-81.570958
203,PILOT TRAVEL CENTER #31,"I-80/94, EXIT 2",Highland,IN,365,3.829,41.567403,-87.472829
167,FLYING J TRAVEL PLAZA #653,RT 2 & I-65 EXIT 240,Hebron,IN,365,3.43566666,41.2882788,-87.294584
174,Hop-In Food Stores,US-59 & SR-224,Nacogdoches                             ,TX,618,2.859,29.505227,-98.459589
186,COFFEE CUP FUEL STOP #5,"I-90, EXIT 154 & US-16",Moorcroft                               ,WY,822,3.239,44.263823,-104.944353
192,Brew Stuart Truckstop,"I-80, EXIT 93",Stuart                                  ,IA,320,3.099,41.351770467205,-94.317958110884
240,LA 1 SOUTH TRUCKSTOP,"I-10, EXIT 153 & SR-1",Port Allen,LA,600,3.039,30.422636,-91.216394
191,KUM & GO #0302,"I-35, EXIT 193 & SR 106",Clear Lake,IA,433,3.18566666,43.133242,-93.352938
199,PETRO STOPPING CENTER #366,"I-70, EXIT 252",Salina,KS,523,3.80566666,38.8803098,-97.6146436
244,BIG D TRUCK TRAVEL PLAZA,"I-10, EXIT 92 & SR-95",Duson,LA,725,2.98233333,30.2366427,-92.1826253
216,CIRCLE K #2721593,"I-10, EXIT 50",Ocean Springs,MS,715,3.41566666,30.451528,-88.841159
203,PILOT TRAVEL CENTERS #31,"I-80/94, EXIT 2",Highland,IN,365,3.799,41.567403,-87.472829
231,DERBY CITYS TRUCK PLAZA,"I-75, EXIT 62 & US-25",Mount Vernon,KY,410,2.999,37.381143,-84.328791
217,NORTH 9TH 24/7,"I-70, EXIT 252",Salina,KS,523,3.02566666,38.862915449796,-97.612455234682
257,PILOT TRAVEL CENTER #917- TOWN PUMP,I-15 & 31ST STREET EXIT 277,Great Falls                             ,MT,815,3.63566666,47.506453,-111.306019
207,MARATHON,SR-32,Sardinia                                ,OH,300,3.56566666,38.96877,-83.726408
235,PILOT TRAVEL CENTER #92,"I-75, EXIT 358",Ocala,FL,225,3.41233333,29.2677022,-82.1912254
263,CASEYS #3956,I-94 EXIT 16,Bridgman,MI,465,3.559,41.94355,-86.555068
235,PILOT TRAVEL CENTERS #92,"I-75, EXIT 358",Ocala,FL,225,3.359,29.2677022,-82.1912254
243,SAVE,US-41 & SR-10,Lake Village,IN,399,3.179,41.137559,-87.44882
269,PILOT TRAVEL CENTERS #24,"I-75, EXIT 15",Monroe                                  ,MI,325,3.299,41.9638753,-83.3537281
250,GOLDEN OX TRUCK STOP,"I-70/US-40, EXIT 159 & US-183",Hays,KS,523,3.499,38.896041,-99.317064
248,Mardi Gras Truck Stop,"I-10, EXIT 236",New Orleans,LA,725,3.729,29.982686,-90.057508
269,PILOT TRAVEL CENTERS #24,"I-75, EXIT 15",Monroe                                  ,MI,325,3.559,41.9638753,-83.3537281
253,LOVES TRAVEL STOP #450,"I-40, EXIT 280 & I-55, EXIT 4",West Memphis,AR,435,3.32566666,35.14656,-90.18479
256,BFS FOODS #66,"I-68/US-40, EXIT 22 & US-219",Grantsville                             ,MD,165,3.899,39.6915301,-79.1038018
278,CARLISLE PLAZA,US-41,Carlisle,IN,510,3.499,38.9553486,-87.4070097
269,PILOT TRAVEL CENTERS #24,"I-75, EXIT 15",Monroe                                  ,MI,325,3.249,41.9638753,-83.3537281
267,CORNER MARKET #117,SR-154 & SR-129,Dodge City,KS,357,3.399,37.740115523585,-100.032942416877
289,LOVES TRAVEL STOP #173,"I-70, MM 209",Lawrence,KS,553,3.229,39.019834,-95.135669
281,CIRCLE K #4700065,"I-65, EXIT 76 & US-31",Taylorsville,IN,375,3.399,39.297689,-85.950539
269,PILOT TRAVEL CENTERS #24,"I-75, EXIT 15",Monroe                                  ,MI,325,3.439,41.9638753,-83.3537281
304,FL Roberts,"I-91, EXIT 4",Springfield,MA,100,3.599,42.102051,-72.585757
269,PILOT TRAVEL CENTERS #24,"I-75, EXIT 15",Monroe                                  ,MI,325,3.349,41.9638753,-83.3537281
292,PETES #56,US-169 & CR-5000,Cherryvale,KS,307,3.23233333,37.269233,-95.566973
293,LOVES TRAVEL STOP #176,"I-35, MILE MARKER 97",Matfield Green,KS,336,3.25566666,38.095606,-96.579378
326,FLYING J TRAVEL PLAZA #748,"I-15, EXIT 357",Willard                                 ,UT,835,3.749,39.687072,-111.834716
309,QUIKTRIP #231,"I-635, EXIT 3",Kansas City,KS,400,3.199,39.128827,-94.770352
358,TA BINGHAMTON TRAVELCENTER,"I-81N, EXIT 2W & I-81S, EXIT 3",Binghamton,NY,32,3.769,42.098702,-75.912543
358,TA BINGHAMTON TRAVELCENTER,"I-81N, EXIT 2W & I-81S, EXIT 3",Binghamton,NY,32,3.739,42.098702,-75.912543
323,SAPP BROS TRAVEL CENTER,"I-80, EXIT 126",Ogallala,NE,475,3.46566666,41.117966,-102.950194
358,TA BINGHAMTON TRAVELCENTER,"I-81N, EXIT 2W & I-81S, EXIT 3",Binghamton,NY,32,3.689,42.098702,-75.912543
387,Circle K #2709664,"I-8, EXIT 12",Yuma,AZ,930,3.489,32.667484,-114.443805
341,TA JACKSONVILLE SOUTH TRAVEL CENTER,"I-95, EXIT 329",Saint Johns,FL,75,3.469,30.066379,-81.496148
358,TA BINGHAMTON TRAVELCENTER,"I-81N, EXIT 2W & I-81S, EXIT 3",Binghamton,NY,32,3.699,42.098702,-75.912543
347,7-ELEVEN #40514,I-90/80-IN TOLL RD MM 22E,Portage,IN,365,3.99066666,41.58686,-87.217447
391,PILOT TRAVEL CENTERS #13,"I-71, EXIT 209",Seville,OH,305,3.699,41.0297032,-81.9068545
361,CIRCLE K #2726293,"I-295, EXIT 25",Jacksonville,FL,75,3.31566666,30.288373,-81.633347
407,FUEL MART #641,"I-80 & I-280, EXIT 71",Perrysburg                              ,OH,550,3.499,41.522969,-83.464537
368,WILTON TRAVEL PLAZA,"I-87, EXIT 16",Gansevoort                              ,NY,12,3.799,43.168472,-73.709837
368,WILTON TRAVEL PLAZA,"I-87, EXIT 16",Gansevoort                              ,NY,12,3.749,43.168472,-73.709837
372,GAS DEPOT,"I-94, EXIT 5",Hammond,IN,365,3.999,41.604595,-87.508921
421,PETRO STOPPING CENTER #316,"I-40 & I-35, EXIT 127",Oklahoma City,OK,483,3.30233333,35.466311,-97.475705
381,7-Eleven #41830,US-69 & US-135,Jacksonville,TX,630,2.91566666,31.937731,-95.250408
425,Neighbors Express,"I-16, EXIT 51",Dublin                                  ,GA,85,3.299,32.535409,-82.92746
424,E EXPRESS,"I-40, EXIT 166",Choctaw,OK,483,2.899,35.39061,-97.265913
388,Pilot Travel Centers #14,"I-71, EXIT 131",Sunbury,OH,315,3.719,40.265454,-82.92396
455,MR FUEL #753,"I-95, EXIT 104 & SR-207",Ruther Glen,VA,180,3.26566666,37.939744,-77.466319
469,LOAF N JUG #750010,US-160 & SR-17,Alamosa,CO,803,3.259,37.473543,-105.856679
403,TRUCKOMAT OF HEBRON,"I-70, EXIT 126 & SR-37",Hebron,OH,315,3.429,39.939052,-82.53519
478,GASTRAK OF PEMBINA,"I-29, EXIT 215",Pembina                                 ,ND,355,3.299,48.969676,-97.254979
442,WESTERN COOP,US-385 & SR-2,Alliance,NE,795,3.324,42.097256,-102.880876
460,TRUCK STOP 44,I-20 EXIT 44,Gilbert,SC,135,3.079,33.8716,-81.389369
456,THE COUNTRY OASIS,US-24,Woodburn                                ,IN,370,3.399,41.124445,-84.924981
509,LOVES TRAVEL STOPS #256,"I-10, EXIT 140B",Van Horn,TX,640,3.649,31.040298,-104.819272
458,HAPPY HILLS GAS & COFFEE,I-29 EXIT 110,Rock Port,MO,400,3.399,40.409981,-95.553905
461,SPINX #271,"I-26, EXIT 145 & US-601",Orangeburg,SC,42,3.26233333,33.552908,-80.828204
483,ALLSUPS #2387,US-54/SR-136/SR-3 & US-64,Guymon,OK,585,2.97566666,36.688786,-101.466048
474,KEWANEE 1 STOP,"I-20, EXIT 169 & US-80",Toomsuba,MS,705,3.299,32.425599,-88.447801
546,PLAZA 30,US-30,Wanatah,IN,365,3.499,41.432985,-86.821678
486,LA NORIA CONV STORES,"I-35 N, EXIT 4",Laredo                                  ,TX,693,3.299,27.566645,-99.504426
509,LOVES TRAVEL STOP #256,"I-10, EXIT 140B",Van Horn,TX,640,3.649,32.5083048,-95.6424912
489,EDDIES CORNER,US-87 & US-191,Moore,MT,815,3.749,46.982457,-109.744619
522,GO MART FOOD STORE #57,"I-70 & ST-285, EXIT 186",Lore City                               ,OH,430,3.179,40.031058,-81.447103
491,One9 #403,"I-75, EXIT 117",Heiskell,TN,405,2.999,36.081853,-84.054135
566,TA GARY TRAVEL CENTER,"I-80/I-94, EXIT 6",Gary,IN,365,3.83066666,41.601967,-87.349684
523,CIRCLE K #2723322,"I-985, EXIT 20 & SR-60",Gainesville,GA,18,3.26566666,34.262702,-83.816474
496,PILOT TRAVEL CENTERS #270,"I-40 & I-75, EXIT 374",Knoxville,TN,405,3.439,35.998219,-83.778114
572,PILOT TRAVEL CENTERS #881,"I-69, EXIT 309A",Fort Wayne                              ,IN,370,3.879,41.118637,-85.18363
557,SAPP BROS TRAVEL CENTER,"I-80, EXIT 73",Peru,IL,290,3.589,41.327626,-89.129148
525,FASTBREAK,US-45 ALT,West Point,MS,705,3.059,33.591932,-88.658661
579,FLYING J TRAVEL PLAZA #764,"I-80, EXIT 104 & US-191",Rock Springs,WY,835,3.67066666,41.6095227,-109.2313462
557,SAPP BROS TRAVEL CENTER,"I-80, EXIT 73",Peru,IL,290,3.449,41.327626,-89.129148
557,SAPP BROS TRAVEL CENTER,"I-80, EXIT 73",Peru,IL,290,3.389,41.327626,-89.129148
586,AMERISTAR TRAVEL PLAZA #120,"I-82, EXIT 80",Prosser,WA,925,4.399,46.2206215,-119.7886021
557,SAPP BROS TRAVEL CENTER,"I-80, EXIT 73",Peru,IL,290,3.289,41.327626,-89.129148
572,PILOT TRAVEL CENTER #881,"I-69, EXIT 309A",Fort Wayne                              ,IN,370,3.899,41.118637,-85.18363
559,SHELL MORGAN ROAD TRUCK STOP,"I-40, EXIT 142",Maumelle,AR,695,3.20733333,35.745325039279,-90.567444089965
586,AMERISTAR TRAVEL PLAZA #120,"I-82, EXIT 80",Prosser,WA,925,4.559,46.2206215,-119.7886021
567,TA ELOY TRAVEL CENTER,"I-10 & I-8, EXIT 203",Eloy,AZ,930,3.459,32.7385212,-111.5494947
629,FLYING J #850,TCH-16,Edmonton,AB,80,4.39948962,53.5706106,-113.6124509
588,TA TUSCALOOSA TRAVEL CENTER,"I-20/I-59, EXIT 77",Cottondale,AL,615,2.964,33.176005,-87.446304
576,PETRO STOPPING CENTER #343,"I-10, EXIT 76",Egan,LA,600,3.624,32.4456787,-93.9026933
629,FLYING J #850,TCH-16,Edmonton,AB,80,4.39625375,53.5706106,-113.6124509
602,JIFFY MART EXIT 18 TRUCK STOP,"I-89/SR-120, EXIT 18 & SR-120",Lebanon,NH,12,3.599,43.6505285,-72.2418622
578,LOVES TRAVEL STOP #449,"I-84, EXIT 17",Troutdale,OR,935,3.779,45.543595,-122.391808
629,FLYING J #850,TCH-16,Edmonton,AB,80,4.40695023,53.5706106,-113.6124509
651,ONE9 #1366,"I-40, EXIT 126 & US-641",Holladay,TN,460,2.98566666,36.14331,-85.54528
599,Sapp Bros Travel Center,"I-80, EXIT 59 & SR-17J",Sidney,NE,475,3.50066666,41.117966,-102.950194
629,FLYING J #850,TCH-16,Edmonton,AB,80,4.3981947,53.5706106,-113.6124509
652,TA KNOXVILLE EAST TRAVEL CENTER,"I-40 & I-75, EXIT 374",Knoxville,TN,405,3.42566666,35.972885,-83.913404
591,TA Concordia Travel Plaza,"I-70, EXIT 58 & SR-23",Concordia,MO,400,3.22566666,38.987577,-93.56796
659,FLYING J #869,HWY 2 SOUTH,Nanton,AB,50,4.39948962,50.341832,-113.7670372
636,UNION 76,"I-5, EXIT 233 E",Albany,OR,935,3.379,44.608480769361,-123.056195743701
614,TA MAYBROOK TRAVEL CENTER,"I-84, EXIT 5",Montgomery,NY,120,4.359,41.486665717023,-74.228768514734
659,FLYING J #869,HWY 2 SOUTH,Nanton,AB,50,4.59317483,50.341832,-113.7670372
659,FLYING J #869,HWY 2 SOUTH,Nanton,AB,50,4.59114784,50.341832,-113.7670372
628,KWIK FILL #227,"I-90,  EXIT 218",Geneva,OH,305,3.15233333,41.768016,-80.946246
659,FLYING J #869,HWY 2 SOUTH,Nanton,AB,50,4.60163996,50.341832,-113.7670372
669,PETRO STOPPING CENTER #350,"I-10,  EXIT 4",Canutillo,TX,640,3.499,29.4362103,-98.3786705
629,FLYING J #850,TCH-16,Edmonton,AB,80,4.40630048,53.5706106,-113.6124509
659,FLYING J #869,HWY 2 SOUTH,Nanton,AB,50,4.59216111,50.341832,-113.7670372
659,FLYING J #869,HWY 2 SOUTH,Nanton,AB,50,4.60231851,50.341832,-113.7670372
629,FLYING J #850,TCH-16,Edmonton,AB,80,4.39722401,53.5706106,-113.6124509
689,FLYING EAGLE,"I-235, EXIT 4",Wichita,KS,570,3.499,37.680502,-97.426535
692,BP,US-63,Ottumwa,IA,489,3.399,40.94313,-92.408629
672,CROWN POINT TRUCK STOP,"I-295/US-130,EXIT 22",Thorofare,NJ,150,3.549,39.854884950842,-75.164714672214
769,AYERCO #26,US-61/US-136,Alexandria,MO,345,3.01566666,40.364311,-91.469076
855,SPEEDWAY #7459,US-41 & SR-137,North Chicago,IL,293,3.289,42.307406,-87.876991
680,TA EXPRESS SUMMIT,"I-29, EXIT 207 & US-12",Summit,SD,566,3.20566666,45.31109,-97.04659
855,SPEEDWAY #7459,US-41 & SR-137,North Chicago,IL,293,3.499,42.307406,-87.876991
815,Kwik Trip #1508,"US-18/SR-151, EXIT 58",Barneveld,WI,420,3.489,43.00885,-89.901273
684,7-ELEVEN #35101,"I-86/SR-17, EXIT 16",Randolph,NY,38,4.499,42.158702,-78.99108
863,Ocean Fuel,US-301/SR-73,Sylvania,GA,195,3.499,32.81574,-81.624382
855,SPEEDWAY #7459,US-41 & SR-137,North Chicago,IL,293,3.379,42.307406,-87.876991
739,Arco #364420,US-23,Greenup,KY,255,3.649,38.56781,-82.830636
908,CIRCLE K #2704888,"I-65, EXIT 246 & SR-119",Pelham,AL,615,3.46566666,33.337068,-86.781402
912,PETRO STOPPING CENTER #319,"I-20/59,  EXIT 100",Mc Calla,AL,615,3.12566666,33.2795185,-87.0919973
748,QUIKTRIP #4231,US-85,Evans,CO,800,3.17233333,40.38511,-104.689509
936,CASEYS #4254,"I-40, EXIT 129",Conway,AR,695,3.03233333,35.011387991053,-92.405518248608
970,CIRCLE K #2702885,"I-17/SR-60, EXIT 199A",Phoenix,AZ,930,3.39233333,33.843233,-112.138689
906,PILOT TRAVEL CENTERS #429,"I-40, EXIT 280",West Memphis,AR,435,3.499,35.1541656,-90.1381586
981,STINKER #85,"I-15, EXIT 93",Blackfoot,ID,825,3.53233333,43.1887192,-112.3450169
977,PILOT TRAVEL CENTER #328,"I-10, EXIT 17",Quartzsite,AZ,930,3.959,33.6613604,-114.2357541
906,PILOT TRAVEL CENTER #429,"I-40, EXIT 280",West Memphis,AR,435,3.291,35.1541656,-90.1381586
982,CIRCLE K #2701948,"I-8, EXIT 7 & SR-195",Yuma,AZ,900,3.56566666,32.667484,-114.443805
977,PILOT TRAVEL CENTERS #328,"I-10, EXIT 17",Quartzsite,AZ,930,3.959,33.6613604,-114.2357541
1028,FOUR STATES TRUCK STOP,"I-495, EXIT 4 & SR-9",New Castle,DE,243,3.449,39.701783244233,-75.544303116052
1028,FOUR STATES TRUCK STOP,"I-495, EXIT 4 & SR-9",New Castle,DE,243,3.399,39.701783244233,-75.544303116052
1042,Union 76,US-441 & SR-100A,Lake City,FL,75,3.56233333,28.587939926317,-81.8932996773
1043,ONE9 #1401,I-75 EXIT 414  & US-41,Lake City,FL,75,3.259,30.189514681645,-82.639315250167
1075,PILOT TRAVEL CENTERS #68,"I-16 /SR-404, EXIT 51 & US-441",Dublin,GA,85,3.399,32.486279806431,-82.937182073052
1043,SHELL DBA ONE9 #1401,I-75 EXIT 414  & US-41,Lake City,FL,75,3.244,30.189514681645,-82.639315250167
1047,TA MARIANNA TRAVEL CENTER,"I-10/SR-8, EXIT 142 & SR-71",Marianna,FL,20,3.60733333,30.718719,-85.183765
1075,PILOT TRAVEL CENTER #68,"I-16 /SR-404, EXIT 51 & US-441",Dublin,GA,85,3.43233333,32.486279806431,-82.937182073052
1128,TA CHICAGO NORTH TRAVEL CENTER,"I-94/US-41, EXIT 1",Wadsworth,IL,444,3.879,42.483546,-87.950546
1106,CIRCLE K #2705367,"I-20, EXIT 172",Thomson,GA,16,3.399,33.504872,-82.502389
1132,SPEEDWAY #7423,"I-57, EXIT 83",Ina,IL,293,3.249,38.154493,-88.90962
1112,BC AMPRIDE TRUCK PLAZA,US-59/SR-141,Denison,IA,527,3.399,42.023822,-95.371261
1115,KWIK STAR #704,SR-57/SR-14,Parkersburg,IA,565,3.58233333,42.570347,-92.783459
1121,TRAVELERS OASIS,"I-84, EXIT 182",Eden,ID,787,3.799,42.575046,-114.297012
1149,PILOT TRAVEL CENTERS #30,"I-70, EXIT 96",Greenfield,IN,375,3.959,39.8216312,-85.916081
1128,TA CHICAGO NORTH TRAVEL CENTER,"I-94/US-41, EXIT 1",Wadsworth,IL,444,3.819,42.483546,-87.950546
1136,PILOT TRAVEL CENTER #171,"I-74, EXIT 206",Oakwood,IL,280,3.399,40.12383,-87.77948
1151,SPEEDWAY #8061,"I-70, EXIT 115 & SR-109",Knightstown,IN,375,3.759,39.842906,-85.559029
1128,TA CHICAGO NORTH TRAVEL CENTER,"I-94/US-41, EXIT 1",Wadsworth,IL,444,3.779,42.483546,-87.950546
1136,PILOT TRAVEL CENTER #171,"I-74, EXIT 206",Oakwood,IL,280,3.599,40.12383,-87.77948
1156,CIRCLE K #4700028,"I-74/US-421, EXIT 116 & SR-44",Shelbyville,IN,375,3.599,39.52711,-85.733181
1128,TA CHICAGO NORTH TRAVEL CENTER,"I-94/US-41, EXIT 1",Wadsworth,IL,444,3.769,42.483546,-87.950546
1140,CIRCLE K #4701398,"I-55, EXIT 82 & SR-104",Divernon,IL,280,3.499,39.5905935,-89.6529198
1157,One9 #297,"I-70, EXIT 11 & SR-46",Terre Haute                             ,IN,510,3.43566666,39.465307690583,-87.416856311119
1136,PILOT TRAVEL CENTER #171,"I-74, EXIT 206",Oakwood,IL,280,3.499,40.12383,-87.77948
1158,PILOT TRAVEL CENTERS #36,US-30  & SR-49,Valparaiso,IN,365,3.869,41.44834,-87.010405
1149,PILOT TRAVEL CENTER #30,"I-70, EXIT 96",Greenfield,IN,375,3.959,39.8216312,-85.916081
1158,PILOT TRAVEL CENTER #36,US-30  & SR-49,Valparaiso,IN,365,3.859,41.44834,-87.010405
1179,PILOT TRAVEL CENTERS #399,"I-65, EXIT 105",Lebanon Junction,KY,415,3.609,37.8273049,-85.7237305
1154,CIRCLE K #2704691,SR-71 & CR-214,Cedar Creek,TX,595,3.199,30.176065,-97.526962
1176,PILOT TRAVEL CENTERS #353,"I-75, EXIT 129",Georgetown,KY,410,3.20566666,38.2757378,-84.5539898
1163,SHORT STOP #13,US-54,Emporia,KS,553,2.839,38.423139,-96.216297
1202,ONE9 #290,"I-95, EXIT 93 & SR-222",Perryville,MD,22,3.599,39.558419,-76.074926
1196,SOUTHERN BELLE TRUCK STOP,US-61 & SR-964,Saint Francisville,LA,725,3.384,30.748163,-91.294176
1208,D AVENUE FUEL PLAZA,US-131,Kalamazoo,MI,465,3.499,42.376807,-85.651329
1204,PETRO STOPPING CENTER #321,"I-70 & I-57, EXIT 159",Effingham,IL,574,3.549,39.118908,-88.572506
1199,ALLTOWN MARKETS #306,"I-190, EXIT 7",Leominster,MA,178,3.68233333,42.493722,-71.726825
1204,PETRO STOPPING CENTER #321,"I-70 & I-57, EXIT 159",Effingham,IL,574,3.399,39.118908,-88.572506
1210,ROADHAWK TRAVEL CENTER,"I-94, EXIT 56 & SR-51",Paw Paw                                 ,MI,465,3.559,42.197656,-85.966976
1204,PETRO STOPPING CENTER #321,"I-70 & I-57, EXIT 159",Effingham,IL,574,3.349,39.118908,-88.572506
1234,Lamar Travel Plaza,US-71 & US-160,Lamar,MO,416,3.199,37.492189,-94.2975
1204,PETRO STOPPING CENTER #321,"I-70 & I-57, EXIT 159",Effingham,IL,574,3.439,39.118908,-88.572506
1247,SNAPPY MART #11,US-63 & SR-14,West Plains,MO,535,3.299,36.795443,-91.896589
1208,D AVENUE FUEL PLAZA,US-131,Kalamazoo,MI,465,3.099,42.376807,-85.651329
1251,MAPCO #3009,US-72,Corinth,MS,435,3.154,34.912605,-88.499144
1210,ROADHAWK TRAVEL CENTER,"I-94, EXIT 56 & SR-51",Paw Paw                                 ,MI,465,3.599,42.197656,-85.966976
1256,DOUBLE QUICK #89,US-82/US-278,Greenville,MS,655,3.25566666,33.409691,-91.037138
1217,KWIK TRIP #250,"I-90, EXIT 179",Austin,MN,515,3.374,43.6758916,-92.9536384
1315,CIRCLE K #2720218,US-421 BUS & US-15/US-501/US-1,Sanford,NC,177,3.08233333,35.332776,-79.046109
1333,PUMP & PANTRY #15,US-30,Grand Island,NE,330,3.30733333,40.911546,-98.377977
1218,CASEYS #3658,SR-210,Pillager,MN,522,3.299,46.325696,-94.477489
1342,Delta,"I-80, EXIT 47B",Fairfield,NJ,115,3.20233333,40.86557,-74.317047
1325,SCOTCHMAN #3303,US-421 & US-74,Wilmington,NC,245,3.629,34.252732,-77.956529
1225,AYERCO #35,US-61 & US-61 BUS,Bowling Green,MO,494,3.01566666,39.33219,-91.17864
1340,BORDENTOWN VALERO,"NJ TNPK, EXIT 7 & US-206",Bordentown,NJ,230,3.499,40.177645979752,-74.70386479159
1236,AYERCO #44,US-36 & US-24,Palmyra,MO,494,3.01566666,39.692192,-91.509189
1364,7- ELEVEN #40507,"I-80/I-90, MM 56 WB",Rolling Prairie,IN,465,3.98233333,41.705663,-86.621276
1344,BOLLA TRUCK STOP #193,US-202 & SR-17,Mahwah,NJ,115,3.53233333,41.093988,-74.145079
1240,TEMP STOP #103,US-65,Sedalia,MO,400,3.199,38.671322,-93.250664
1384,SUNOCO,"I-80/I-90, EXIT 13 & US-20ALT/SR-15",Montpelier,OH,550,3.41566666,41.608446,-84.556182
1348,GLOBAL,SR-73,Palmyra,NJ,150,3.359,40.00405,-75.021755
1265,JOE JOES TRAVEL CENTER,US-78 & RED BANKS RD S,Red Banks,MS,435,2.97233333,34.82809,-89.566361
1391,ONCUE EXPRESS #2045,"I-35, EXIT 203 & SR-15",Billings,OK,500,3.21566666,36.535103,-97.442856
1376,FUEL MART #782,"I-75, EXIT 118",Lima                                    ,OH,411,3.08566666,40.654118,-84.133585
1304,LOVES TRAVEL STOP #667,"I-85, EXIT 152",Mebane,NC,65,3.94733333,36.067417,-79.313953
1395,DOMINO FOOD AND FUEL #1,"I-40, EXIT 66",Clinton                                 ,OK,483,3.099,35.49046,-98.96769
1379,TA LODI TRAVEL CENTER,"I-71, EXIT 209 & I-76/US-224, EXIT 1",Seville,OH,305,3.739,41.0297032,-81.9068545
1326,SPEEDWAY #7949,US-301/US-264 ALT & CR-1674,Wilson,NC,205,3.199,35.714967,-77.894647
1404,ONE9 #339,"I-74, EXIT 4 & SR-63",Covington,IN,375,3.26233333,40.135277542914,-87.39921628968
1424,GETTYSBURG TRAVEL PLAZA,US-15 & SR-394,Gettysburg,PA,70,3.899,39.890541,-77.183065
1356,LOVES TRAVEL STOP #257,"I-40 & HORIZON, EXIT 79",Milan,NM,580,3.59066666,35.183319,-107.899761
1428,CIRCLE K #4702408,"I-65, EXIT 168 & SR-38/SR-25",Lafayette,IN,375,3.43233333,40.37357,-86.779715
1432,KWIK FILL #259,"I-81, EXIT 57",Mechanicsburg                           ,PA,70,4.049,40.246298,-77.018623
1372,PILOT TRAVEL CENTER #469,"I-77, EXIT 101 & SR-627",Canton,OH,249,3.62233333,40.750023,-81.403825
1453,EXPRESS STOP,US-278/SR-101/SR-6 & SR-113,Rockmart,GA,193,3.319,34.011326,-85.028286
1445,PILOT TRAVEL CENTERS #402,"I-80, EXIT 367",Cheyenne,WY,795,3.709,41.135919,-104.707315
1414,SAC SHOP #507,"I-70, EXIT 12/161",Breezewood                              ,PA,14,4.099,39.996383,-78.242435
1461,CIRCLE K #2705370,"I-26, EXIT 15 & US-176",Inman,SC,210,3.099,35.027261,-82.032484
1455,PETRO FLORENCE,"I-95, EXIT 169",Florence,SC,46,3.32566666,34.195772,-79.761968
1444,PILOT TRAVEL CENTERS #346,"I-20, EXIT 92 & US-601",Lugoff,SC,135,3.43233333,33.4170118,-80.6664044
1464,CIRCLE K #2723254,"I-20, EXIT 55 & SR-6",Lexington,SC,135,3.199,33.861428,-81.202631
1470,CIRCLE K #2705348,US-1,Beech Island,SC,135,3.159,33.488001,-81.926243
1447,HOT SPOT #3005,US-221,Chesnee,SC,210,3.199,35.151454,-81.859789
1531,CircleK #4702365,"I-74, EXIT 112 & SR-9",Shelbyville,IN,375,3.509,39.522942,-85.775886
1479,TA SPARTANBURG TRAVEL CENTER,"I-85, EXIT 63 & SR-290",Duncan,SC,210,3.43233333,34.938906,-82.148224
1487,ROADRUNNER MARKET #6019,"I-81, EXIT 36 NORTH",Greeneville                             ,TN,405,3.499,36.327081,-82.835672
1555,SEIBERT TRAVEL PLAZA,"I-70, EXIT 405 & SR-59",Seibert,CO,800,3.499,39.292281,-102.875232
1507,CIRCLE K #4703941,"I-55, EXIT 5A",Memphis,TN,435,3.189,35.20437,-89.858587
1492,MAPCO #3538,"I-24, EXIT 174",Chattanooga,TN,285,2.899,35.01425,-85.23045
1560,CATTREZ,US-20 & SR-5,Irving,NY,38,2.899,42.563538,-79.113292
1516,LOVES TRAVEL STOP #261,I-27 EXIT 116,Amarillo,TX,585,3.23233333,35.19198,-101.760994
1560,CATTREZ,US-20 & SR-5,Irving,NY,38,2.999,42.563538,-79.113292
1562,I MART #108,"I-40, EXIT 108",Wildersville                            ,TN,435,3.099,35.793329,-88.391772
1533,YESWAY #1157,US-62,Brownfield,TX,700,2.99233333,33.179224,-102.276235
1582,LOVES TRAVEL STOP #250,I-40 EXIT 60,Amarillo,TX,585,3.314,35.19198,-101.760994
1596,FLYING J #305,"I-40, EXIT 39",Jamestown,NM,580,3.44233333,35.4810121,-108.4335792
1546,SHELL,"I-35, EXIT 86 & SR-85",Dilley,TX,740,3.099,28.667501,-99.184426
1599,ONVO TRAVEL PLAZA,"I-81, EXIT 10",Mc Graw,NY,220,3.459,42.587719,-76.130448
1599,ONVO TRAVEL PLAZA,"I-81, EXIT 10",Mc Graw,NY,220,3.439,42.587719,-76.130448
1548,TOOT N TOTUM #107,US-287,Dumas,TX,585,3.03233333,35.847673,-101.972846
1606,DONNAS TRAVEL PLAZA,"I-5, EXIT 202",Marysville,WA,962,4.559,48.099483,-122.18846
1618,GO MART FOOD STORE #33,US-33,Ripley                                  ,WV,44,3.499,38.760907,-81.693956
1552,STRIPES #40911,US-59 & SR-16,Freer,TX,625,3.099,27.883058,-98.618387
1621,CIRCLE K #2709337,"I-65, EXIT 262B",Birmingham                              ,AL,615,3.489,33.551342,-86.783881
1567,KUM & GO #4110,"I-235, EXIT 11",Des Moines,IA,320,3.02733333,41.615759,-93.57875
1625,PILOT TRAVEL CENTERS #60,"I-26, EXIT 159",Bowman                                  ,SC,42,3.43233333,33.4170118,-80.6664044
1579,FLYING J TRAVEL PLAZA #924- TOWN PUMP,"I-15, EXIT 122 & I-90 MM220",Butte                                   ,MT,816,3.56566666,46.008372,-112.608707
1585,Stripes 7Fleet #42498,US-385 & CR-1910,Andrews,TX,710,3.369,32.306563,-102.543458
1644,ALLSUPS CONVENIENCE STORE #2414,"I-20, EXIT 235",Roscoe,TX,575,2.929,32.434942,-100.535442
1590,ROAD RANGER #240,"I-80 & I-94, EXIT 15-A",Lake Station,IN,365,3.559,41.579003,-87.23949
1646,SPEEDWAY #8310,US-6  & US-31,Plymouth,IN,465,3.609,42.303001,-83.704984
1597,7-ELEVEN #36156,"I-70 & SR-519, EXIT 25/333",Eighty Four,PA,165,4.999,40.181717,-80.133072
1653,ROAD RANGER #187,"I-55, EXIT 289",Chicago,IL,520,3.569,41.831303,-87.694527
1647,SPEEDWAY #8305,US-41 & SR-312,Hammond,IN,290,3.76566666,39.787242,-86.251949
1602,CIRCLE K #2723387,US-98,Beaumont,MS,620,3.56566666,31.126882,-88.85106
1661,CHEVRON,"I-20, EXIT 101 & SR-151",Calhoun,LA,590,3.159,32.520433,-92.364164
1653,ROAD RANGER #187,"I-55, EXIT 289",Chicago,IL,520,3.599,41.831303,-87.694527
1610,TA BALTIMORE TRAVEL CENTER,"I-95, EXIT 57",Baltimore                               ,MD,22,4.759,39.27733,-76.548772
1669,BETTY BEAVERS TRUCKSTOP,"I-90, EXIT 28",Fultonville,NY,12,3.149,44.281757,-73.538671
1622,RACEWAY #6973,US-380 & SR-114/SR-101,Bridgeport,TX,630,2.78233333,33.224322,-97.76856
1669,BETTY BEAVERS TRUCKSTOP,"I-90, EXIT 28",Fultonville,NY,12,3.189,44.281757,-73.538671
1699,ALLENS FOOD MART280,US-280/US-231/SR-53/SR-38 & CR-8/CR-34,Sylacauga,AL,615,3.799,33.159460487291,-86.262480025893
1623,SAPP BROS TRAVEL CENTER,"I-70 & I-270, EXIT 278",Commerce City,CO,800,3.389,39.784843,-104.904717
1671,LOVES TRAVEL STOP #412,"I-95, EXIT 77",Dunn,NC,205,3.699,35.3398081,-78.5568762
1632,PILOT TRAVEL CENTERS #266,"I-10, EXIT 139 & SR-292",Las Cruces                              ,NM,640,3.19066666,32.2965696,-106.8102811
1672,HANA TRAVEL PLAZA,"I-40,  EXIT 77",Amarillo,TX,585,2.899,35.193622,-101.706504
1633,7-ELEVEN #36302,"I-35, EXIT 144",Von Ormy,TX,740,3.109,29.3080969,-98.6143114
1749,HIGHWAY 96 FUEL STOP,US-96 & SR-62/FM-1004,Buna                                    ,TX,610,3.149,30.443522,-93.968954
1773,M-46 AUTO TRUCK PLAZA,"US-131, EXIT 120 & SR-46",Howard City,MI,344,3.099,43.42512,-85.4748
1634,PILOT TRAVEL CENTERS #40,"I-94, EXIT 322",Oak Creek,WI,444,3.889,42.871846,-87.944315
1753,PWI #169,"I-35/US-77, EXIT 359 & CR-1304",Abbott,TX,765,2.899,31.884631,-97.076127
1810,KENT KWIK #804,US-83,Perryton,TX,585,2.999,36.374966,-100.803196
1654,CEFCO #3,US-77/US190/SR-36,Cameron,TX,670,2.989,30.867456,-96.973101
1773,M-46 AUTO TRUCK PLAZA,"US-131, EXIT 120 & SR-46",Howard City,MI,344,3.199,43.42512,-85.4748
1832,CORNER FUEL CENTER,US-49,Hattiesburg,MS,620,3.299,31.1870137,-89.2509071
1670,Petro Stopping Center #54,"I-44, EXIT 4 & SR-3",Joplin,MO,277,3.449,37.0071912,-94.5520785
1773,M-46 AUTO TRUCK PLAZA,"US-131, EXIT 120 & SR-46",Howard City,MI,344,3.599,43.42512,-85.4748
1700,TOPPS FUEL STOPS,US-259/SR-49,Daingerfield,TX,723,3.109,33.034134,-94.725374
1791,PILOT TRAVEL CENTERS #257,"I-20, EXIT 126 & FM-1788",Midland                                 ,TX,710,3.56566666,31.9149552,-102.2153823
1859,GO MART FOOD STORE #44,"I-79, EXIT 67 & US-19/SR-4",Sutton,WV,44,3.559,38.667664,-80.717871
1720,TOOT N TOTUM #120,US-54 & S WESTERN AVE,Liberal,KS,585,3.01566666,37.05387,-100.940169
1829,PILOT TRAVEL CENTER #96,"SR- 60 & FL TURNPIKE, EXIT 193",Okeechobee,FL,143,3.699,27.698753,-80.9020724
1861,PETRO STOPPING CENTER #315,"I-40, EXIT 66",Kingman,AZ,910,3.899,35.176591,-113.785949
1807,LOVES TRAVEL STOP #229,I-40 EXIT 96 & SR-207,Panhandle,TX,585,3.314,35.218753,-101.381964
1849,Stripes #42457,US-67/US-277,San Angelo,TX,740,3.244,31.470289,-100.409963
1866,PRI MART FUEL CENTER,"I-94, EXIT 29",Benton Harbor                           ,MI,465,3.499,42.077809,-86.416243
1829,PILOT TRAVEL CENTERS #96,"SR- 60 & FL TURNPIKE, EXIT 193",Okeechobee,FL,143,3.719,27.698753,-80.9020724
1855,EXIT 76 AUTO TRUCK PLAZA,US-131,Byron Center,MI,344,3.499,42.825656,-85.674833
1873,JDS TRUCKSTOP,"US-12 & US-31, EXIT 3",Niles,MI,465,3.749,41.806613,-86.321152
1834,PUMP N PANTRY #15,"I-20, EXIT 617 & US-59",Marshall,TX,766,2.899,32.488832,-94.358534
1858,FLYING J TRAVEL PLAZA #737,"I-10, EXIT 583",San Antonio                             ,TX,740,3.224,29.446369,-98.362307
1894,CIRCLE K #2741544,"I-37 & SR-72, EXIT 69",Three Rivers,TX,747,3.06566666,28.459862,-98.182061
1866,PRI MART FUEL CENTER,"I-94, EXIT 29",Benton Harbor                           ,MI,465,3.799,42.077809,-86.416243
1860,MR FUEL #278,"I-75/71, EXIT 175 & SR-338",Walton,KY,300,3.019,38.919187,-84.625421
1905,LUCKY TRUCK STOP,US-82,Whitesboro                              ,TX,630,2.88566666,33.673675,-96.885131
1873,JDS TRUCKSTOP,"US-12 & US-31, EXIT 3",Niles,MI,465,3.849,41.806613,-86.321152
1888,STRIPES 7FLEET #42449,US-87,Sterling City,TX,710,3.28066666,31.836065,-100.994392
1921,BELL TRUCK STOP,"I-80, EXIT 146",Park City,UT,835,3.45233333,40.6603153,-111.5094983
1874,CIRCLE K #2744529,US-175,Seagoville,TX,630,2.95066666,32.646605,-96.535294
1889,TOOT N TOTUM #105,US-54 & US-287,Stratford,TX,585,2.96566666,36.3320701,-102.0740374
1923,SCENIC QUIK STOP,"I-70, EXIT 54 & US-89",Salina,UT,835,3.459,38.933475,-111.854352
1879,HOLIDAY STATIONSTORE #3552,"I-35, EXIT 81 & SR-70",Lakeville,MN,448,3.549,44.643305,-93.292948
1909,RALLYSTOP #1,"I-15, EXIT 62",Cedar City,UT,791,3.459,37.724896,-113.057161
1930,CASEYS #3058,"I-35, EXIT 19 & US-160 E",Wellington,KS,570,3.299,37.2716759,-97.402089
1893,MIKE MCDONALD TRUCK STOP,"I-20, EXIT 509",Terrell                                 ,TX,637,2.87066666,30.148060803286,-102.410072983651
1934,CIRCLE K #2723710,"I-77, EXIT 24",Austinville,VA,185,3.24066666,36.850666,-80.863608
1944,LOVES TRAVEL STOP #399,"I-77, EXIT 1 & SR-620",Lambsburg,VA,65,3.589,36.5861013,-80.7614019
1897,YESWAY #1077,"I-20/US-84, EXIT 278",Tye,TX,575,2.87566666,32.457685,-99.867843
1940,7-ELEVEN #40063,"I-81, EXIT 98 & SR-100",Dublin,VA,65,3.199,37.103201580481,-80.69013899714
1950,7-ELEVEN #34515,"I-81, EXIT 205",King George,VA,180,3.399,38.339903,-77.073844
1914,LOVES TRAVEL STOP #792,"I-70, EXIT 160",Green River,UT,835,3.709,38.995501,-110.162145
1944,LOVES TRAVEL STOPS #399,"I-77, EXIT 1 & SR-620",Lambsburg,VA,65,3.589,36.579478,-80.740593
1953,FAS MART #3555,"I-64, EXIT 136 & US-15",Gordonsville,VA,180,3.699,38.142568,-78.188966
1931,RBS ONE STOP,"I-15, EXIT 320",Woods Cross                             ,UT,835,3.459,40.883765,-111.89822
1956,PILOT TRAVEL CENTER #4642,"I-81, EXIT 291",Toms Brook,VA,60,3.659,38.966801,-78.438441
1954,Joe's Kwik Mart #8409,US-58 & CR-645,Suffolk,VA,130,3.03233333,36.721876,-76.639059
1936,QUICK STOP MARKET #36,"I-81, EXIT 10 & US-11",Bristol,VA,185,3.399,36.598795,-82.203425
1958,SPEEDWAY #4618,"I-81 & I-77, EXIT 77",Wytheville,VA,185,3.41233333,36.936135,-80.994142
1960,MAPLEWOOD IRVING,"I-89, EXIT 7",Montpelier                              ,VT,170,3.699,44.24915720208,-72.52718962381
1951,CIRCLE K #2723713,"I-81, EXIT 205",Staunton,VA,185,3.38566666,38.077351,-79.089192
1983,KWIK TRIP #427,"US-53, EXIT 110 & SR-40",Bloomer,WI,295,3.41566666,45.10035,-91.508755
1962,SUPER QUIK,"I-64, EXIT 172 & SR-1/SR-7",Grayson,KY,255,3.799,38.348476,-82.94202
2020,BFS FOODS #72,"I-68, EXIT 23 & SR-26",Bruceton Mills,WV,165,3.499,39.655737,-79.639352
1985,Camp Douglas BP,"I-90 & I-94, EXIT 55",Camp Douglas                            ,WI,420,3.154,43.9235,-90.2805
1976,One9 #963,"I-90, EXIT 276",Spokane                                 ,WA,970,3.989,47.484187384533,-117.579197449009
2021,GO MART FOOD STORE #59,"I-64, EXIT 15 & US-60",Huntington,WV,255,3.499,38.387779,-82.457265
2000,RIVER CITY TRAVEL PLAZA,US-41,Marinette,WI,360,3.399,45.122170560559,-87.764993369578
1976,One9 #963,"I-90, EXIT 276",Spokane                                 ,WA,970,3.959,47.484187384533,-117.579197449009
2022,GO MART FOOD STORE #86,"I-79, EXIT 40 & SR-16",Ivydale                                 ,WV,44,3.599,38.59275,-81.043366
2002,KWIK TRIP #222,US-53/US-2,Superior,WI,334,3.339,46.698029,-92.035851
1977,GEE CEES TRUCK STOP,"I-5, EXIT 57",Toledo,WA,977,3.839,46.3917502,-122.9052995
2034,TA CHEYENNE TRAVEL CENTER,"I-80, EXIT 377 & SR-217/CR-140",Cheyenne,WY,795,3.699,41.14024,-104.818802
2029,HOMAX SERVICE,"I-25, EXIT 188",Mills                                   ,WY,790,3.169,42.875315646436,-106.42551729165
2009,KWIK TRIP #139,"I-43, EXIT 120 & CR-V/CR-OK",Sheboygan,WI,444,3.29066666,43.762367,-87.723299
2040,Fast Stop Travel Centers #1133,"I-25, EXIT 126 & US-18/20",Douglas,WY,790,3.499,41.251104,-110.940066
2074,STRIPES #40522,"I-10, EXIT 550",San Antonio,TX,740,3.059,29.350873,-98.460622
2030,GHOST TOWN FUEL STOP,US-26/US-20,Casper,WY,790,3.429,42.875735,-106.425047
2041,PINE BLUFFS SINCLAIR,"I-80, EXIT 401 & US-30",Pine Bluffs,WY,795,3.699,41.183607,-104.068197
2087,LWS TRUCK STOP,SR-30,Logan,UT,835,3.42566666,41.735096,-111.860634
2044,One9 #1251,"I-80, EXIT 173",Wamsutter,WY,795,3.499,41.673042,-107.979325
2089,FLYING J TRAVEL PLAZA #774,"I-84, EXIT 7",Snowville                               ,UT,835,3.749,39.687072,-111.834716
2115,KWIK TRIP #838,SR-23/SR-33,Reedsburg,WI,420,3.194,43.532268,-90.016307
2076,ALLSUPS CONVENIENCE STORE #2159,US-283 BUS/US-277 BUS & SR-422,Seymour,TX,770,3.299,33.585152,-99.260784
2144,Mountain View Truck Stop,US-15,Thurmont,MD,60,4.099,39.619388134455,-77.397879419177
2152,SPEEDWAY #4709,"I-90, EXIT 102",Fairmont,MN,425,3.299,43.655383,-94.447929
2078,ALLSUPS CONVENIENCE STORE #2366,US-84 & CR-3300,Slaton                                  ,TX,700,2.969,33.449097,-101.664667
2167,PILOT TRAVEL CENTERS #134,"I-94, EXIT 171 (CR 75)",Saint Cloud,MN,451,3.28733333,45.496141,-94.148025
2084,Main Street Market #112,"I-20, EXIT 73",Wickett,TX,710,2.879,31.56023,-102.996184
2182,PILOT TRAVEL CENTER #4649,"I-64 & I-81, EXIT 205",Raphine,VA,185,3.659,37.93214,-79.23193
2219,PILOT TRAVEL CENTERS #66,"I-85, EXIT 129",Braselton,GA,16,3.27233333,34.119288,-83.76252
2088,FLYING J TRAVEL PLAZA #773,"I-70, EXIT 40",Richfield                               ,UT,835,3.699,39.687072,-111.834716
2196,Certified Oil #400410,I-76 EXIT 43,Ravenna,OH,249,3.31566666,41.104622,-81.153763
2223,PO JOS GAS N GO,"I-16 SR-404, EXIT 116 & US-301/SR-73",Register,GA,195,3.23233333,32.311911,-81.875854
2125,BIG D #44,"I-80, EXIT 311 & SR-130",Laramie,WY,795,3.249,41.309272,-105.557878
2204,NATURAL BRIDGE SHELL,US-278 & SR-5,Lynn,AL,615,3.68233333,37.665589,-79.508846
2227,SPEEDWAY #7448,SR-59,Naperville,IL,293,3.359,41.764367,-88.185817
2192,GO MART FOOD STORE #51,US-19/SR-129,Mount Nebo                              ,WV,44,3.599,38.21213,-80.850437
2209,Roadrunner #471,"I-40/US-65, EXIT 142 & SR-365",North Little Rock,AR,695,3.03233333,34.792757,-92.399449
2267,Circle K #4703917,"I-65, EXIT 112 & SR-25",Cross Plains,TN,460,2.949,36.529749,-86.64801
2194,A AND A TRUCKSTOP,US-35 & CR-41,Jackson,OH,315,3.799,38.996498,-82.553129
2231,QUIKTRIP #605,"I-270, EXIT 33",Saint Louis,MO,540,2.899,38.602331,-90.230031
2219,PILOT TRAVEL CENTER #66,"I-85, EXIT 129",Braselton,GA,16,3.27233333,34.119288,-83.76252
2227,SPEEDWAY #7448,SR-59,Naperville,IL,293,3.299,41.764367,-88.185817
2336,FLYING J TRAVEL PLAZA #754,"I-77 & I-81, EXIT 77",Wytheville,VA,185,3.549,36.9364176,-80.9926583
2255,S&G #36,"I-280, EXIT 2 & SR-795",Millbury,OH,550,3.49233333,41.559235,-83.464233
2306,SCOTCHMAN #3894,"I-77, EXIT 73 & SR-901",Rock Hill,SC,210,3.079,34.853249,-81.007421
2340,RSTORE #4478,SR-8 & SR-13,Prentice,WI,395,3.039,45.548222,-90.313091
2283,CIRCLE K #2707321,SR-60,Bartow,FL,225,3.52233333,27.915641,-81.718635
2602,PILOT TRAVEL CENTERS #9,"I-75, EXIT 36",Franklin,OH,407,3.35233333,39.54207,-84.29126
2311,SHELL,"I-24 & EPPS MILL RD, EXIT 89",Christiana                              ,TN,460,3.13233333,35.72075,-86.321714
2287,SAC SHOP #511,"I-76/I-70, EXIT 146 & I-99/US-220 EXIT 1",Bedford,PA,14,4.099,40.026278,-78.447453
2629,PILOT TRAVEL CENTERS #253,"I-295 & NJ TRNPK,  EXIT 2B",Penns Grove,NJ,243,3.989,39.6813024,-75.4792956
2640,LITTLE NASHVILLE,"I-64, EXIT 50 & SR-127",Nashville,IL,540,3.299,39.206902,-86.2468132
2557,PWI #106,"I-30, EXIT 77B",Royse City,TX,630,2.899,32.975137,-96.332466
2635,FLYING J #584,"I-5, EXIT 278",Aurora,OR,935,3.859,45.23313,-122.80988
2644,FREDERICKS TRAVEL CENTER,"I-25/US-87, EXIT 235 & SR-52",Erie,CO,800,3.499,40.087037,-104.98379
2310,MAPCO #3686,"I-24, EXIT 175",Chattanooga,TN,285,2.889,35.01425,-85.23045
2638,PIT STOP TRAVEL CENTER,US-789,Riverton                                ,WY,790,4.399,43.032509,-108.380042
2756,PAR MAR FOOD STORE #89,"I-77/SR-2, EXIT 170 & SR-14 E",Mineral Wells,WV,430,3.499,39.19035,-81.53207
2331,PINNERS POINT,SR-135,Portsmouth,VA,130,3.499,36.85543,-76.32355
2640,LITTLE NASHVILLE,"I-64, EXIT 50 & SR-127",Nashville,IL,540,3.399,39.206902,-86.2468132
2764,LOVES TRAVEL STOP #046,US-64/54 & SR-94,Hooker,OK,585,3.56233333,36.8593229,-101.2087311
2623,TA JANESVILLE TRAVEL CENTER,"I-90/I-39, EXIT 171B & US-14",Janesville,WI,420,3.299,42.714375,-88.979281
2788,JIFFY MART #451,"I-91, EXIT 17 & SR-302",Wells River,VT,39,3.569,44.149973,-72.065123
2772,PILOT TRAVEL CENTER #29,"I- 80, EXIT 144; I-69, EXIT 357",Fremont                                 ,IN,465,3.899,41.7433562,-84.9996781
2626,WEST END SINCLAIR,"I-80, EXIT 211",Rawlins,WY,838,3.319,41.802722,-107.218754
2779,Stinker #121,I-84 & EXIT 208,Heyburn,ID,787,3.56066666,42.552929,-113.756775
2761,PONY EXPRESS SERVICE CENTER,US-36 & SR-148,Hanover,KS,316,2.95566666,39.842459491846,-96.806439271572
2862,TA TALLULAH TRAVEL CENTER,"I-20, EXIT 171 & US-65",Tallulah,LA,760,3.209,32.406933,-91.188723
2807,SUDDEN SERVICE #25,"I-24, EXIT 11",Clarksville,TN,460,3.30733333,36.514429,-87.296267
2765,LOVES TRAVEL STOP #023,US-50 & US-287,Lamar,CO,525,3.46233333,38.095931,-102.620283
2883,PILOT TRAVEL CENTER #293,"I-75, EXIT 341 & CR-484",Ocala                                   ,FL,140,3.41233333,29.024561,-82.159121
2811,KWIK FILL #22,"I-90, EXIT 40 & SR-34/SR-31",Weedsport,NY,220,3.899,43.051253,-76.562485
2772,PILOT TRAVEL CENTERS #29,"I- 80, EXIT 144; I-69, EXIT 357",Fremont                                 ,IN,465,3.899,41.7433562,-84.9996781
2883,PILOT TRAVEL CENTERS #293,"I-75, EXIT 341 & CR-484",Ocala                                   ,FL,140,3.359,29.024561,-82.159121
2848,TA TONOPAH TRAVEL CENTER,"I-10, EXIT 103",Tonopah,AZ,930,3.939,33.493688,-112.936942
2805,Fast Stop Travel Centers #1145,"I-15,  EXIT 31",Downey,ID,825,3.799,42.661313,-112.204412
2885,SP Truckstop & Travel Center,US-84/SR-38,Bainbridge,GA,20,3.599,30.929228,-84.627167
2851,SPEEDWAY #2958,"I-8, EXIT 12",Yuma,AZ,900,3.479,32.673185,-114.444638
2817,Chevron #382354,"I-5/US-12, EXIT 72",Chehalis,WA,977,4.299,46.648785,-123.011278
2896,NORTH LEWISTON DYNAMART,US-12 & SR 128,Lewiston,ID,970,3.669,46.42691,-117.006012
2864,KUM & GO #0493,I-49 BUS/SR-59,Neosho,MO,535,3.059,36.91230885629,-94.261299431031
2889,MOULTON COWBOYS,SR-157,Moulton                                 ,AL,615,3.099,34.480192,-87.272947
2910,FLYING J TRAVEL PLAZA #685,"I-29 & I- 94, EXIT 349",Fargo                                   ,ND,341,3.569,47.8878784,-97.0928955
2875,CIRCLE K #2744138,"I-25, EXIT 101 & US-50/SR-47",Pueblo,CO,803,3.399,38.246078,-104.580039
2891,PETRO STOPPING CENTER #338,"I-80, EXIT 21",Sparks,NV,966,3.949,39.523216,-119.7078723
2913,ONE9#226,"I-40, EXIT 417 & SR-92",Dandridge,TN,405,3.259,36.016652,-83.415609
2895,EAGLE TRUCK STOP,I-77 EXIT 81,New Philadelphia,OH,249,3.31566666,40.491425,-81.480385
2897,GAS N GO #15,"I-80, EXIT 41",Lyman,WY,827,3.46566666,41.327409,-110.292996
2915,TP TRUCK STOP,"I-15, EXIT 80",Fort Hall                               ,ID,825,3.519,43.0324611,-112.4364929
2917,GOLDYS TRUCK PLAZA,US-29,Rustburg,VA,185,3.519,37.230516,-79.186106
2923,LOVES TRAVEL STOPS #435,"I-95, EXIT 104 & SR-207",Ruther Glen,VA,180,3.589,37.9379122,-77.4658025
2922,LOVES TRAVEL STOP #210,"I-40, EXIT 158",Albuquerque,NM,580,3.52066666,35.064432,-106.784633
2923,LOVES TRAVEL STOP #435,"I-95, EXIT 104 & SR-207",Ruther Glen,VA,180,3.611,37.9379122,-77.4658025
2956,PILOT TRAVEL CENTERS #275,"I-85, EXIT 39 I-77, EXIT 13",Charlotte,NC,46,3.55233333,35.270451,-80.838101
2924,HWY 190 FUEL STOP,US-190,Jasper                                  ,TX,610,3.13233333,30.872969609597,-94.107758905796
2929,TA EXPRESS STEELE,"I-94, EXIT 200 & SR- 3",Steele,ND,390,3.599,46.861715,-99.916414
2967,PETRO STOPPING CENTER #317,"I-57, EXIT 71",Perrysburg,OH,550,3.78566666,41.5355,-83.4664
2926,EXIT 77 TRAVEL PLAZA,"I-81, EXIT 77 & SR-39",Harrisburg,PA,70,3.499,40.354099,-76.728001
2935,CIRCLE K #2726163,"I-295, EXIT 22",Jacksonville,FL,75,3.299,30.288373,-81.633347
2968,E-Z MART #4460,"I-20,  EXIT 124",Monroe,LA,719,3.129,32.493372,-91.989657
2937,FLYING J TRAVEL PLAZA #664,"I-75, EXIT 171",Walton,KY,300,3.08566666,38.857848,-84.625916
3003,CHEVRON,"I-20, EXIT 186",Delta                                   ,LA,760,2.994,32.315731,-90.960561
2977,DISCOUNT FUEL,"I-90, EXIT 150 & SR-73",Kadoka,SD,506,3.229,43.830423,-101.522443
2963,SUPERPUMPER #26,"I-94, EXIT 258 & US-281",Jamestown,ND,390,3.629,46.884075,-98.716209
3022,TA GREENCASTLE TRAVEL CENTER,"I-81, EXIT 5",Greencastle,PA,70,3.959,39.784494,-77.712653
3008,BUSY BEE,"I-10, EXIT 283 & US-129",Live Oak,FL,10,3.779,30.331943,-82.960289
2982,CIRCLE K #2723726,"I-59/I-20, EXIT 52 & US-11/US-43/SR-7",Knoxville,AL,705,3.089,32.988291,-87.788883
3064,PORTS TO PLAINS TRAVEL PLAZA,US-50 & US-287,Lamar,CO,800,3.399,38.116838,-102.63064
3148,YESWAY #1038,US-60 & SR-86,Neosho,MO,307,3.059,36.858215,-94.383379
3030,Mr Ts Riverside,US-412,Cardwell                                ,MO,435,3.199,36.041033,-90.337
3086,SPEEDWAY #4638,US-29,Madison Heights,VA,185,3.49566666,37.45022,-79.121234
3155,QUIK MART #18,US-72/SR-157,Tuscumbia                               ,AL,615,3.00733333,34.698189,-87.633811
3096,HOBO PANTRY #6,US-431/SR-210,Dothan,AL,20,3.959,31.237427,-85.459676
3093,RSTORE #4488,US-51,Merrill,WI,395,3.24066666,45.129182,-89.638274
3164,QUIKTRIP #102,"I-44, EXIT 222A",Tulsa,OK,560,3.039,36.164008,-95.795367
3138,TA EXPRESS #6264,"I-70, EXIT 26 & US-50",Grand Junction,CO,800,4.049,39.065371,-108.569532
3118,MOBIL,"I-87, EXIT 42 & US-11",Champlain,NY,39,3.799,44.98072,-73.460482
3165,LOVES TRAVEL STOP #213,"I-35, EXIT 211",Tonkawa,OK,500,3.584,36.651082,-97.3417522
3163,QUIKTRIP #71,"I-44, EXIT 238",Tulsa,OK,560,3.039,36.061829,-96.002463
3128,TA ATLANTA SOUTH TRAVEL CENTER,"I-75, EXIT 201 & SR-36",Jackson,GA,18,3.334,33.206474,-84.058581
3171,One9 #265,"I-40, EXIT 287 & SR-136",Cookeville,TN,405,3.084,36.165292252598,-85.505254354298
3167,JASPER FOOD MART,US-78,Jasper,AL,615,3.229,33.820374,-87.152697
3139,CHEROKEE TRAVEL MART,"I-40,  EXIT 108",Calumet                                 ,OK,483,3.10566666,35.534903,-98.236662
3176,BP,US-6 & SR-15,New Paris                               ,IN,365,3.65733333,41.448944,-85.844987
3178,ERNIES FUEL STOP #1605,SR-167,Kent,WA,977,4.599,47.304849,-122.31401
3191,BUSY CORNER TRUCK STOP AND MARKET,"I-24, EXIT 105 & US-41/SR-2",Manchester,TN,460,3.049,35.538376,-86.166155
3216,MAXS #124,"I-24, EXIT 86 & US-41",Oak Grove,KY,460,3.04233333,36.64208549617,-87.416983473775
3179,MR FUEL #1020,"I-80 & I-94, EXIT 15B",Lake Station,IN,365,3.56566666,41.588542,-87.239741
3205,CROSSROADS TRUCK STOP STATION,"I-29 & SR 34, MM 109",Colman                                  ,SD,530,3.159,43.979767,-96.762621
3222,POMPANO TRUCK STOP,"I-95, EXIT 36B",Pompano Beach,FL,95,3.759,26.242144,-80.165721
3215,SHELL TRUCKSTOP,"I-4, EXIT 44",Polk City,FL,225,3.449,27.96126744803,-81.603116729023
3206,PERHAM OASIS,US-10 & SR-78,Perham,MN,250,3.499,46.59808,-95.574852
3227,MR FUEL DBA ONE9 #64,"I-26 & US-17, EXIT 199",Summerville,SC,42,3.219,33.038698,-80.142235
3221,Pilot #1440,"US-67, EXIT 55 & US-64/US-167 & SR-367",Bald Knob,AR,695,3.399,35.321649,-91.562303
3281,AMERICAN TRUCK PLAZA,I-80 EXIT 215 & SR-254,Milton,PA,138,3.799,41.011834,-76.846371
3221,Southern Travel Plaza,"US-67, EXIT 55 & US-64/US-167 & SR-367",Bald Knob,AR,695,3.391,35.308358,-91.570768
3284,CASEYS #4390,"I-49/US-71, EXIT 77 & US-160",Lamar,MO,416,3.199,37.493115,-94.272707
3349,QUEEN CITY TRUCK STOP,"I-20 & I-59, EXIT150",Meridian,MS,705,2.939,32.3516771,-88.7388186
3226,ONE9 #245,"I-81, EXIT 77 & SR-39",Harrisburg,PA,70,3.609,40.254322278556,-76.89829582588
3330,TA # 211 GREENLAND TRAVEL CENTER,"I-95, EXIT 3A & US-101",Greenland,NH,34,3.759,43.04398,-70.82367
3227,ONE9 MR FUEL #64,"I-26 & US-17, EXIT 199",Summerville,SC,42,3.219,33.019791,-80.177584
3383,E-Express at Central Truck Stop,"I-35, EXIT 137",Oklahoma City,OK,483,2.879,35.593353,-97.428104
3386,LONGMONT TRUCK STOP,"I-25/US-87, EXIT 240 & SR-119",Longmont,CO,800,3.239,40.1615726,-104.9822653
3230,STRIPES #40815,US-281 & US-285,Falfurrias,TX,625,3.299,27.225765,-98.139963
3401,POPS Mart #333,"I-77, EXIT 48 & SR-200",Winnsboro,SC,46,3.09066666,34.371448,-81.101242
3421,ERNIES TRUCK STOP,"I-5, EXIT 142",Federal Way,WA,977,4.599,47.3151765,-122.3346583
3264,TA WEST MEMPHIS TRAVEL CENTER,"I-40/US-63, EXIT 260 & SR-149",Earle,AR,435,3.36733333,35.274255,-90.468917
3413,COUNTRY GIRL TRUCK STOP,US-167 & SR-156,Winnfield,LA,590,3.319,31.955919,-92.652658
3422,PWI #167,"I-10, EXIT 601",Seguin,TX,740,2.889,29.580791,-97.9685423
3280,OUTPOST TRUCK STOP,US-85 & US-18/US-20,Lusk,WY,790,3.689,42.751418,-104.451188
3418,Par Mar Store #164,"I-79, EXIT 105 & CR-7",Jane Lew,WV,165,3.999,39.102701,-80.390658
3432,PILOT TRAVEL CENTERS #34,"I-65, EXIT 201 & US-231",Remington,IN,365,3.659,40.76626,-87.12463
3297,SAPP BROS TRAVEL CENTER,"I-80, EXIT 370",Cheyenne,WY,795,3.70066666,41.157886,-104.661969
3432,PILOT TRAVEL CENTER #34,"I-65, EXIT 201 & US-231",Remington,IN,365,3.709,40.76626,-87.12463
3460,CHROME TRUCK STOP,US-18 & US-169,Algona,IA,433,3.499,43.083387,-94.23529
3316,TRUCKOMAT OF N LITTLE ROCK,"I-40, EXIT 161 & SR-391",North Little Rock                       ,AR,695,3.249,34.779848,-92.132394
3435,PWI #168,"I-35, EXIT 266 & SR-195",Georgetown,TX,740,2.799,30.6332501,-97.6769775
3464,BOISE PETROLEUM LLC,"I-84,  EXIT 71",Boise,ID,785,3.379,43.610703,-116.252505
3326,MIRABITO #61,"I-81, EXIT 32",Central Square,NY,12,4.299,40.640203291848,-74.076341769694
3444,Acme Truck Stop,US-441/SR-500,Orlando,FL,140,3.449,28.418979,-81.403552
3475,PILOT TRAVEL CENTERS #56,"I-85, EXIT 63",Kannapolis,NC,46,3.499,35.4979475,-80.5609884
3415,JAYS EL CHEAPO FUEL STOP,"I-16, EXIT 104",Metter                                  ,GA,195,3.249,31.843458,-81.254662
3471,MR FUEL DBA ONE9 #72,"I-16, EXIT 160",Savannah,GA,195,3.13233333,32.112649838493,-81.167976093091
3477,CIRCLE K #4707404,"I-91, EXIT 7",Springfield,VT,170,3.699,43.264276,-72.436254
3427,JOHNNYS MARKET,"I-69, EXIT 357",Fremont,IN,465,3.699,41.742826,-85.001003
3536,PETRO STOPPING CENTER #307,I-40 EAST & S LAKESIDE Dr,Amarillo,TX,585,3.279,35.19135,-101.75882
3479,FAST MARKET #4550,"I-75/SR-401, EXIT 136 & US-341",Perry,GA,85,3.099,32.469372,-83.742096
3471,ONE9 MR FUEL #72,"I-16, EXIT 160",Savannah,GA,195,3.119,32.112649838493,-81.167976093091
3585,CHEVRON,"I-80, EXIT 129",Lovelock,NV,966,3.499,40.466615,-118.283769
3493,CIRCLE K #2723675,"I-75, EXIT 290 & SR-20",Cartersville,GA,18,3.08566666,34.208394,-84.75892
3522,SUNMART #308,US-59,Livingston                              ,TX,610,2.859,30.710223,-94.933
3588,BINGO TRUCK STOP,"I-10, EXIT 829 & SR-124",Winnie                                  ,TX,610,2.999,29.820459,-94.385171
3519,PILOT TRAVEL CENTERS #431,"I-10, EXIT 873",Orange,TX,610,3.309,30.111899,-93.821879
3526,JOE STOP 99,"I-75, EXIT 99 & SR-119",Anna,OH,411,3.064,40.395726,-84.153196
3593,TA Parowan Travel Center,"I-15, EXIT 78",Parowan,UT,910,3.70566666,37.842186,-112.827605
3530,SPARKYS ONE STOP #22,"I-35, EXIT 111B & US-30",Jefferson,IA,320,3.23233333,42.035191,-94.367489
3592,TA BRIDGER TRAVEL CENTER #188,"I-80, EXIT 30 & CR-202",Fort Bridger,WY,835,3.71566666,41.381338,-110.594612
3614,PILOT TRAVEL CENTER #35,"I-80/90, EXIT 72 & US-31",South Bend                              ,IN,465,3.799,41.735842,-86.336689
3539,Bigs 211,"I-10, EXIT 620 & SR-123",Seguin,TX,740,3.099,29.580791,-97.9685423
3605,SPEEDYS #6,"I-35, EXIT 33",Saint Joseph,MO,400,3.169,39.768194,-94.848164
3545,STOCKMENS TRUCK PLAZA,"I-494, EXIT 64A",South Saint Paul,MN,450,3.499,44.883549,-93.026209
3608,FUEL MART #787,"I-57, EXIT 212 & US-36",Tuscola,IL,280,3.199,39.790956,-88.259925
3580,STINKER I 80 TRAVEL PLAZA,"I-80, EXIT 221 & SR-76",Sinclair,WY,838,3.759,41.773174,-107.08484
3614,PILOT TRAVEL CENTERS #35,"I-80/90, EXIT 72 & US-31",South Bend                              ,IN,465,3.799,41.735842,-86.336689
3616,PILOT TRAVEL CENTERS #15,"I-75, EXIT 210",Toledo,OH,550,3.77233333,41.724512,-83.508371
3702,BEARS DEN TRADING POST #101,ST 37 11 MI E OF MASSENA,Hogansburg                              ,NY,39,3.649,44.979091,-74.683684
3645,SNOW SHOE TRAVEL PLAZA,"I-80, EXIT 147 & SR-144",Snow Shoe,PA,14,3.469,41.026555,-77.95024
3619,ROAD RANGER #141,"I-70, EXIT 23",Brazil,IN,375,3.659,39.447264,-87.125677
3688,SPEEDWAY #2314,"I-94, EXIT 243 & SR-29",New Baltimore,MI,342,3.559,42.675694,-82.749469
3620,One9 #16,"I-71 & US-68, EXIT 50",Wilmington                              ,OH,315,3.14233333,39.4464106,-83.825485
3688,SPEEDWAY #2314,"I-94, EXIT 243 & SR-29",New Baltimore,MI,342,3.579,42.675694,-82.749469
3678,TIMES MARKET #299,US-281 BUS,Alice,TX,625,3.099,29.51144,-98.367573
3692,CHARLOTTE TRAVEL PLAZA,"I-77,  EXIT 16B",Charlotte,NC,46,3.53233333,35.30882,-80.849375
3767,SIMMONS TRAVEL CENTER,"I-95, EXIT 8 & US-301",Emporia,VA,180,3.099,36.665156,-77.553782
3699,WARREN TRAVEL PLAZA,"I-69, EXIT 278 & SR-5",Warren,IN,375,3.399,40.722105,-85.4377893
3707,SPEEDWAY #4704,"I-90, EXIT 154",Albert Lea,MN,425,3.299,43.688013,-93.420826
3718,SPEEDWAY #4706,"I-90, EXIT 265",Chamberlain,SD,455,3.299,43.76789,-99.312861
3728,PLAZA 23 TRUCK STOP,"I-787, EXIT 2",Albany,NY,12,3.799,42.634556,-73.755354
3783,CIRCLE K #2744095,"I-25, EXIT 215",Denver,CO,800,3.299,39.849233,-104.997091
3719,KEYSTONE TRUCK STOP,US-22 & SR-164,Loretto,PA,14,3.999,40.466281,-78.649782
3759,EXXON,US-67 & SR-18,Newport,AR,695,4.13233333,35.6381,-91.243214
3794,SPEEDWAY #4701,"I-90, EXIT 73",Jackson,MN,425,3.299,43.641702,-94.995697
3725,GENEVA TRUCK STOP,"I-79, EXIT 35/141",Cochranton                              ,PA,240,3.81566666,41.5402594,-80.1846591
3774,SINCLAIR,"I-70, EXIT 438",Burlington                              ,CO,796,3.889,39.301623,-102.252708
3888,Fics Plaza,"I-90, EXIT 184",Deer Lodge                              ,MT,816,3.519,46.411098,-112.725174
3737,JORDAN'S KWIK STOP #70,US-49,West Helena                             ,AR,435,3.399,34.554063,-90.651883
3843,ONCUE EXPRESS #61,"I-35, EXIT 185 & US-77",Perry,OK,500,3.21566666,36.289708,-97.2858009
3889,CIRCLE K #2701686,"I-75, EXIT 220",Bradenton,FL,225,3.439,27.460011,-82.555402
3745,PILOT TRAVEL CENTER #906-TOWN PUMP,"I-90, EXIT 408 & SR-78",Columbus,MT,780,3.58066666,45.644935,-109.24725
3868,SHORE STOP #279,US-13,Greenwood,DE,194,3.239,38.807019,-75.591943
3908,SEMINOLE TRUCK STOP,"I-75, EXIT 354",Fort Lauderdale,FL,95,3.699,26.05047099301,-80.212600351675
3772,Brake Time Corner Market,"I-25, EXIT 240",Burlington                              ,CO,800,3.499,40.830126656263,-91.109036381219
3868,SHORE STOP #279,US-13,Greenwood,DE,194,3.259,38.807019,-75.591943
3956,CIRCLE K #2707451,US-27/SR-25 & SR-70,Lake Placid,FL,225,3.399,27.208969,-81.329466
3781,REATTA TRAVEL STOP,"I-76, EXIT 149 & SR-55/CR-81",Crook,CO,475,3.38233333,40.82192,-102.8063
3936,Uncle Petes Truck  Stop,"I-40, EXIT 239 & US-70/SR-26",Lebanon,TN,460,2.989,36.185336,-86.267596
3964,SPEEDWAY #6604,"I-94, EXIT 66",Mattawan,MI,465,3.499,42.224153,-85.787491
3817,FAST MARKET,"I-25, EXIT 158",Colorado Springs,CO,803,3.159,38.949443,-104.803636
3949,SUNSTOP #337,"I-10/SR-8, EXIT 303 & US-441",Lake City,FL,75,3.699,30.06514,-82.600465
3974,LOVES TRAVEL STOP #201,I-40 EXIT 41,Elk City,OK,483,3.12566666,35.412078,-99.416098
3907,SUNOCO,US-46 & SR-93,Palisades Park,NJ,105,3.279,40.841249,-73.996431
3964,SPEEDWAY #6604,"I-94, EXIT 66",Mattawan,MI,465,3.489,42.224153,-85.787491
3979,PETRO GARY 369,"I-80 & I-94, EXIT 9",Gary,IN,365,3.83066666,41.601967,-87.349684
3927,MICCOSUKEE SERVICE PLAZA,"I-75, EXIT 49 & SR-84",Fort Lauderdale                         ,FL,95,3.66566666,26.09613,-80.235967
4025,BP,"I-85, EXIT 21  & US-178",Anderson,SC,30,2.909,34.578066,-82.690536
4008,BALDWIN TRAVEL PLAZA,"I-94, EXIT 19 & US HWY 63",Baldwin                                 ,WI,295,3.503,44.934962,-92.373876
3946,Fast Lane,US-24 & US-63,Moberly,MO,310,3.469,39.442819,-92.427249
4080,SHELL DBA PILOT DEALER #874,US-41,Miami,FL,176,3.699,25.775084,-80.194702
4062,DUDLEYS TRUCK STOP RESTAURANT,US-220,Rocky Mount,VA,185,3.299,37.045506,-79.878486
3970,EXXON - Pilot #1293,"I-30, EXIT 61",Garland,TX,630,2.84233333,32.854664,-96.56092
4101,E-Z MART #4411,HIGHWAY 69 & COBBLESTONE DR,Pryor,OK,560,3.099,36.251259,-95.334344
4080,PILOT TRAVEL CENTERS #874,US-41,Miami,FL,176,3.699,25.7601418,-80.4804421
3973,LOVES TRAVEL STOP #205,"I-35 & I-44, EXIT 137",Oklahoma City,OK,483,3.319,35.593964,-97.436558
4115,QUIKTRIP #707,"I-85 , EXIT 96",Atlanta,GA,18,3.34066666,33.608502,-84.4356
3975,SUNSTOP #334,"I-10, EXIT 335 & SR-121",Macclenny,FL,75,3.459,30.261929,-82.123512
4156,PETRO STOPPING CENTER #305,"I-10, EXIT 582",San Antonio,TX,740,3.20733333,29.4362103,-98.3786705
4006,MISSILE MART #1,US-167 & SR-7,El Dorado,AR,635,3.499,33.226776,-92.665286
4171,PETRO SERVE USA #11,US-2 & US-71,Bemidji,MN,355,3.499,47.496484,-94.91683
4164,CIRCLE K #2723897,"I-75, EXIT 138",Thomasville,GA,20,3.23566666,30.858077,-83.947713
4035,PILOT TRAVEL CENTER #430,"I-40,  EXIT 84",Russellville,AR,695,3.375,35.2781194,-93.1337228
4172,FLYING J TRAVEL PLAZA #639,"I-90, EXIT 2",Post Falls,ID,970,3.76233333,47.71131,-116.996834
4169,TA KINGMAN TRAVEL CENTER,"I-40, EXIT 48 & US-93",Kingman,AZ,910,3.899,35.14045962878,-114.23702887272
4035,PILOT TRAVEL CENTERS #430,"I-40,  EXIT 84",Russellville,AR,695,3.399,35.2781194,-93.1337228
4187,FLYING J TRAVEL PLAZA #632,"I-75, EXIT 320",Resaca,GA,285,3.29566666,34.576835,-84.946624
4179,CIRCLE K #2705352,"I-95/SR-405, EXIT 109 & SR-30/SR-21",Port Wentworth                          ,GA,195,3.099,32.127378,-81.169657
4063,STUCKEY'S,"I-59, EXIT 67 & US-49",Hattiesburg,MS,620,2.999,31.359369,-89.350114
4193,TIGER MART #63,"I-20, EXIT 454",Grand Prairie,TX,630,3.599,32.678133,-97.044798
4204,PILOT TRAVEL CENTER #415,"I-59, EXIT 4",Rising Fawn,GA,285,3.819,34.77006,-85.54296
4113,ASAP GENERAL STORE #330,US-412/SR-15,Enid,OK,500,3.08233333,36.39686,-97.81927
4204,PILOT TRAVEL CENTERS #415,"I-59, EXIT 4",Rising Fawn,GA,285,3.859,34.77006,-85.54296
4119,JET FOOD STORE #82,US-441 & CR-13,Douglas,GA,10,3.44066666,31.555332,-82.967493
4211,FLYING J #513,"I-15, EXIT 1",Jean,NV,910,3.73233333,35.782173,-115.331259
4161,EL CHEAPO,I-95 & EXIT 76,Midway                                  ,GA,195,3.52566666,31.780877,-81.382506
4223,TA PEMBROKE TRAVEL CENTER,"I-90, EXIT 48A",Corfu,NY,38,3.889,43.001716,-78.4069684
4199,PWI #574,"I-70, EXIT 193/US-40",Bunker Hill,KS,357,2.959,38.877305,-98.701909
4223,TA PEMBROKE TRAVEL CENTER,"I-90, EXIT 48A",Corfu,NY,38,3.829,43.001716,-78.4069684
4267,CONOCO,US-30 & SR-41,Gap,PA,160,3.799,39.977963,-76.014286
4220,KENNETT TRUCK STOP,"I-275, EXIT 16",Lawrenceburg                            ,IN,300,3.424,39.191921543805,-84.845715829707
4233,QUIKTRIP #7220,"I-20, EXIT 8",Shreveport,LA,745,2.89233333,32.444851,-93.899014
4331,KWIK STOP C STORES,US-61/US-151,Dubuque,IA,335,3.559,42.511241,-90.655757
4222,Circle K #4703906,"I-24, EXIT 24 & SR-49",Pleasant View,TN,460,2.899,36.404901,-87.022067
4239,SPEEDWAY #8256,"I-64, EXIT 94 & SR-1958 & US-60",Winchester,KY,410,2.92233333,37.992528,-84.178891
4332,PILOT TRAVEL CENTER #468,"I-57, EXIT 283 & US-24",Gilman,IL,280,3.399,40.75113,-88.00134
4223,TA PEMBROKE TRAVEL CENTER,"I-90, EXIT 48A",Corfu,NY,38,3.939,43.001716,-78.4069684
4241,EXXON,"I-285, EXIT 53",Conley,GA,18,3.999,33.670547,-84.340089
4223,TA PEMBROKE TRAVEL CENTER,"I-90, EXIT 48A",Corfu,NY,38,3.839,43.001716,-78.4069684
4292,KUM & GO #0032,"I-80/US-6, EXIT 155 & SR-117",Colfax,IA,320,3.08233333,41.686708,-93.246647
4349,ROAD RANGER #144,"I-380, EXIT 68US-20, EXIT 68",Evansdale,IA,565,3.729,42.461132,-92.247079
4227,LOVES TRAVEL STOP #203,"I-40, EXIT 140",Oklahoma City,OK,483,3.35566666,35.593964,-97.436558
4311,Saveway Truck Plaza,"I-65, EXIT 164 & US-31",Hope Hull,AL,720,3.139,32.264633,-86.352252
4368,HOODS SERVICE CENTER,"I-44, EXIT 61",Bois D Arc,MO,535,3.074,37.188088,-93.570067
4301,TIGER DISCOUNT TRUCKSTOP,"I-94, EXIT 64 & I-94 BUS",Dickinson,ND,807,3.51566666,46.886381,-102.73976
4332,PILOT TRAVEL CENTER #468,"I-57, EXIT 283 & US-24",Gilman,IL,280,3.559,40.75113,-88.00134
4395,BREAK TIME #3147,"I-55, EXIT 67 & US-62",Sikeston,MO,275,3.499,36.858548,-89.582865
4332,PILOT TRAVEL CENTERS #468,"I-57, EXIT 283 & US-24",Gilman,IL,280,3.459,40.75113,-88.00134
4332,PILOT TRAVEL CENTER #468,"I-57, EXIT 283 & US-24",Gilman,IL,280,3.439,40.75113,-88.00134
4419,CASEYS #3081,"I-35, EXIT 92 & US-136",Bethany,MO,400,3.06066666,40.26869,-94.029587
4339,ROAD RANGER #273,I-69E/US-77 & SR-107,Combes,TX,639,3.049,26.248932,-97.729095
4335,HIGHWAY 20  AUTO TRUCK PLAZA,US-20,Peosta,IA,335,3.489,42.441264,-90.782695
4431,CASEYS #2653,"US-63 & US-30, EXIT 202",Toledo,IA,320,3.349,41.990908,-92.581705
4373,KUM & GO #0043,"I-35, EXIT 43 & SR-207/CRG76",New Virginia,IA,320,3.114,41.177196,-93.781203
4363,EL CHEAPO #4,"I-95, EXIT 87",Richmond Hill,GA,195,3.09566666,31.9246883,-81.3340984
4437,UNDERWOOD TRUCK STOP I 80,"I-80, EXIT 17",Underwood                               ,IA,319,3.00066666,41.387117,-95.679101
4427,CASEYS #2654,"I-80/US-6, EXIT 93 & CR-P28",Stuart,IA,320,3.099,41.508566,-94.312767
4372,GRADYS TRUCKSTOP,"I-16, EXIT 111",Pulaski                                 ,GA,195,3.46566666,32.336052,-81.952602
4442,Minuteman Food Mart #58,US-74/US-76,Delco,NC,245,3.50733333,34.309255,-78.200014
4441,PILOT TRAVEL CENTERS #51,"I-81 BAILEYTON RD, EXIT 36",Greeneville,TN,405,3.56233333,36.3206105,-82.8326843
4389,TAYLOR QUIK-PIK,"I-29, EXIT 75 & US-30",Missouri Valley,IA,486,3.399,41.550875,-95.923121
4446,LOVES TRAVEL STOP #200,I-40 EXIT 74,Amarillo,TX,585,3.209,35.19198,-101.760994
4445,TA Rogers,"I-94/US-52, EXIT 207 & SR-101",Rogers,MN,448,3.274,45.196844,-93.549353
4417,TA MORIARITY TRAVEL CENTER,"I-40, EXIT 194",Moriarty,NM,580,3.21733333,34.98981,-106.049922
4458,KUM & GO #1443,"I-80, EXIT 216",Williamsburg,IA,380,3.13066666,41.743584852431,-93.568339932296
4460,EXIT 62 TRUCKSTOP,"I-71, EXIT 62 & US-127",Glencoe,KY,415,3.16566666,38.73969,-84.830455
4451,PRAIRIE JUNCTION TRUCK STOP,"I-29, EXIT 109 & SR-34",Colman,SD,530,3.099,43.978614,-96.763275
4482,FLYING J FUEL STOP #777,"I-84, EXIT 54(FEDERAL WAY)",Boise,ID,785,3.76566666,43.571835,-116.188992
4492,3 MILE CORNER TRUCK STOP,US-2 & US-95,Bonners Ferry,ID,970,3.734,48.730511779374,-116.299563126415
4452,CASEYS #2867,US-63 & US-20,Waterloo,IA,380,3.499,42.493469,-92.34364
4528,WENATCHEE VALLEY TRUCK STOP,US-97 ALT,Wenatchee,WA,920,4.089,47.395487369339,-120.295695942238
4463,QUIKTRIP #7901,"I-20, EXIT 556 & US-69",Lindale,TX,710,2.80733333,32.469692,-95.387012
4544,BIG CHARLIES TRUCK PLAZA,"I-64, EXIT 282 & US-13",Virginia Beach,VA,130,3.489,36.883536,-76.186189
4482,FLYING J TRAVEL PLAZA #777,"I-84, EXIT 54(FEDERAL WAY)",Boise,ID,785,3.809,42.6597039,-112.205366
4563,PILOT TRAVEL CENTER #299,"I-55/I-74/US-51, EXIT 160 & US-150/SR-9",Bloomington                             ,IL,280,3.399,40.482777,-89.017216
4563,PILOT TRAVEL CENTERS #299,"I-55/I-74/US-51, EXIT 160 & US-150/SR-9",Bloomington                             ,IL,280,3.599,40.482777,-89.017216
4525,STINKER #42,US-12/US-95 & SR-128,Lewiston,ID,970,3.69733333,46.4190523,-117.0191318
4563,PILOT TRAVEL CENTER #299,"I-55/I-74/US-51, EXIT 160 & US-150/SR-9",Bloomington                             ,IL,280,3.499,40.482777,-89.017216
4563,PILOT TRAVEL CENTER #299,"I-55/I-74/US-51, EXIT 160 & US-150/SR-9",Bloomington                             ,IL,280,3.599,40.482777,-89.017216
4528,WENATCHEE VALLEY TRUCK STOP,US-97 ALT,Wenatchee,WA,920,4.199,47.395487369339,-120.295695942238
4568,ONVO TRAVEL PLAZA,"I-90, EXIT 28",Fultonville,NY,12,3.159,42.946297,-74.37162
4568,ONVO TRAVEL PLAZA,"I-90, EXIT 28",Fultonville,NY,12,3.199,42.946297,-74.37162
4528,WENATCHEE VALLEY TRUCK STOP,US-97 ALT,Wenatchee,WA,920,4.119,47.395487369339,-120.295695942238
4605,PILOT DEALER #898 SADLERS TRUCK STOP,"I-95, EXIT 11B & US-58",Emporia,VA,180,3.799,36.712862094325,-77.562182972166
4582,BIG CHIEF TRUCK STOP,"I-94/US-52, EXIT 61 & US-59/CR-82",Fergus Falls,MN,250,3.23566666,46.209865332979,-96.005423856319
4533,SPEEDWAY #1449,"I-65, EXIT 262B",Birmingham                              ,AL,615,2.97566666,33.539521,-86.828021
4620,PILOT TRAVEL CENTERS #95,"I-75, EXIT 329 & SR-44",Wildwood                                ,FL,225,3.22566666,28.874043,-82.095079
4620,PILOT TRAVEL CENTER #95,"I-75, EXIT 329 & SR-44",Wildwood                                ,FL,225,3.319,28.874043,-82.095079
4555,PILOT TRAVEL CENTERS #406,"I-65, EXIT 22 & US-31A/SR-11",Cornersville,TN,460,3.799,35.3036844,-86.8856016
4622,TA LEE HI TRAVEL PLAZA,"I-81,  EXIT 195",Lexington,VA,185,3.659,37.8297518,-79.37538
4628,QUARLES #4601,US-29/US-17/US-15,Warrenton,VA,60,3.32233333,38.713842,-77.795561
4560,FAST STOP TRAVEL CENTERS #1109,"I-15, EXIT 392",Plymouth,UT,835,3.58233333,41.872212,-112.148288
4637,PILOT TRAVEL CENTER #514 - THORNTONS #369,"I-55, EXIT 126 & SR-10",Lincoln                                 ,IL,318,3.399,40.148571,-89.365188
4637,THORNTONS #369 DBA PILOT TRAVEL CENTER #514,"I-55, EXIT 126 & SR-10",Lincoln                                 ,IL,318,3.399,40.148571,-89.365188
4563,PILOT TRAVEL CENTERS #299,"I-55/I-74/US-51, EXIT 160 & US-150/SR-9",Bloomington                             ,IL,280,3.399,40.482777,-89.017216
4642,MARSHAL JUNCTION,"I-70, EXIT 147 & SR-1",Marshall                                ,IL,510,3.399,38.967317,-93.208245
4642,MARSHAL JUNCTION,"I-70, EXIT 147 & SR-1",Marshall                                ,IL,510,3.199,38.967317,-93.208245
4563,PILOT TRAVEL CENTERS #299,"I-55/I-74/US-51, EXIT 160 & US-150/SR-9",Bloomington                             ,IL,280,3.499,40.482777,-89.017216
4644,CIRCLE K #4706703,"I-80, EXIT 145A",Mokena,IL,290,3.339,41.542184,-87.851295
4654,7-ELEVEN #35087,"I-490, EXIT 2 & SR-33 & SR-19",Bergen,NY,190,4.029,40.671407443828,-73.99425795601
4569,METROPOLIS TRUCK STOP,"I-24, EXIT 37 & US-45",Metropolis,IL,490,3.599,37.157017314528,-88.724907277791
4655,QUICKLEES TRAVEL CENTER,"I-86, EXIT 30 & CR-20",Belmont,NY,190,3.999,42.254435,-78.06069
4574,Circle K #4701432,"I-74, EXIT 174",Mahomet,IL,280,3.669,40.191826,-88.364617
4700,A C TRUCKSTOP,"I-80, EXIT 290",Laramie                                 ,WY,795,3.079,41.3110259,-105.5936061
4618,OUTPOST TRAVEL CENTER,"I-20, EXIT 5 & US-80",Greenwood,LA,745,2.899,32.898487,-93.705508
4707,SMITHTON TRUCKSTOP,"I-70, EXIT 39 & SR-3059",Smithton,PA,165,3.899,40.170896,-79.730053
4637,THORNTONS #369 DBA PILOT TRAVEL CENTER #514,"I-55, EXIT 126 & SR-10",Lincoln                                 ,IL,318,3.499,40.148571,-89.365188
4762,TA MONROE TRAVEL CENTER,"I-75, EXIT 15",Monroe,MI,325,3.369,41.926458,-83.362919
4742,FLYING J TRAVEL PLAZA #684,"I-94, EXIT 1 & SR-16",Beach,ND,807,3.96566666,47.8878784,-97.0928955
4637,PILOT TRAVEL CENTER #514 - THORNTONS #369,"I-55, EXIT 126 & SR-10",Lincoln                                 ,IL,318,3.499,40.148571,-89.365188
4762,TA MONROE TRAVEL CENTER,"I-75, EXIT 15",Monroe,MI,325,3.349,41.926458,-83.362919
4644,CIRCLE K #4706703,"I-80, EXIT 145A",Mokena,IL,290,3.399,41.542184,-87.851295
4818,PILOT TRAVEL CENTERS #350,"I-84 & US-20, EXIT 95",Mountain Home,ID,785,3.759,43.141885,-115.66319
4762,TA MONROE TRAVEL CENTER,"I-75, EXIT 15",Monroe,MI,325,3.249,41.926458,-83.362919
4690,PWI #401,"I-20 & I-30, EXIT 1B",Aledo,TX,630,2.799,32.6957046,-97.6024992
4837,SHELL,US-10 & SR-210,Motley,MN,522,3.399,46.340818,-94.650057
4826,I-20 Truck Stop,"I-20, EXIT 165",Lincoln,AL,615,2.999,33.5893898,-86.1638031
4704,THE RIDGE,"I-68/US-219, EXIT 14 & US-40",Accident,MD,165,4.199,39.694172,-79.249165
4858,PILOT TRAVEL CENTER #1346,"I-135, EXIT 31",Newton,KS,570,3.3115,38.8741792,-97.6107025
4827,PETRO BEAUMONT #304,"I-10, EXIT 848",Beaumont,TX,610,3.33066666,30.0861523,-94.1020101
4729,MINIT MART #600244,"I-70, EXIT 131",Straughn,IN,457,3.859,39.809152,-85.28981
4858,PILOT DEALER #1346,"I-135, EXIT 31",Newton,KS,570,3.409,38.044343,-97.320515
4860,PILOT TRAVEL CENTERS #476,"I-74, EXIT 32 & SR-17",Woodhull,IL,270,3.899,41.180565,-90.338497
4750,BROOKE TRAVEL PLAZA,"I-80, EXIT 259",West Liberty,IA,380,2.98733333,41.570184,-91.264951
4872,TA COMMERCE TRAVEL CENTER,"I-85, EXIT 149 & US-441",Commerce,GA,16,3.21566666,34.2276176,-83.4986064
4762,TA MONROE TRAVEL CENTER,"I-75, EXIT 15",Monroe,MI,325,3.299,41.926458,-83.362919
4874,PWI #110,"I-20, EXIT 112 & FM-1936",Odessa,TX,710,3.049,31.811676,-102.432555
4806,TRACK AND TRAVEL,"I-20, EXIT 406",Weatherford,TX,630,2.91733333,32.72987,-97.822167
4885,LOVES TRAVEL STOP #384,"I-70, EXIT 45",Greenville,IL,540,3.689,38.892715,-89.413455
4885,LOVES TRAVEL STOP #384,"I-70, EXIT 45",Greenville,IL,540,3.689,38.892715,-89.413455
4818,PILOT TRAVEL CENTER #350,"I-84 & US-20, EXIT 95",Mountain Home,ID,785,3.799,43.141885,-115.66319
4885,LOVES TRAVEL STOP #384,"I-70, EXIT 45",Greenville,IL,540,3.749,38.892715,-89.413455
4887,SUNOCO,"I-80 & I-90, EXIT 3",Wauseon                                 ,OH,550,3.699,41.589852,-84.147778
4819,Alta Convenience #6333,"I-25, EXIT 11",Trinidad,CO,803,3.399,37.133705,-104.51999
4885,LOVES TRAVEL STOP #384,"I-70, EXIT 45",Greenville,IL,540,3.689,38.892715,-89.413455
4909,CIRCLE K #2723916,US-441/US-301/US/27/SR-500,Ocala,FL,140,3.459,29.091293,-82.243454
4856,PILOT TRAVEL CENTER #910- TOWN PUMP,"I-90, EXIT 274 & US-287",Three Forks,MT,786,3.59733333,45.890713,-111.555328
4885,LOVES TRAVEL STOP #384,"I-70, EXIT 45",Greenville,IL,540,3.689,38.892715,-89.413455
4860,PILOT TRAVEL CENTER #476,"I-74, EXIT 32 & SR-17",Woodhull,IL,270,3.899,41.180565,-90.338497
4905,HY-MILER #2204,SR-250,Sandusky,OH,550,3.53233333,41.432569,-82.702974
4878,SHELL DBA ONE9 #1426,"I-84, EXIT 35",Nampa                                   ,ID,785,3.374,43.586648855314,-116.57250649267
4894,CLOVERDALE TRAVEL PLAZA,"I-70, EXIT 41 & US-231",Cloverdale,IN,375,3.699,39.530784,-86.803439
4881,PETRO STOPPING CENTER #14,"I-295, EXIT 56",Bordentown,NJ,230,4.029,40.123289,-74.71296
4918,PILOT TRAVEL CENTERS #219,"I-40, EXIT 398",Knoxville,TN,405,3.699,35.998219,-83.778114
4885,LOVES TRAVEL STOP #384,"I-70, EXIT 45",Greenville,IL,540,3.749,38.892715,-89.413455
4996,ZIP TRIP #54,"I-90, EXIT 452",Billings,MT,780,3.59066666,45.770015,-108.522583
4921,PILOT TRAVEL CENTERS #231,"I-75, EXIT 29",Corbin,KY,410,3.609,36.975144,-84.107746
4910,PILOT TRAVEL CENTER #892,"I-70 EXIT 164, & US-50",Green River,UT,835,3.68566666,38.995542,-110.148422
4927,CIRCLE K #2704886,"I-65, EXIT 205 & US-31/SR-22",Clanton,AL,720,3.20733333,32.801931,-86.582237
5030,YESWAY #1030,US-63 & E MARY ST,Ottumwa,IA,320,3.399,41.0232527,-92.4132637
4920,TA LAPLACE,"I-10, EXIT 209 & US-5",La Place,LA,600,3.22733333,30.06698,-90.48147
5056,TREX MART #16,"I-35, EXIT, 61 & US-69",Winston,MO,276,3.119,39.853958,-94.17391
5050,ROCK PORT TRUCK PLAZA,"I-29 & US-136, EXIT 110",Rock Port,MO,400,3.099,40.404651549368,-95.596974648348
4933,VILLAGE TRUCK STOP,"I-81, EXIT 18",Rural Retreat                           ,VA,185,3.299,36.886155,-81.373099
5057,PHILLIPS 66,"I-35, EXIT 54 & I-35 BUS/US-36",Cameron,MO,276,3.099,39.754082,-94.214499
5064,CLARK OIL #44,"I-59, EXIT 97",Laurel                                  ,MS,620,2.879,31.697208,-89.114532
4977,KWIK TRIP #331,SR-54,Wisconsin Rapids,WI,395,3.26233333,44.406567,-89.789061
5060,CRAZY FREDS TRUCK SHOP,"I-40, EXIT 44 & US-66",Kingman,AZ,910,3.539,35.144512,-114.094288
4981,JOHNNYS MARKET,"I-94, EXIT 110 & US-27",Marshall,MI,385,3.499,42.203307,-84.962192
5079,FASTLANE TAYLOR 63,US-61 & SR-6,Taylor,MO,494,3.01566666,39.91667,-91.527554
5128,CASEYS #2769,"I-80, EXIT 220 & SR-149",Williamsburg,IA,380,3.14233333,41.660675,-92.007448
4983,KWIK TRIP #603,"I-94, EXIT 28 & SR-128",Wilson,WI,451,3.549,44.936099,-92.195432
5085,K AN T TRUCKSTOP,"I-79, EXIT 137 & SR-310",Fairmont,WV,165,3.399,39.495827,-80.103072
5132,Travel Centers of America,"I-44, EXIT 208 & SR-19",Cuba,MO,574,3.26566666,38.0747,-91.408625
5003,TRAILWAY TRUCK STOP,US-301/SR-304,Centreville                             ,MD,22,3.259,39.0254567,-76.0242142
5111,CIRCLE K #2723385,"I-59, EXIT 67 & US-49/SR-42",Hattiesburg,MS,620,3.149,31.256813,-89.338302
5006,SUNOCO,US-1/US-9,Linden,NJ,79,3.799,40.630708,-74.239989
5117,CIRCLE K #4702361,"I-65, EXIT 130 & SR-334",Whitestown,IN,375,3.29233333,39.996124,-86.34707
5024,I 55 MOTOR PLAZA,"I-55,  EXIT 180",Pevely,MO,540,2.99066666,38.283147,-90.397593
5202,Chevron #306185,US-30,Montpelier,ID,825,3.699,42.356729,-111.303229
5131,TRAILS END TRUCK STOP,"I-29, EXIT 110 & US-136",Rock Port,MO,486,3.40566666,40.405317,-95.558202
5044,TA MOUNT VERNON TRAVEL CENTER,"I-44, EXIT 46 & SR-39/SR265",Mount Vernon,MO,535,3.409,37.094721,-93.808706
5160,FUEL MART #727,"I-70, EXIT 193",Quaker City                             ,OH,249,3.16566666,40.053164,-81.327781
5163,Blue Sky #733,"US-78, EXIT 81 & SR-178",Belden,MS,742,2.939,34.293686,-88.799159
5230,ONE9 #496,"I-80, EXIT 265",Atalissa,IA,270,3.01566666,41.64425,-91.150007
5165,ONE9 #046,"I-65, EXIT 6 & SR-100",Franklin,KY,415,3.08566666,36.722098,-86.577996
5170,FLYING J #516,"I-76, EXIT 161 & I-70",Breezewood,PA,14,5.099,39.996383,-78.242435
5232,CM EUNICE,US-190,Eunice,LA,730,3.399,30.493898,-92.4152
5167,SPEEDWAY #7575,"I-65, EXIT 255",Hobart,IN,290,3.63233333,39.787242,-86.251949
5183,PETRO STOPPING CENTER #74,I-95 & EXIT 106,Kenly,NC,205,3.709,35.5811234,-78.1452194
5236,FLYING J #875,"I-95,  EXIT 109",Elkton,MD,243,4.199,39.606563,-75.833085
5207,JJ TRAVEL PLAZA,"I-70, EXIT 70 & US-83",Oakley,KS,525,3.61566666,39.18603,-100.86904
5191,NORTH POINT PLAZA,"I-90 & I-94, EXIT 115",Poynette,WI,420,3.17233333,43.393384,-89.461601
5245,CASEYS #3842,US-36 & US-283,Norton,KS,357,3.15733333,39.833745,-99.887465
5227,PILOT TRAVEL CENTERS #900,"I-95, EXIT 75",Dunn,NC,205,3.709,35.270507,-78.615112
5203,OASIS TRAVEL CENTER,"I-10, EXIT 53",Robertsdale,AL,715,3.469,30.630496,-87.616653
5255,7-ELEVEN #35788,"I-35, EXIT 215",Olathe,KS,400,3.339,38.8584236,-94.8128723
5234,SINCLAIR,SR-37,Monett,MO,277,3.29066666,36.899658,-93.926047
5249,Taylor's Stateline Travel Center,US-67 & SR-278,Neelyville,MO,275,2.999,36.499604,-90.539226
5297,ERNIES TRUCK STOP,"I-90,  EXIT 179 & I-90 BUS/SR-17",Moses Lake,WA,920,3.999,47.10214,-119.245236
5247,EDGERTON TRAVEL PLAZA,"I-90, EXIT 160 & US-51",Edgerton,WI,420,3.199,42.870984,-89.055564
5258,PT TRUCK STOP,"I-12, EXIT 42",Hammond                                 ,LA,623,3.249,30.517108731791,-90.50014423841
5297,ERNIES TRUCK STOP,"I-90,  EXIT 179 & I-90 BUS/SR-17",Moses Lake,WA,920,3.949,47.10214,-119.245236
5254,TA CANDLER TRAVEL CENTER,"I-40, EXIT 37",Candler,NC,210,3.799,35.543182,-82.754143
5282,CASEYS #3548,US-54 & US-61,Pratt,KS,357,3.14066666,37.6460301,-98.7394364
5302,ONE9 #258,"I-81, EXIT 150 & US-220 ALT & US-11",Troutville,VA,185,3.03233333,37.36931902042,-79.907682818736
5285,TULLO TRUCK STOP,"I-95, EXIT 15E & US-1/US-9",Kearny,NJ,79,3.799,40.731479,-74.110084
5297,ERNIES TRUCK STOP,"I-90,  EXIT 179 & I-90 BUS/SR-17",Moses Lake,WA,920,4.179,47.10214,-119.245236
5324,HY-MILER #2245,SR-53,Fremont,OH,550,3.38233333,41.349381,-83.119651
5310,FLYING J #576,"I-35, EXIT 69",Northfield,MN,515,3.859,44.47068,-93.29473
5299,Sudden Service #62,"I-65, EXIT 6 & SR-100",Franklin,KY,460,3.084,36.714947,-86.519576
5349,JET FOOD STORE #17,US-1/SR=4/SR-540 & US-220/SR-47,Wrens,GA,135,3.41566666,33.205136,-82.389744
5389,FLYING J TRAVEL PLAZA #744,"I-15, EXIT 343",Ogden,UT,835,3.749,39.687072,-111.834716
5306,PILOT TRAVEL CENTERS #11,"I-76, EXIT 232",North Lima                              ,OH,573,3.799,40.9591305,-80.6605261
5363,SPEEDWAY #6767,"I-75, EXIT 20",Manheim,PA,70,4.499,40.150302,-76.381566
5399,FLYING J TRAVEL PLAZA #750,"I-81 & I-77, EXIT 80",Max Meadows,VA,185,3.549,36.944986,-80.9461506
5309,NEWBORN TRUCK STOP,I-20 EXIT 5,Tallapoosa,GA,48,3.40733333,33.681686,-85.263953
5391,PWI #605,"I-10, EXIT 378",San Simon,AZ,640,2.959,32.270869,-109.244364
5414,One9 #1216,"I-10 ,EXIT 200 & SR-84",Eloy,AZ,930,3.199,32.749355434194,-111.554834293718
5341,KWIK STAR #1160,"US-75, EXIT 118 & SR-3",Le Mars,IA,408,3.299,42.7883343,-96.1745603
5419,USA TRAVEL CENTER,"I-40, EXIT 48 & US-93",Kingman,AZ,910,3.399,35.19252,-114.070255
5414,Pride Travel Center dba One9 #1216,"I-10 ,EXIT 200 & SR-84",Eloy,AZ,930,3.199,32.756454,-111.554847
5407,CASEYS #4535,US 81,Concordia                               ,KS,570,2.91233333,39.571594,-97.655807
5422,K AND H TRUCK PLAZA,"I-57, EXIT 283 & US-24",Gilman,IL,290,3.099,40.753016,-87.995976
5424,WK TRUCK STOP,"US-231 & SR-9001, EXIT 75",Beaver Dam,KY,340,3.399,37.368529,-86.845384
5422,K AND H TRUCK PLAZA,"I-57, EXIT 283 & US-24",Gilman,IL,290,3.159,40.753016,-87.995976
5435,MEADE AUTO AND TRUCK PLAZA,US-54,Meade                                   ,KS,525,3.799,37.28549,-100.339993
5436,PARKWAY MARATHON,"US-79, EXIT 94",Caneyville,KY,415,3.73233333,37.414907,-86.500173
5462,BOOZER KWIK STOP,"I-15, EXIT 118",Idaho Falls                             ,ID,825,3.44733333,43.513544560056,-111.948676970268
5446,PETRO STOPPING CENTER #308,"I-20, EXIT 8 & SR-526",Shreveport,LA,745,3.17566666,32.4456787,-93.9026933
5523,TA LIMON TRAVEL CENTER,"I-70, EXIT 359 & US-24",Limon,CO,800,3.92066666,39.263939,-103.641746
5464,PILOT TRAVEL CENTERS #48,"I-65, EXIT 86",Glendale,KY,415,3.609,37.5958587,-85.8659965
5474,One9 #88,"I-95/SR-9, EXIT 201 & SR-520",Cocoa,FL,143,3.37566666,28.35680231702,-80.731597735265
5537,HUCKS TRAVEL CENTER #51 dba FLYING J #889,"I-57/I-64, EXIT 95 & SR-15",Mount Vernon,IL,574,3.499,38.3116984,-88.9573995
5477,CHEVRON #383766,"I-5, EXIT 216",Halsey,OR,935,3.099,44.386694,-123.109203
5479,PILOT TRAVEL CENTERS #94,"I-75, EXIT 161",Punta Gorda,FL,225,3.799,26.89382,-82.00916
5479,PILOT TRAVEL CENTER #94,"I-75, EXIT 161",Punta Gorda,FL,225,3.799,26.89382,-82.00916
5492,BFS FOODS #68,"I-70, EXIT 3",Hancock                                 ,MD,22,4.129,39.69552,-78.153999
5560,MIDWAY TRAVEL PLAZA,I-70 EXIT 121 & US-40,Columbia,MO,310,3.539,38.973461,-92.433656
5491,49ER FUEL CENTER,"I-75, EXIT 49",East Bernstadt                          ,KY,410,2.999,37.224072,-84.216074
5522,ONE9 #301,"I-55,  EXIT 40",Marston,MO,275,3.109,36.518961,-89.605066
5570,PETRO STOPPING CENTER #310,"I-12, EXIT 40 & US-51 BUS",Hammond,LA,725,3.249,30.4770055,-90.4578323
5529,FLYING J #549,"I-77, EXIT 100 & 101",Mount Airy,NC,65,3.599,36.4999619,-80.6053907
5537,HUCKS TRAVEL CENTER #51 DBA FLYING J #889,"I-57/I-64, EXIT 95 & SR-15",Mount Vernon,IL,574,3.599,38.3116984,-88.9573995
5537,HUCKS TRAVEL CENTER #51 DBA FLYING J #889,"I-57/I-64, EXIT 95 & SR-15",Mount Vernon,IL,574,3.459,38.3116984,-88.9573995
5537,HUCKS TRAVEL CENTER #51 dba FLYING J #889,"I-57/I-64, EXIT 95 & SR-15",Mount Vernon,IL,574,3.399,38.3116984,-88.9573995
5537,HUCKS TRAVEL CENTER #51 DBA FLYING J #889,"I-57/I-64, EXIT 95 & SR-15",Mount Vernon,IL,574,3.359,38.3116984,-88.9573995
5607,RICE MART,"I-45 & FM 1603, EXIT 238",Rice,TX,630,3.019,32.199365,-96.472974
5579,SAPP BROS TRAVEL CENTER,US-30,Columbus,NE,486,3.219,41.117966,-102.950194
5554,Southfork TRUCK STOP,"I-30, EXIT 63 & SR-53",Gurdon,AR,635,3.459,33.99284127642,-93.195358551222
5592,TA COLUMBIA NORTH,"I-20, EXIT 71 & US-21",Columbia,SC,46,3.439,34.0678031,-80.9964814
5649,Fast Stop,"I-10, EXIT 182 & SR-22",Sorrento                                ,LA,623,3.699,30.169899,-90.878812
5569,TA EXPRESS NORWOOD #0450,US-60,Norwood,MO,535,3.449,37.116896,-92.420031
5597,CM LAKE CHARLES FUEL STOP 36,"I-10, EXIT 36 & SR-397",Lake Charles,LA,690,3.299,30.2381839,-93.2170406
5601,BP,"I-24, EXIT 16",Paducah,KY,490,3.429,37.035684,-88.666729
5661,TA Express #287,"I-40, EXIT 288 & SR-111",Cookeville,TN,460,3.299,36.156589,-85.501014
5608,SHOP A LOTT  #3,US-84 & US-171,Mansfield                               ,LA,766,3.13566666,32.029237,-93.71292
5603,TA NORTH CANTON TRAVEL CENTER,"I-77, EXIT 111",North Canton,OH,249,3.624,40.877204,-81.402456
5670,TA MOUNT VERNON TRAVEL CENTER,"I-57 & I-64, EXIT 95",Mount Vernon,IL,574,3.449,48.43677,-122.33294
5618,MCCLURE OIL #52,"I-65/US-52, EXIT 140 & SR-32",Lebanon                                 ,IN,375,3.584,40.0482,-86.49233
5606,FLYING J #511,"I-94, EXIT 147",Mandan,ND,273,3.95233333,46.826465,-100.88974
5670,TA MOUNT VERNON TRAVEL CENTER,"I-57 & I-64, EXIT 95",Mount Vernon,IL,574,3.499,48.43677,-122.33294
5659,TEX-BEST #526,US-59 & US-281,George West,TX,625,3.299,28.327227,-98.11332
5613,CHEVRON #381108,"I-82, EXIT 36",Yakima,WA,925,3.999,46.606237,-120.467523
5667,PILOT TRAVEL CENTERS #393,"I-40, EXIT 24 & SR-209",Waynesville                             ,NC,210,3.759,35.5717,-82.9558
5651,LOVES TRAVEL STOP #303,"I-64, EXIT 43 & SR-395",Waddy,KY,415,3.749,38.1515657,-85.0695825
5669,KWIK TRIP #497,I-90 EXIT 266 & CR-12,Dakota,MN,515,3.474,43.923974,-91.438721
5718,TOOT N TOTUM #104,US-287,Dalhart,TX,585,3.199,36.055878,-102.507047
5660,Pride Convenience Store,"I-90, EXIT 51 & I-291",Chicopee,MA,100,3.509,42.161101,-72.614173
5670,TA MOUNT VERNON TRAVEL CENTER,"I-57 & I-64, EXIT 95",Mount Vernon,IL,574,3.539,48.43677,-122.33294
5729,MENOMONIE FARMERS UNION,"I-94, EXIT 45 & CR-B",Menomonie,WI,295,3.649,44.911487,-91.932771
5674,TA MADISON TRAVEL CENTER,"I-20, EXIT 114 & US-441",Madison,GA,16,3.89066666,41.86005,-84.04244
5730,SCOTTS QUICK STOP,SR-53 & SR-46,Marlette,MI,342,3.399,43.415181,-83.087692
5739,PILOT TRAVEL CENTERS #284,"I-75, EXIT 18",Monroe                                  ,MI,325,3.399,41.9638753,-83.3537281
5677,YESWAY #1178,CR-13,Kadoka,SD,506,3.189,43.836812,-101.522454
5739,PILOT TRAVEL CENTERS #284,"I-75, EXIT 18",Monroe                                  ,MI,325,3.439,41.9638753,-83.3537281
5739,PILOT TRAVEL CENTERS #284,"I-75, EXIT 18",Monroe                                  ,MI,325,3.249,41.9638753,-83.3537281
5691,Pilot Travel Center #666,"I-94, EXIT 30",Benton Harbor,MI,465,3.059,42.0904639,-86.4128389
5751,TA LAKE PARK TRAVEL CENTER,"I-75,  EXIT 2",Lake Park,GA,20,3.31566666,30.644045,-83.187484
5754,ROAD TRIP OASIS PERRY,"I-69, EXIT 105 & SR-52",Perry,MI,406,3.799,42.836058,-84.220966
5700,BEACON & BRIDGE #18,US-131 BUS,Big Rapids,MI,456,3.559,43.743417,-85.504438
5758,SPEEDY Q MARKET #8206,"I-94, EXIT 274",Port Huron                              ,MI,325,3.899,42.969825,-82.433157
5770,Kwik Trip # 1281,"I-43, EXIT 107",Belgium                                 ,WI,444,3.25566666,43.50066,-87.833868
5700,BEACON & BRIDGE #18,US-131 BUS,Big Rapids,MI,456,3.319,43.743417,-85.504438
5780,BILLS TRUCKSTOP,"I-85, EXIT 86                 ",Linwood                                 ,NC,65,3.449,35.7560371,-80.346653
5771,DUNES AUTO TRUCK PLAZA,"I-94, EXIT 12",Sawyer,MI,465,3.499,41.8851726,-86.6041771
5700,BEACON & BRIDGE #18,US-131 BUS,Big Rapids,MI,456,3.339,43.743417,-85.504438
5799,STAPLES OIL,"I-90, EXIT 146",Alden,MN,425,3.299,46.357661,-94.793397
5771,DUNES AUTO TRUCK PLAZA,"I-94, EXIT 12",Sawyer,MI,465,3.599,41.8851726,-86.6041771
5721,TA BALTIMORE SOUTH TRAVEL CENTER,"I-95, EXIT 41A & SR-175 & US-1",Jessup,MD,22,4.599,39.166722,-76.782643
5823,ENMARKET #863,"I-95, EXIT 8 & SR-88",Hardeeville,SC,195,3.08233333,32.3130149,-81.0620851
5801,TA WYTHEVILLE TRAVEL CENTER,"I-81, EXIT 72 & I-77, EXIT 41",Wytheville,VA,185,3.519,36.950535,-81.084277
5739,PILOT TRAVEL CENTERS #284,"I-75, EXIT 18",Monroe                                  ,MI,325,3.299,41.9638753,-83.3537281
5842,PETRO STOPPING CENTER #6367,"I-57,  EXIT 335",Monee,IL,290,3.459,41.4258,-87.7549
5821,TA PORTLAND TRAVEL CENTER,"I-5,  EXIT 278",Aurora,OR,935,4.03233333,45.231609,-122.755369
5739,PILOT TRAVEL CENTERS #284,"I-75, EXIT 18",Monroe                                  ,MI,325,3.559,41.9638753,-83.3537281
5873,SOUTHERN VALLEY COOP,ST 14 BYPASS,Mankato                                 ,MN,425,3.499,44.164648,-94.00485
5830,115 TRUCKSTOP #5001,"I-94, EXIT 115",Marshall,MI,431,3.429,42.284268,-84.863294
5754,ROAD TRIP OASIS PERRY,"I-69, EXIT 105 & SR-52",Perry,MI,406,3.699,42.836058,-84.220966
5907,SPEEDWAY #4035,CR-101,Shakopee,MN,448,3.599,44.780702,-93.506085
5842,PETRO STOPPING CENTER #6367,"I-57,  EXIT 335",Monee,IL,290,3.499,41.4258,-87.7549
5774,PJ TRAVEL PLAZA,"I-80, EXIT 192 & SR-880",Loganton,PA,138,3.479,41.035249,-77.303659
5935,WESTHAMPTON VALERO,I-295 EXIT 47A,Mount Holly                             ,NJ,160,3.329,40.030749683491,-74.856876379878
5842,PETRO STOPPING CENTER #6367,"I-57,  EXIT 335",Monee,IL,290,3.399,41.4258,-87.7549
5830,115 TRUCKSTOP #5001,"I-94, EXIT 115",Marshall,MI,431,3.499,42.284268,-84.863294
5944,LAKE MILLS TRAVEL PLAZA,"I-94, EXIT 259 & SR- 89/CR-G",Lake Mills,WI,420,3.36066666,43.081315,-88.911707
5901,ROTHSAY TRUCK STOP,"I-94, EXIT 38",Rothsay,MN,341,3.209,46.479635,-96.279946
5830,115 TRUCKSTOP #5001,"I-94, EXIT 115",Marshall,MI,431,3.589,42.284268,-84.863294
5946,PILOT TRAVEL CENTERS #918,I-90 EXIT 55,Rapid City,SD,506,3.999,44.113323,-103.2729468
5951,ROAD RANGER #157,I-64 EXIT 41,Okawville,IL,540,3.799,38.436486,-89.534232
5860,SPEEDWAY #4610,"I-35, EXIT 59 & SR-21",Faribault,MN,448,3.759,44.317641,-93.295152
5949,EXXON,US-59 & LOOP 151,Texarkana                               ,TX,723,3.16566666,33.46313,-94.066158
5963,OZONA ONE STOP,"I-10, EXIT 372",Ozona                                   ,TX,710,2.98233333,30.710218,-101.207369
5903,Circle K #2746447,I-94/US-52 EXIT 127 & US-71/SR-28,Sauk Centre,MN,250,3.189,45.724086,-94.950936
5965,TRUCK TOWNE,I-29 EXIT 47 & SR-46,Beresford                               ,SD,572,3.159,43.084056,-96.802499
5971,WACO TRAVEL CENTER,SR-19,Perry,FL,20,3.699,30.117115,-83.578034
5909,SINCLAIR,"I-90, EXIT 233",Saint Charles,MN,515,3.529,43.948923,-92.066323
5990,360 TRUCK STOP,US-360,Amelia Court House,VA,180,3.599,37.357759,-77.87465
5980,THRIFT MART TRUCK PLAZA,"I-85/US-460, EXIT 63A & US-1/US-460 BUS",Petersburg,VA,180,3.199,37.197711,-77.466401
5927,HARRISONBURG TRAVEL CENTER,"I-81,  EXIT 243 & US-11",Harrisonburg,VA,185,2.899,38.40374,-78.91095
5996,Fast Stop Travel Centers #1134,"I-80/US-30, EXIT 99 & US-191/SR-373",Rock Springs,WY,827,3.499,41.251104,-110.940066
5942,EXPRESS MART TRUCK STOP,"I-55, EXIT 185 & US-67/US-61",Barnhart,MO,540,2.99733333,38.2876463,-90.4054265
6018,TA BLOOMINGTON TRAVEL CENTER,"I-55, I-74 & I-39 , EXIT 160",Bloomington,IL,280,3.619,37.5778,-96.87253
6018,TA BLOOMINGTON TRAVEL CENTER,"I-55, I-74 & I-39 , EXIT 160",Bloomington,IL,280,3.449,37.5778,-96.87253
5979,TA LAFAYETTE TRAVEL CENTER,"I-10 & SR-182, EXIT 101",Lafayette,LA,600,3.134,30.22126,-92.018773
6018,TA BLOOMINGTON TRAVEL CENTER,"I-55, I-74 & I-39 , EXIT 160",Bloomington,IL,280,3.649,37.5778,-96.87253
6037,CRYSTAL OIL,"I-129/US-20/US-75,  EXIT 2",South Sioux City,NE,527,3.549,42.444781,-96.414589
5999,PILOT TRAVEL STOP #492,"I-30, EXIT 78 & SR-7",Arkadelphia,AR,635,3.559,34.186592,-93.070646
6033,EMERY'S,US-54,Deerfield,MO,277,3.349,37.840376,-94.501547
6047,FAST LANE #26,US-61,Eolia,MO,494,3.099,39.232651,-91.017009
5999,PILOT TRAVEL CENTER #492,"I-30, EXIT 78 & SR-7",Arkadelphia,AR,635,3.499,34.186592,-93.070646
6051,CIRCLE K #2709846,"I-25, EXIT 240",Longmont,CO,800,3.05733333,40.160123,-104.980517
6058,MOTOR INN AUTO TRUCK STOP,I-75 EXIT 110,Mendon,OH,370,3.199,40.671853,-84.518608
6001,ALLSUPS #2392,US-70 & US-285,Roswell,NM,700,3.199,33.394819,-104.558602
6068,AYERCO #24,US-61 & CR MM,Hannibal,MO,494,3.099,39.70518,-91.389302
6082,Palmetto Truck Plaza,US-27/SR-25 & SR-826,Hialeah,FL,95,3.399,25.856589,-80.324885
6009,CASEYS #2652,US-65 & US-36,Chillicothe,MO,400,3.289,39.793421,-93.552559
6093,ONE9 #901,"I-80 & US-183, EXIT 257",Elm Creek,NE,330,2.96566666,40.780871931625,-99.15963984582
6010,SEGOVIA TRUCK STOP,"I-10, EXIT 465",Junction,TX,739,2.999,30.4176004,-99.6723869
6096,Waverly Travel Center,US-23,Waverly                                 ,OH,315,3.41566666,41.575152,-72.637246
6018,TA BLOOMINGTON TRAVEL CENTER,"I-55, I-74 & I-39 , EXIT 160",Bloomington,IL,280,3.599,37.5778,-96.87253
6150,CIRCLE K #2723707,"I-81,  EXIT 150",Troutville,VA,65,3.06566666,37.386531,-79.903434
6097,SAPP BROS TRAVEL CENTER,"I-80, EXIT 263",Elm Creek,NE,330,3.18733333,41.117966,-102.950194
6018,TA BLOOMINGTON TRAVEL CENTER,"I-55, I-74 & I-39 , EXIT 160",Bloomington,IL,280,3.539,37.5778,-96.87253
6164,PILOT TRAVEL CENTER #268,"I-80/US-6, EXIT 284",Walcott,IA,270,3.859,41.614501,-90.782226
6154,TA MOBILE TRAVEL CENTER,"I-10,  EXIT 4",Grand Bay,AL,715,3.13566666,30.498498,-88.333963
6041,COCKERHAM FUEL CENTER #4,"I-77, EXIT 14 & US-58/US-221",Hillsville,VA,185,3.28233333,36.744482,-80.774554
6164,PILOT TRAVEL CENTERS #268,"I-80/US-6, EXIT 284",Walcott,IA,270,3.88566666,41.614501,-90.782226
6165,TEMP STOP #117,I-70 & GRAIN VALLEY RD EXIT 24,Grain Valley,MO,400,2.959,39.020078,-94.197654
6057,PILOT TRAVEL CENTER #903,"I-70/US-40, EXIT 252",Salina,KS,523,3.759,38.8741792,-97.6107025
6173,PILOT TRAVEL CENTERS #21,"I-94, EXIT 167",Dexter,MI,325,3.659,42.296294,-83.87958
6167,PILOT TRAVEL CENTERS #167,US-71,Nevada,MO,277,3.49566666,37.835565,-94.324779
6057,PILOT TRAVEL CENTERS #903,"I-70/US-40, EXIT 252",Salina,KS,523,3.779,38.8741792,-97.6107025
6173,PILOT TRAVEL CENTERS #21,"I-94, EXIT 167",Dexter,MI,325,3.599,42.296294,-83.87958
6172,SPEEDWAY #2319,"I-96, EXIT 77",Portland,MI,431,3.549,42.861673,-84.886778
6083,BP,"I-35, EXIT 33",Holt                                    ,MO,400,3.049,39.459489,-94.323436
6175,ONVO TRAVEL PLAZA - MIFFLINTOWN,US-322/US-22 & SR-35,Mifflintown,PA,138,3.479,40.57893,-77.374664
6179,HENDERSON TRAVEL PLAZA,"I-10, EXIT 115 & SR-347",Breaux Bridge                           ,LA,690,3.38566666,30.312540948134,-91.810068357758
6087,BREAK TIME #3173,US-54 & CR-HH,Fulton,MO,310,3.299,38.847294,-91.953823
6182,Exxon,"I-20, EXIT 205 & SR-46",Heflin,AL,587,3.01566666,33.646142,-85.506016
6188,SIGNAL FOOD STORE #112,US-65 & SR-J,Ozark,MO,535,2.999,37.069815,-93.222941
6106,TA HUNTINGTON,"I-84, EXIT 353",Huntington,OR,982,3.639,44.293195,-117.224353
6198,DAVIS TRAVEL CENTER #102,"I-95/US-301, EXIT 33 & SR-602",Stony Creek,VA,180,3.06566666,36.977987,-77.394985
6111,HAWGS EXXON,US-167/SR-25,Batesville                              ,AR,418,3.359,35.78795,-91.64181
6215,FUEL HUB,"I-87, EXIT 21B",West Coxsackie,NY,12,3.599,42.362258,-73.826883
6206,PETRO PORTAGE,"I-90 & I-94, EXIT 108-A",Portage,WI,420,3.80733333,43.438829742426,-89.550499694018
6172,SPEEDWAY #2319,"I-96, EXIT 77",Portland,MI,431,3.699,42.861673,-84.886778
6218,LOVES TRAVEL STOP #215,"I-40, EXIT 16 & US-40 BUS/US-66",Gallup,NM,580,3.43733333,35.53498,-108.73795
6212,MR FUEL,"I-55, EXIT 180",Pevely,MO,540,3.01566666,38.285887,-90.405358
6173,PILOT TRAVEL CENTERS #21,"I-94, EXIT 167",Dexter,MI,325,3.649,42.296294,-83.87958
6222,QUIKTRIP #236,"I-29/US-71, EXIT 18 & SR-92",Platte City,MO,400,2.999,39.354993,-94.767252
6214,PIONEER Travel Plaza,"I-41, EXIT 60 & SR-145",Richfield,WI,444,3.21566666,43.2821052,-88.1977051
6173,PILOT TRAVEL CENTERS #21,"I-94, EXIT 167",Dexter,MI,325,3.579,42.296294,-83.87958
6219,SCHATZ CROSSROADS,US-2 /US-52,Minot,ND,452,3.549,48.21084,-101.268184
6251,BREAUX BRIDGE VALERO #1408,"I-10 & SR-347, EXIT 115",Breaux Bridge,LA,730,3.499,30.291835,-91.915098
6180,Circle #4703923,"I-24, EXIT 180B & US-27",Chattanooga,TN,285,2.78566666,35.036977617929,-85.173999040561
6258,CASEYS #6342,"I-29, EXIT 144 & US-169",Saint Joseph,MO,400,3.169,39.768194,-94.848164
6227,MARLOWS FUEL CENTER,"I-20, EXIT 479",Dallas                                  ,TX,630,3.24066666,32.684687,-96.621657
6200,KWIK FILL #388,"I-80, EXIT 29 & SR-8",Harrisville,PA,165,3.404,41.197368,-79.976127
6229,FUEL MART #764,"I-70, EXIT 66 & SR- 54",South Vienna                            ,OH,315,3.129,39.935532,-83.611023
6275,TA SEATTLE EAST TRAVEL CENTER,"I-90, EXIT 34",North Bend,WA,962,3.959,47.468152,-121.718353
6221,LOVES TRAVEL STOP #214,I-10 EXIT 37,El Paso,TX,640,3.07566666,31.659769,-106.237464
6284,7-ELEVEN #40513,I-90/80-IN TOLL RD MM 22W,Portage,IN,365,3.999,41.58686,-87.217447
6242,TA FORISTELL TRAVEL CENTER,"I-70, EXIT 203",Foristell,MO,540,3.019,38.745070500054,-90.943498008826
6232,OASIS TRUCK STOP,"I-44 & SR-133, MM 145",Richland,MO,416,3.324,37.77084,-92.406074
6296,GRAY TRUCK STOP,US-71/US-136,Maryville,MO,400,3.26566666,40.389201,-94.877653
6243,GARDEN INN TRAVEL PLAZA,US-60/US-63,Cabool,MO,535,3.299,37.123589,-92.103988
6252,PILOT TRAVEL CENTERS #12,I-80 & I-90 EXIT 71,Perrysburg,OH,550,3.759,41.5226958,-83.4621991
6305,I-95 Fuel Stop,"I-95, EXIT 126 & US-17/US-1",Fredericksburg,VA,180,3.264,38.234085,-77.502048
6271,TA DENTON TRAVEL CENTER,"I-35, EXIT 471 & US-77",Denton,TX,630,3.254,33.215533,-97.13245
6275,TA SEATTLE EAST TRAVEL CENTER,"I-90, EXIT 34",North Bend,WA,962,3.899,47.468152,-121.718353
6307,QUIKTRIP #608,"I-70, MID RIVERS MALL",Saint Peters,MO,540,2.904,38.801261,-90.622493
6275,TA SEATTLE EAST TRAVEL CENTER,"I-90, EXIT 34",North Bend,WA,962,3.859,47.468152,-121.718353
6290,FUEL KING NAPOLEON TRAVEL CENTER,"US-6/US-24/SR/CR-3, EXIT 41",Napoleon,OH,550,3.439,41.391099,-84.124808
6308,Pilot Travel Centers #354,"I-64, EXIT 28",Simpsonville,KY,415,3.759,38.210304,-85.348099
6286,APPLE MARKET #526,"I-64, EXIT 94",Winchester,KY,410,2.91566666,37.998346456587,-84.20604387626
6299,HWY 34 TRUCKSTOP,"US-34, EXIT 258",West Burlington                         ,IA,345,3.374,40.82704933884,-91.235762482705
6315,AYERCO #25,US-24,Taylor,MO,494,3.01566666,39.930317,-91.431606
6293,PETRO STOPPING CENTER #313,"I-40, EXIT 79",Milan,NM,580,3.57066666,35.1792249,-107.9038543
6309,WINNERS CIRCLE #1,"I-30 & US-270, EXIT 98A",Malvern,AR,695,3.35233333,34.393877,-92.82825
6346,SPEEDWAY #4710,US-71/SR-60,Windom,MN,425,3.299,43.872498,-95.113957
6327,PETRO STOPPING CENTER #312,"I-40 & I-75, EXIT 369",Knoxville,TN,405,3.42566666,35.874755,-84.236454
6310,CIRCLE K #2707515,US-27/SR-25 & US-98/US-700/SR-700/SR-66,Sebring,FL,140,3.389,27.470393,-81.486298
6374,TA ELGIN WEST TRAVEL CENTER,I-90 &  US-20,Hampshire,IL,290,3.459,42.09691,-88.530144
6330,TA EDINBURG TRAVEL CENTER,I-69C/US-281 & FM-2812,Edinburg,TX,639,3.01066666,41.09978,-81.14593
6326,KANZA TRAVEL PLAZA,"I-35, EXIT 231 AND US-177",Braman,OK,500,3.02733333,36.93994,-97.34382
6356,CIRCLE K #2721536,ST 6 EAST,Batesville,MS,435,3.24066666,34.311736,-89.943726
6318,Chisholm Corner #15,"I-35, EXIT 72 & US-19",Pauls Valley                            ,OK,569,3.38733333,34.7404877,-97.2598254
6370,TA ROCKWALL TRAVEL CENTER,"I-30/US-67, EXIT 68 & SR-205",Rockwall,TX,630,3.13733333,32.9310513,-96.4586496
6334,231 PLAZA AND TRUCK STOP,US-231/SR-75 & SR-20,Youngstown,FL,20,3.494,30.4334824,-85.4288518
6393,PILOT TRAVEL CENTERS #478,"I-64, EXIT 92",Leavenworth                             ,IN,415,3.959,38.2389988,-86.3622541
6341,TA RAWLINS TRAVEL CENTER,"I-80, EXIT 214",Rawlins,WY,795,3.72233333,41.775172,-107.22366
6401,CIRCLE K #2723457,"I-10, EXIT 34-B",Gulfport,MS,715,2.989,30.393551,-89.04476
6434,AMPRIDE ALL ROUND TRUCK STOP,US-20,Fort Dodge,IA,343,3.299,42.500786,-94.147914
6351,FLYING J TRAVEL PLAZA #608,"I-10, EXIT 1",Ehrenberg,AZ,930,3.959,33.602133,-114.523475
6441,GRAND OIL,"I-75, EXIT 41 & SR-80",London                                  ,KY,410,3.499,37.148352,-84.117245
6374,TA ELGIN WEST TRAVEL CENTER,I-90 &  US-20,Hampshire,IL,290,3.539,42.09691,-88.530144
6462,ARCO #471770,US-281 & SR-5,Dunseith,ND,452,3.499,48.806936,-100.061998
6448,CIRCLE K #2723392,"I-59, EXIT 97 & US-84",Laurel,MS,620,2.95233333,31.698088,-89.115887
6374,TA ELGIN WEST TRAVEL CENTER,I-90 &  US-20,Hampshire,IL,290,3.599,42.09691,-88.530144
6492,FLICKS,US-49,Richland,MS,760,2.999,32.231985,-90.162806
6468,TA SAYRE TRAVEL CENTER,"I-40 & CEMETARY RD, EXIT 26",Sayre,OK,483,3.064,35.334357,-99.5945
6374,TA ELGIN WEST TRAVEL CENTER,I-90 &  US-20,Hampshire,IL,290,3.499,42.09691,-88.530144
6502,SQUAW CREEK TRAVEL PLAZA,"I-29, EXIT 79 & US-159",Forest City,MO,400,3.339,40.07713,-95.197003
6480,FLYING J #934,"I-84, EXIT 265",La Grande,OR,982,3.53566666,45.32025528308,-118.097381997088
6374,TA ELGIN WEST TRAVEL CENTER,I-90 &  US-20,Hampshire,IL,290,3.469,42.09691,-88.530144
6517,HARDYS #5,"I-80, EXIT 4   4",Wendover,UT,835,3.499,40.736501,-114.0402
6518,TOWN PUMP FOOD STORE #310,"I-15, EXIT 164",Boulder,MT,816,3.559,46.244179,-112.117145
6387,FLYING J FRANCHISE #966,"I-80, EXIT 229",Battle Mountain,NV,966,3.79233333,40.6415462,-116.9355657
6526,TULIP CITY TRUCK STOP,"I-196 & SR-40, EXIT 49",Holland,MI,344,3.739,42.737765,-86.06624
6562,PILOT #1323,"I-29, EXIT 35                 ",Faucett                                 ,MO,400,3.27233333,39.600972,-94.791132
6391,TOOT N TOTUM #106,US-287,Dumas,TX,585,3.00566666,35.847673,-101.972846
6527,ZIP TRIP #50,"I-90, EXIT 426",Park City,MT,780,3.584,45.631539,-108.915997
6393,PILOT TRAVEL CENTER #478,"I-64, EXIT 92",Leavenworth                             ,IN,415,3.959,38.2389988,-86.3622541
6564,FLYING J FRANCHISE #970,US-395,Pasco                                   ,WA,925,4.599,46.2415353,-119.1173881
6588,TOWN PUMP FOOD STORE #4300,"I-90, EXIT 249",Whitehall,MT,786,3.659,46.320801,-111.521886
6442,CLARK OIL #49,US-84,Laurel,MS,620,2.999,31.703987990834,-89.137119990372
6565,TA Greeneville Travel Center,"I-81,  EXIT 36",Greeneville,TN,405,3.55233333,36.162428,-82.831966
6607,TRANSIT TRUCK STOP,"I-97, EXIT 10",Millersville,MD,22,3.46566666,39.102255,-76.627961
6496,SPEEDY EXPRESS #38,"I-35, EXIT 305",Mathis,TX,625,3.199,28.111351,-97.81884
6577,AC & T TRAVEL CENTER,"I-81, EXIT 5 W",Hagerstown,MD,70,3.659,39.630784,-77.784784
6608,7-ELEVEN #35560,SR-16,Charlotte,NC,46,3.999,35.232569836608,-80.835652260715
6547,FLYING J TRAVEL PLAZA #762,"I-90, EXIT 126 & SR-59",Gillette,WY,836,3.899,41.7776905,-107.3110927
6578,PILOT TRAVEL CENTER #909- TOWN PUMP,"I-15 & US-2, EXIT 363",Shelby                                  ,MT,815,3.63566666,48.506342,-111.859296
6632,TA SAVANNAH TRAVEL CENTER,"I-95/SR-405,  EXIT 87 & US-17/SR-25",Richmond Hill,GA,195,3.35066666,31.92517,-81.332645
6563,Road Ranger #282,"I-35, EXIT 500",Gainesville,TX,630,3.17566666,33.669712,-97.152262
6633,BAKER TRUCK CORRAL,"I-84, EXIT 304",Baker City,OR,982,3.42566666,44.7807873,-117.8132302
6640,PETRO STOPPING CENTER JOHNSTOWN,"I-25, EXIT 254",Johnstown                               ,CO,800,3.42733333,42.69585,-88.83955
6567,YELLOWSTONE TRUCK SHOP,"I-90, EXIT 330",Livingston,MT,786,3.649,45.398294976482,-110.697648732753
6659,GURNEE TRUCK STOP,US-41,Gurnee                                  ,IL,290,3.289,42.3958622,-87.9277891
6655,BP DBA TA ELKTON TRAVEL CENTER,"I-95,  EXIT 109B",Elkton,MD,150,4.969,39.643656,-75.79798
6593,LITTLE AMERICA TRAVEL CENTER,"I-40, EXIT 198",Flagstaff,AZ,930,3.539,35.190555,-111.619768
6659,GURNEE TRUCK STOP,US-41,Gurnee                                  ,IL,290,3.379,42.3958622,-87.9277891
6661,TA FRANKLIN TRAVEL CENTER,"I-65, EXIT 61",Franklin,TN,460,3.839,38.428425078156,-90.993157291576
6628,FLYING J TRAVEL PLAZA #682,"I-85, EXIT 150",Haw River,NC,65,3.94233333,36.0721034,-79.3541056
6677,ROADWAY TRAVEL CENTER,"I-29, EXIT 73",Sioux Falls                             ,SD,530,3.199,43.54731,-96.731297
6701,JACKS TRUCK STOP,"I-65, EXIT 304 & SR-69",Cullman,AL,615,3.999,34.115074,-86.8634
6642,TA VERO BEACH TRAVEL CENTER #197,"I-95/SR-9, EXIT 147 & SR-60",Vero Beach,FL,95,3.484,27.638883,-80.38908
6693,SAPP BROS TRAVEL CENTER,US-77,Fremont,NE,486,3.34566666,41.117966,-102.950194
6725,TA EXPRESS GRAND FORKS #948,"I-29, EXIT 141 & US-2",Grand Forks,ND,355,3.539,47.923878409077,-97.073927835964
6646,FAMILY EXPRESS #35 (DISCOUNT AVAILABLE),"I-65, EXIT 215 & SR-114",Rensselaer                              ,IN,365,3.13233333,40.93654,-87.150735
6704,FL Roberts,"I-91, EXIT 24",Whately,MA,100,3.559,42.463609,-72.6183
6736,EAGLEVILLE TRAVEL CENTER,"I-35 & ROUTE N, EXIT 106",Eagleville,MO,320,2.93566666,40.465271,-93.974298
6663,TA of Mocksville,"I-40, EXIT 170 & US-601",Mocksville,NC,46,3.699,35.825646,-80.527672
6716,MARATHON,"I-29/US-81, EXIT 65 & I-94 BUS/US-10",Fargo,ND,341,3.449,46.861921,-96.824102
6755,PETRO STOPPING CENTER #326,"I-40, EXIT 161 & SR-391",North Little Rock,AR,695,3.20733333,34.782014,-92.130825
6734,TOMAHAWK TRUCK STOP,"I-25, EXIT 128",Fountain,CO,803,3.299,38.672559,-104.712
6721,STAMART 1222,"I-29, EXIT 64",Fargo,ND,341,3.38566666,46.876245,-96.826269
6760,BETTY BEAVERS TRUCKSTOP,"I-87, EXIT 32",Lewis,NY,12,3.719,44.281757,-73.538671
6760,BETTY BEAVERS TRUCKSTOP,"I-87, EXIT 32",Lewis,NY,12,3.619,44.281757,-73.538671
6742,Holiday #3810,"I-94/US-52, EXIT 178 & SR-24",Clearwater,MN,453,3.22066666,45.415097,-94.050789
6811,PUMP & PANTRY #24,US-6/CR-74,Hastings,NE,330,3.399,40.582087,-98.360104
6840,PETRO DEMING,"I-10, EXIT 68",Deming,NM,640,3.38566666,32.270498,-107.753862
6744,FLYING J #550,US-2/US-52,Minot,ND,273,3.93566666,48.2355225,-101.2959618
6823,PETRO STOPPING CENTER #301,"I-10, EXIT 37",El Paso,TX,640,3.124,31.660417,-106.241893
6845,NEBRASKALAND TIRE SHOP,"I-80, EXIT 237 & US-283",Lexington,NE,330,2.999,40.772308,-99.73978
6745,TIGER TRUCK STOP,"I-10, EXIT 139",Grosse Tete,LA,600,3.059,30.417276,-91.435623
6842,FLYNNS TRUCK PLAZA,"US-20, EXIT 11 & SR-140",Shrewsbury,MA,175,3.61566666,42.2501656,-71.7150936
6859,PRIME STOP,US-81,Norfolk,NE,470,3.229,42.092105,-97.425784
6765,CIRCLE C TRAVEL PLAZA,"I-95, EXIT 68 & SR-61",Walterboro,SC,195,3.079,33.082561,-80.648012
6850,BROKEN WHEEL TRUCK STOP,"I-25, EXIT 135",Douglas,WY,790,3.759,42.738198,-105.346516
6885,GO MART FOOD STORE #31,"I-77, EXIT 95 & SR-61",Charleston                              ,WV,44,3.499,38.366661,-81.581292
6806,Onvo Travel Plaza,"I-78/US-22, EXIT 45 & SR-863",Kutztown,PA,90,3.32733333,40.581253,-75.707177
6857,TA SPARKS TRAVEL CENTER,"I-80, EXIT 19 & SR-659",Sparks,NV,966,3.899,39.583356508325,-119.717216994482
6886,PWI #535,"I-70, EXIT 47",Palisade,CO,800,3.379,39.1061259,-108.3509771
6810,TA RICHMOND,"I-95, EXIT 89 & SR-802",Ashland,VA,180,3.60566666,37.540759,-77.433932
6869,TA WHEELING TRAVEL CENTER,"I-70, EXIT 11 & CR-41",Valley Grove,WV,165,3.529,39.1470962,-80.7717811
6897,Speedee Mart #2890,US-20 & US-83,Valentine,NE,475,3.329,42.867313,-100.550077
6864,JJS TRUCK STOP,"I-30, EXIT 106",Malvern,AR,695,3.31566666,34.362369,-92.812347
6883,PILOT TRAVEL CENTERS #517,US- 22 & SR-322,Duncannon,PA,70,4.199,40.4056334,-77.009633
6944,CROSSROADS TRUCK STOP,"I-82, EXIT 1 & US-730",Umatilla,OR,982,3.239,45.917901,-119.324457
6915,FLITE LINE SUNOCO,"I-95, EXIT 3",Portsmouth,NH,34,3.69566666,43.079621,-70.771675
6901,PRIME STOP,US-275,Wisner,NE,470,3.259,41.991286,-96.922345
6951,ARROWHEAD TRAVEL PLAZA,"I-84, EXIT 216 & SR 331,",Pendleton,OR,982,3.259,45.643399,-118.682919
6927,TORCH 85 TRUCK PLAZA,"I-85, EXIT 42",Tuskegee,AL,720,3.27233333,32.46886,-85.65414
6961,LITTLE AMERICA,"I-80, EXIT 358 & I-25, EXIT 9 & US-30",Cheyenne,WY,795,3.709,41.208296613613,-104.989403931082
6960,FLYING J TRAVEL PLAZA #761,"I-80 & US-189, EXIT 3",Evanston,WY,835,3.699,41.2643314,-110.9779719
6948,PILOT #4563,"I-8I, EXIT 77",Harrisburg,PA,70,3.869,40.351858,-76.716337
6962,LITTLE AMERICA TRAVEL CENTER,"I-80, EXIT 68 & SR-374",Little America,WY,835,3.52566666,41.544397,-109.858826
6970,TA Twin City East Travel Center,I-94  EXIT 4 & US-12,Hudson,WI,450,3.54733333,44.9792,-92.757121
6954,BOLLA MARKET #198,SR-17MAHWA,Mahwah,NJ,115,3.58566666,41.092046,-74.135204
6963,Atlantis Fresh Market #553,"I-84, EXIT 1",Montague,NJ,120,3.509,41.352689,-74.685079
6981,Kwik Trip #1197,"US-151, EXIT 26",Belmont,WI,335,3.564,42.745773,-90.341307
6968,R STORE #4513,US-41,Fond Du Lac,WI,360,3.299,43.742992,-88.422379
6971,KWIK TRIP #1013,"I-41, EXIT 57 & SR-167",Richfield,WI,444,3.39066666,43.251722,-88.183807
6976,MOASIS TRUCK CENTER,US-41,Little Chute,WI,444,3.199,44.295940129411,-88.306448705624
6975,TRUCKERS INN STOP,"I-90/I-94, EXIT 132 & US-51",De Forest,WI,420,3.199,43.184201,-89.323272
6986,LOVES TRAVEL STOP #448,"I-5, EXIT 136B, SR-509",Tacoma,WA,977,4.589,47.2447221,-122.3848096
6994,FLYING J FRANCHISE #967,"I-90, EXIT 286",Spokane,WA,970,3.999,47.715001389252,-117.411293823929
6980,TA MADISON TRAVEL CENTER,"I-90/I-94/I-39, EXIT 132 & US-51",De Forest,WI,420,3.839,45.136556,-92.259789
6994,FLYING J FRANCHISE #967,"I-90, EXIT 286",Spokane,WA,970,4.029,47.715001389252,-117.411293823929
6986,LOVES TRAVEL STOPS #448,"I-5, EXIT 136B, SR-509",Tacoma,WA,977,4.589,47.245181,-122.384731
6984,TA HURRICANE TRAVEL CENTER,"I-64, EXIT 39 & SR-34",Hurricane,WV,255,3.63233333,38.4344157,-82.0178161
6994,FLYING J FRANCHISE #967,"I-90, EXIT 286",Spokane,WA,970,3.929,47.715001389252,-117.411293823929
6987,One9 #965,"I-90, EXIT 109 & US-97",Ellensburg                              ,WA,977,3.859,46.992441280791,-120.546943294272
6987,One9 #965,"I-90, EXIT 109 & US-97",Ellensburg                              ,WA,977,3.839,46.992441280791,-120.546943294272
7007,KUM & GO #0201,"I-80, EXIT 242",Coralville,IA,380,3.294,41.670333,-91.56791
6994,FLYING J FRANCHISE #967,"I-90, EXIT 286",Spokane,WA,970,4.159,47.715001389252,-117.411293823929
6987,One9 #965,"I-90, EXIT 109 & US-97",Ellensburg                              ,WA,977,3.899,46.992441280791,-120.546943294272
7005,PETRO STOPPING CENTER,"I-81 & I-64, EXIT 205",Raphine,VA,185,3.659,36.771657,-81.77755
7018,FLYING J TRAVEL PLAZA #746,"I-15 & I-80 SR 201, EXIT 305",Salt Lake City,UT,835,3.73233333,40.72592,-111.935762
6992,FLYING J #1169,"I-5, EXIT 99",Tumwater,WA,977,4.599,46.985404,-122.911681
7016,TA SALT LAKE CITY TRAVEL CENTER,"I-80, EXIT 99",Tooele,UT,835,3.769,40.250223,-112.400785
7023,TA AMARILLO WEST TRAVEL CENTER,"I-40, EXIT 74",Amarillo,TX,585,3.279,35.19156,-101.72594
6994,FLYING J FRANCHISE #967,"I-90, EXIT 286",Spokane,WA,970,4.059,47.715001389252,-117.411293823929
7037,SAMS TRUCK STOP,"I-10, EXIT 138",Van Horn,TX,640,3.999,31.063496,-104.502468
7051,PILOT #887,US-84 & US-180,Snyder,TX,575,3.24566666,32.705239,-100.865606
6999,SIMMONS TRAVEL CENTER,"I-85, EXIT 4 & SR-93/SR-903",Bracey,VA,180,3.099,36.5999064,-78.1509028
7066,REFUEL #328,"I-35,  EXIT 204",San Marcos,TX,595,2.999,29.8820831,-97.9399853
7056,TA SWEETWATER TRAVEL CENTER,"I-20, EXIT 242",Sweetwater,TX,575,3.15233333,25.76583,-80.38028
7003,TA ASHLAND TRAVEL CENTER,"I-95, EXIT 92 & SR-54",Ashland,VA,180,3.64233333,42.16747,-122.65282
7077,THE TENNESSEAN TRUCKSTOP,"I-65, EXIT 22 & US-31 ALT/SR-11",Cornersville,TN,460,3.799,35.3104895,-86.8797486
7059,TA BIG SPRING TRAVEL CENTER,"I-20, EXIT 177 & US-87",Big Spring,TX,612,3.699,41.051568,-102.070844
7004,FRANKS TRUCKING CENTER,"I-264, EXIT 13B",Chesapeake,VA,130,3.449,36.7835388,-76.4214554
7064,SPEEDWAY #9804,"I-10, EXIT 25",El Paso,TX,640,3.41566666,31.753307,-106.345264
7013,ERNIES TRUCK PLAZA,"I-15, EXIT 112",Beaver,UT,910,3.399,38.288479,-112.642359
7092,LOVES TRAVEL STOP #445,I-90 EXIT 399 & SR 115,Sioux Falls,SD,530,3.889,43.54731,-96.731297
7078,TA DENMARK TRAVEL CENTER,"I-40 & SR-138, EXIT 68",Denmark,TN,435,3.539,41.75172,-80.66786
7045,BUBBLE CITY TRUCK STOP,US-64,Farmington,NM,614,3.70566666,36.7188,-108.16777
7087,PILOT #599,"I-90, EXIT 192 & I-90 BUS/US-83",Murdo,SD,506,3.799,43.885798,-100.705274
7112,TA HARRISBURG TRAVEL CENTER,"I-81, EXIT 77 & SR-39",Harrisburg,PA,70,3.81566666,40.77059,-91.77711
7058,YESWAY #1125,"I-27, EXIT 1C",Lubbock,TX,700,2.969,33.5836884,-101.8549534
7106,PILOT DEALER #1163,"I-80, EXIT 42",Emlenton,PA,165,4.03566666,41.175513,-79.739536
7121,TA BLOOMSBURG TRAVEL CENTER,"I-80, EXIT 232",Bloomsburg,PA,138,3.95733333,41.003507,-76.457647
7072,TA ANTIOCH TRAVEL CENTER,"I-24, EXIT 62",Antioch,TN,460,3.50566666,34.31176,-92.98684
7128,FLYING J #518,"I-78, EXIT 10 (PA 645)",Myerstown,PA,208,3.869,40.4634459,-76.3397164
7116,TA MILESBURG TRAVEL CENTER,"I-80, EXIT 158",Milesburg,PA,14,4.049,40.942483,-77.786166
7080,ONE9 #1422,"I-40, EXIT 197",Moriarty,NM,580,3.11566666,34.9970521,-106.0493904
7132,Terrible Herbst dba/One9 #1395,"I-15, EXIT 12",Jean,NV,910,3.459,35.780009,-115.324913
7082,Chevron,"I-65, EXIT 6",Ardmore,TN,460,3.599,35.010989,-86.877662
7137,TA BARKEYVILLE TRAVEL CENTER,"I-80, EXIT 29 & SR-8",Harrisville,PA,165,4.044,41.18986661041,-79.987647153649
7135,PETRO STOPPING CENTER #336,"I-81, EXIT 52 & I-76, EXIT 226",Carlisle,PA,70,4.149,40.2319,-77.1418
7084,Holiday StationStore #2746500,US-12 & US-281,Aberdeen,SD,248,3.114,45.459415,-98.41987
7154,TA OKLAHOMA CITY WEST TRAVEL CENTER,"I-40, EXIT 140",Oklahoma City,OK,483,3.30233333,35.475797,-97.514505
7148,TA TROUTDALE TRAVEL CENTER,"I-84, EXIT 17",Troutdale,OR,935,3.93233333,45.540746,-122.385329
7088,FLYING J FRANCHISE #931,"I-90, EXIT 61",Rapid City,SD,506,3.15733333,44.0830534,-103.224442
7166,TA London Travel Center,"I-70 & US-42, EXIT 79",London,OH,315,3.49233333,39.9530423,-83.3796197
7172,TA TOLEDO EAST TRAVEL CENTER,"I-80 & I-280, EXIT 71",Perrysburg,OH,550,3.78066666,41.557114,-83.627836
7095,TA MANNING TRAVEL CENTER,"I-95, EXIT 119",Manning,SC,135,3.51733333,33.699544,-80.211022
7173,SPEEDWAY #9954,"SR-17, EXIT 66",Apalachin,NY,32,3.999,42.059379,-76.141522
7129,TA BROOKVILLE TRAVEL CENTER,"I-80 EXIT 78, & SR-36",Brookville,PA,14,4.029,39.411681,-85.00884
7176,TA DAYTON TRAVEL CENTER,"I-70,  EXIT 10 & US-127",Eaton,OH,317,3.40066666,41.31338,-81.98125
7131,TA BREEZEWOOD TRAVEL CENTER,"I-76 & US30, EXIT 161",Breezewood,PA,14,4.299,39.996383,-78.242435
7179,JIMS TRUCK PLAZA,"I-90, EXIT 52E",Buffalo                                 ,NY,38,3.659,42.907153,-78.758417
7126,SAPP BROS TRAVEL CENTER,"I-80, EXIT 120",Clearfield,PA,14,3.899,41.042391,-78.393844
7183,TA KINGSVILLE TRAVEL CENTER,"I-90, EXIT 235 & SR-193",Kingsville,OH,305,3.88233333,41.89089,-80.67619
7180,TA HebronTravel Center,"I-70, EXIT 126 & SR-37",Hebron,OH,315,3.38233333,39.962302,-82.491457
7136,TA LAMAR TRAVEL CENTER,"I-80, EXIT 173 & SR-64",Lamar,PA,14,4.03566666,41.012121,-77.529341
7189,S and R Truck Plaza,"I-94, EXIT 260",Jamestown,ND,390,3.58566666,46.893195,-98.681668
7190,Tower Travel Center,"I-94, EXIT 307",Tower City,ND,341,3.51566666,46.920873,-97.680392
7147,JUBITZ TRAVEL PLAZA,"I-5, EXIT 307",Portland,OR,935,3.859,45.596254,-122.667483
7197,7-ELEVEN #35115,"I-90, EXIT 42",Phelps,NY,190,4.049,40.671407443828,-73.99425795601
7156,TA OKLAHOMA CITY EAST TRAVEL CENTER,"I-40, EXIT 142",Oklahoma City,OK,483,3.30066666,35.475797,-97.514505
7169,TA YOUNGSTOWN TRAVEL CENTER,"I-80 & SR 46, EXIT 223",Youngstown,OH,573,3.444,41.09832,-80.650648
7170,TRUCK WORLD TRUCKSTOP,"I-80, EXIT 234",Hubbard,OH,573,3.259,41.177773973128,-80.563857084962
7213,SENECA ONE STOP,"I-90, EXIT 58",Irving                                  ,NY,38,2.999,42.582609,-79.06954
7173,SPEEDWAY #9954,"SR-17, EXIT 66",Apalachin,NY,32,4.099,42.059379,-76.141522
7215,TA FULTONVILLE TRAVEL CENTER,"I-90, EXIT 28",Fultonville,NY,12,4.039,42.946297,-74.37162
7179,JIMS TRUCK PLAZA,"I-90, EXIT 52E",Buffalo                                 ,NY,38,3.799,42.907153,-78.758417
7220,CUMBERLAND FARMS #001662,US-9W/SR-32,Glenmont,NY,12,3.799,42.62087,-73.776943
7184,TA JEFFERSONVILLE EAST TRAVEL CENTER,"I-71, EXIT 65 & SR-435 & US-35",Jeffersonville,OH,315,3.32733333,39.637134512246,-83.590009919217
7196,SALUDA TRUCK PLAZA,"I-26, EXIT 28",Saluda                                  ,NC,210,3.099,35.245749,-82.329802
7197,7-ELEVEN #35115,"I-90, EXIT 42",Phelps,NY,190,4.019,40.671407443828,-73.99425795601
7226,TA LAS CRUCES TRAVEL CENTER,"I-10, EXIT 139",Las Cruces,NM,640,3.14066666,32.3161471,-106.780637
7198,LOVES TRAVEL STOP #507,"I-85, EXIT 71",Salisbury,NC,46,3.51066666,35.608854,-80.518162
7227,NATIONAL TRUCK STOP,"I-10, VADO EXIT 155",Vado                                    ,NM,640,2.999,32.118769,-106.662418
7212,ONVO TRAVEL PLAZA,"I-90 & RTE 22, EXIT B-3",Canaan,NY,12,3.439,42.361068,-73.427352
7230,DEMING TRUCK STOP,"I-10, EXIT 81",Deming,NM,640,2.899,32.270498,-107.753862
7212,ONVO TRAVEL PLAZA,"I-90 & RTE 22, EXIT B-3",Canaan,NY,12,3.399,42.361068,-73.427352
7231,TA ALBUQUERQUE TRAVEL CENTER,"I-25, EXIT 227 OR 225",Albuquerque,NM,580,3.58733333,35.151260900508,-106.621152242457
7213,SENECA ONE STOP,"I-90, EXIT 58",Irving                                  ,NY,38,2.899,42.582609,-79.06954
7234,TA BLOOMSBURY TRAVEL CENTER,"I-78/US-22, EXIT 7 & SR-173",Bloomsbury,NJ,115,3.79066666,40.656674,-75.079869
7239,TA PAULSBORO TRAVELCENTER,"I-295, EXIT 18A",Paulsboro,NJ,150,3.999,39.8302277,-75.2404259
7216,ONVO TRAVEL PLAZA - LOUNSBERRY,"SR-17, EXIT 63",Nichols,NY,220,3.399,42.063546,-76.323677
7237,TA COLUMBIA TRAVEL CENTER,"I-80, EXIT 4 & SR-94",Columbia,NJ,115,4.099,42.93257,-75.0371
7216,ONVO TRAVEL PLAZA - LOUNSBERRY,"SR-17, EXIT 63",Nichols,NY,220,3.439,42.063546,-76.323677
7240,Pilot Travel Centers #190,"I-78, EXIT 12 & US-22",Hampton                                 ,NJ,105,3.809,40.636835,-74.967782
7265,Fast Stop Travel Centers #1151,"I-80, EXIT 164 & CR-56C",Hershey,NE,475,3.499,41.140701,-101.003469
7220,CUMBERLAND FARMS #001662,US-9W/SR-32,Glenmont,NY,12,3.749,42.62087,-73.776943
7263,FLYING J #904,"I-80, EXIT 107",Big Springs,NE,475,3.48233333,41.0640282,-102.0745837
7268,SAPP BROS TRAVEL CENTER,"I-80, EXIT 440 & SR-50, EXIT 440",Omaha,NE,486,3.28066666,41.117966,-102.950194
7222,TA SANTA ROSA TRAVEL CENTER,"I-40/US-54, EXIT 277 & US-84",Santa Rosa,NM,580,3.45233333,38.461996,-122.727534
7264,TA GRAND ISLAND WEST TRAVEL CENTER,"I-80, EXIT 305",Alda,NE,330,3.169,40.83083,-98.38075
7284,MURALTS TRUCK PLAZA,"I-90, EXIT 96 & US-93/SR-200",Missoula,MT,820,3.609,46.872129,-113.994017
7225,LOVES TRAVEL STOP #329,US-60,Clovis,NM,593,4.089,34.3945144,-103.1445463
7269,GRAND ISLAND TRAVEL CENTER,"I-80, EXIT 312 & US-281/US-34",Grand Island,NE,330,3.26566666,40.83083,-98.38075
7228,MAVERIK COUNTRY STORE #638,"I-40, EXIT 159D & I-25/US-85, EXIT 227",Albuquerque,NM,580,3.20733333,35.187094639587,-106.63978649433
7282,ALLTOWN FRESH,"I-87, EXIT 17N & US-9",Fort Edward,NY,12,3.759,43.252172,-73.669028
7291,TA OAK GROVE TRAVEL CENTER,"I-70, EXIT 28",Oak Grove,MO,400,3.22233333,38.977659,-77.410528
7229,TA GALLUP TRAVEL CENTER,"I-40, EXIT 16 & HWY 66",Gallup,NM,580,3.43233333,35.50539,-108.83551
7282,ALLTOWN FRESH,"I-87, EXIT 17N & US-9",Fort Edward,NY,12,3.779,43.252172,-73.669028
7244,TA LAS VEGAS TRAVEL CENTER,"I-15, EXIT 33",Las Vegas,NV,910,3.73566666,36.038778003323,-115.149312990321
7285,SENECA ONE STOP,"SR-17, EXIT 20",Salamanca                               ,NY,38,3.309,42.158733,-78.745277
7248,WILD WILD WEST TRAVEL PLAZA,"I-15, EXIT 37",Las Vegas,NV,910,3.76733333,36.038778003323,-115.149312990321
7286,TA MISSOULA,"I-90, EXIT 96 & US-93",Missoula,MT,820,3.699,46.872129,-113.994017
7267,TA OGALLALA TRAVEL CENTER,"I-80, EXIT 126",Ogallala,NE,475,3.46566666,41.11358,-101.711805
7288,TA LAUREL,"I-90, EXIT 437",Laurel,MT,780,3.61233333,45.669974,-108.773038
7289,TA STRAFFORD,"I-44, EXIT 88 & SR-125",Strafford,MO,535,3.36566666,37.268339,-93.118506
7293,TA Matthews Travel Center,"I-55, EXIT 58 & SR-80",Matthews,MO,574,3.20566666,36.758953,-89.584368
7299,GASPERS - FAST LANE,"I-70, EXIT 148 & US-54",Kingdom City,MO,392,2.959,38.939918,-91.94316
7300,B AND D AUTO TRUCK PLAZA,"I-44, EXIT 127",Lebanon,MO,416,3.099,37.64956,-92.669909
7331,SPEEDWAY #9266,US-52 & SR-234,Ironton,OH,255,3.699,38.499632,-82.651949
7310,AAA HOSPITALITY,"I-55, EXIT 220",Tillatoba,MS,435,2.784,33.984687,-89.895865
7312,208 FUEL PLAZA,"I-70, EXIT 208",Belmont,OH,430,3.419,40.061396,-81.054268
7332,FLYING J #895,"I-75, EXIT 32A",Trenton,MI,325,3.249,42.14086,-83.177964
7323,TRUCKERS INN,"I-94/US-52, EXIT 127 & US-71",Sauk Centre,MN,453,3.22566666,45.718049,-94.954677
7314,TA MERIDIAN TRAVEL CENTER,"I-20 & I-59, EXIT 160",Meridian,MS,705,2.91233333,32.486461492948,-88.501546005021
7332,FLYING J #895,"I-75, EXIT 32A",Trenton,MI,325,3.349,42.14086,-83.177964
7332,FLYING J #895,"I-75, EXIT 32A",Trenton,MI,325,3.559,42.14086,-83.177964
7326,PETRO STOP #398,"I-35 & I-90, EXIT 11",Albert Lea,MN,515,4.099,43.646876,-93.368697
7337,TA BATTLE CREEK,"I-94, EXIT 104",Battle Creek,MI,385,3.999,42.31918,-85.182454
7335,TA SAWYER TRAVEL CENTER,"I-94, EXIT 12",Sawyer,MI,465,3.699,41.8835044,-86.5997358
7327,TA TEKONSHA,"I-69,EXIT 25 & SR-60",Tekonsha,MI,385,3.599,42.106496,-84.989789
7341,INTERSTATE TRAVEL PLAZA,"I-495, EXIT 14A & US-1",Wrentham,MA,175,3.699,42.04709,-71.302773
7337,TA BATTLE CREEK,"I-94, EXIT 104",Battle Creek,MI,385,3.979,42.31918,-85.182454
7327,TA TEKONSHA,"I-69,EXIT 25 & SR-60",Tekonsha,MI,385,3.699,42.106496,-84.989789
7337,TA BATTLE CREEK,"I-94, EXIT 104",Battle Creek,MI,385,3.989,42.31918,-85.182454
7327,TA TEKONSHA,"I-69,EXIT 25 & SR-60",Tekonsha,MI,385,3.589,42.106496,-84.989789
7344,BEST QUICK STOP,US-1,Peabody,MA,178,3.61566666,42.534655,-70.988994
7332,FLYING J #895,"I-75, EXIT 32A",Trenton,MI,325,3.299,42.14086,-83.177964
7370,TA SMITHS GROVE,"I-65, EXIT 38 & SR-101",Smiths Grove,KY,415,3.43233333,37.044963,-86.210373
7360,KINGS TRUCK STOP,ST 103,Port Barre                              ,LA,600,3.189,30.547272,-92.001113
7332,FLYING J #895,"I-75, EXIT 32A",Trenton,MI,325,3.439,42.14086,-83.177964
7364,Petro Stopping Center,"I-80, EXIT 226",Girard,OH,573,3.45233333,41.1407098,-80.7171462
7335,TA SAWYER TRAVEL CENTER,"I-94, EXIT 12",Sawyer,MI,465,3.689,41.8835044,-86.5997358
7379,KEYSTOP TRAVEL CENTER,"I-65, EXIT 2 & US-31W",Franklin,KY,460,2.899,36.7163076,-86.5259451
7337,TA BATTLE CREEK,"I-94, EXIT 104",Battle Creek,MI,385,4.039,42.31918,-85.182454
7353,DYSARTS SERVICE,"I-95, EXIT 44",Bangor,ME,26,3.799,44.7763061,-68.8574829
7398,FLYING J #913,"I-80, EXIT 142 & US-65",Altoona                                 ,IA,320,3.35566666,41.64404,-93.464609
7354,CIRCLE K #4707065,"I-95, EXIT 2",Kittery,ME,125,3.899,43.099507,-70.747945
7398,FLYING J TRAVEL PLAZA #913,"I-80, EXIT 142 & US-65",Altoona                                 ,IA,320,3.34233333,42.4601023,-92.2522901
7357,TA SLIDELL TRAVEL CENTER,"I-10, EXIT 266 & US-190",Slidell,LA,725,3.154,30.286331,-89.751091
7403,FUEL MART #714,"I-75, EXIT 168",North Baltimore                         ,OH,550,3.11233333,41.185012,-83.64838
7371,One9 #392,"I-65, EXIT 81 & SR-84",Sonora,KY,415,3.19566666,37.525111801454,-85.894738041327
7407,TA IOWA 80 TRAVEL PLAZA,"I-80, EXIT 284",Walcott,IA,270,3.90233333,41.585841,-90.774638
7372,TA WALTON #28,"I-75/I-71, EXIT 175 & SR-338",Walton,KY,300,3.00233333,52.010233617392,-0.696401959609
7408,FRIENDSHIP FOOD MART #99,US-224 & SR-61/SR-598,Willard,OH,249,3.63233333,41.043064,-82.72548
7382,TA FLORENCE TRAVEL CENTER,"I-75, EXIT 181",Florence,KY,300,3.07066666,43.4384,-75.74935
7412,PETRO STOPPING CENTER #374,"I-69, EXIT 245 & SR-28",Gaston,IN,457,3.53566666,40.27714,-85.55256
7385,WAKEENEY 24 7 STORE #3,"I-70/US-40, EXIT 127 & US-283",Wakeeney,KS,525,3.09066666,39.028993,-99.926035
7417,SKY CITGO,US-30 & SR-23,Grovertown,IN,365,3.499,41.369844,-86.491757
7418,JJS TRAVEL PLAZA,US-31 & US-24,Peru,IN,370,3.444,40.7788682,-86.1282793
7387,TA Oakley,"I-70, EXIT 76 & US-40/US-83",Oakley,KS,525,3.649,39.126381,-100.853751
7425,Petro Brazil,"I-70,  EXIT 23",Brazil,IN,375,3.989,39.523628,-87.125187
7429,TA CLAYTON,"I-70, EXIT 59 & SR-39",Clayton,IN,375,3.939,39.6910063,-86.5230691
7389,GO MART FOOD STORE #58,"I-77, EXIT 1 & SR-7",Marietta,OH,430,3.799,39.405344,-81.416268
7435,PETRO STOPPING CENTER #375,"I-65, EXIT 201 & US-231/US-24",Remington,IN,365,3.699,40.7660452,-87.1265006
7457,TA EFFINGHAM TRAVEL CENTER,"I-57 & I-70, EXIT 160",Effingham,IL,574,3.349,43.73952,-71.00896
7396,7-ELEVEN #36180,US-20/SR-18,Monroeville,OH,550,3.614,41.243877,-82.694773
7457,TA EFFINGHAM TRAVEL CENTER,"I-57 & I-70, EXIT 160",Effingham,IL,574,3.439,43.73952,-71.00896
7406,PILOT TRAVEL CENTER #594,"I-29, EXIT 143",Sioux City,IA,527,3.60566666,42.435807,-96.372446
7457,TA EFFINGHAM TRAVEL CENTER,"I-57 & I-70, EXIT 160",Effingham,IL,574,3.549,43.73952,-71.00896
7459,TA Morris Travel Center,"I-80, EXIT 112 & SR-47",Morris,IL,290,3.849,45.5876703,-95.9136194
7406,PILOT #594,"I-29, EXIT 143",Sioux City,IA,527,3.699,42.435923,-96.37341
7466,PILOT TRAVEL CENTER #595,"I-57, EXIT 54B & SR-13",Marion,IL,540,3.759,37.7399074,-88.9651062
7410,PILOT TRAVEL CENTERS #373,"I-35 & I-80, EXIT 126",Urbandale                               ,IA,320,3.35566666,41.630856,-93.780365
7466,PILOT #595,"I-57, EXIT 54B & SR-13",Marion,IL,540,3.759,37.740469,-88.965022
7410,PILOT TRAVEL CENTER #373,"I-35 & I-80, EXIT 126",Urbandale                               ,IA,320,3.34233333,41.630856,-93.780365
7469,PILOT TRAVEL CENTERS #313,"I-70/I-55, EXIT 4 & SR-203",East Saint Louis,IL,540,3.439,38.652568,-90.132049
7416,GOOD TO GO #40,"I-65, EXIT 215 & SR-114",Rensselaer,IN,290,3.20066666,40.940466,-87.226547
7471,ROAD RANGER #185,"I-55, EXIT 145 & US-136",Mc Lean,IL,280,3.449,40.310875,-89.16865
7469,PILOT TRAVEL CENTER #313,"I-70/I-55, EXIT 4 & SR-203",East Saint Louis,IL,540,3.579,38.652568,-90.132049
7421,MIDLAND #1901,"I-70, EXIT 137 AT MILE 137",Cambridge City,IN,375,3.43233333,39.812849,-85.164628
7482,TA BOISE TRAVEL CENTER,"I-84, EXIT 54",Boise,ID,785,3.77066666,43.510444,-116.146948
7469,PILOT TRAVEL CENTER #313,"I-70/I-55, EXIT 4 & SR-203",East Saint Louis,IL,540,3.379,38.652568,-90.132049
7436,TA WHITESTOWN,"I-65/US-52, EXIT 130",Whitestown,IN,375,3.57066666,39.996124,-86.34707
7492,Mobil dba One9 #1365,"I-85, EXIT 70",Cusseta,AL,720,2.999,32.784952,-85.305736
7471,ROAD RANGER #185,"I-55, EXIT 145 & US-136",Mc Lean,IL,280,3.349,40.310875,-89.16865
7437,PETRO STOPPING CENTER #379,"I-74,  EXIT 143",Greensburg,IN,375,3.999,39.3186808,-85.3271569
7504,TEXACO,"I-75, EXIT 306 & SR-140",Adairsville,GA,193,3.10566666,34.37803,-84.906404
7495,RACETRAC #2574,"I-75, EXIT 237, SR-331 & US-41",Forest Park,GA,18,3.109,33.620443,-84.38448
7457,TA EFFINGHAM TRAVEL CENTER,"I-57 & I-70, EXIT 160",Effingham,IL,574,3.399,43.73952,-71.00896
7534,TA BALDWIN TRAVEL CENTER,"I-10, EXIT 343 & US-301",Jacksonville,FL,75,3.899,30.290669757816,-81.475675213084
7506,CHAPMANS TRUCK STOP,"I-85 & SR-219, EXIT 13",Lagrange,GA,50,3.91566666,33.125939496517,-85.050204463767
7469,PILOT TRAVEL CENTER #313,"I-70/I-55, EXIT 4 & SR-203",East Saint Louis,IL,540,3.699,38.652568,-90.132049
7543,TA NEW HAVEN TRAVEL CENTER,"I-95, EXIT 56",Branford,CT,100,5.069,41.298428,-72.750348
7533,TA WILDWOOD TRAVEL CENTER,"I-75, EXIT 329 & SR-44",Wildwood,FL,225,3.214,34.96341,-85.41107
7492,One9 #1365,"I-85, EXIT 70",Cusseta,AL,720,2.999,32.784952,-85.305736
7546,SHELL DBA PILOT DEALER #882,"I-95, EXIT 93 & SR-216",North Stonington,CT,73,4.299,41.441921,-71.800252
7535,GIANT #198,"I-4/SR-400, EXIT 7 & US-301/SR-41",Tampa,FL,225,3.25733333,28.069680483599,-82.556354853078
7523,EXPRESS STOP FOOD STORE #4644,"I-75, EXIT 181",Pinconning,MI,260,3.639,43.85312,-84.024538
7546,PILOT TRAVEL CENTERS #882,"I-95, EXIT 93 & SR-216",North Stonington,CT,73,4.299,41.43775,-71.879919
7617,TUCSON TRUCK TERMINAL,"I-10, EXIT 268",Tucson,AZ,980,3.22233333,32.126768,-110.875836
7545,CITGO,"I-95, EXIT 40",Milford,CT,100,3.399,41.229967,-73.04742
7551,PWI #525,"I-70, EXIT 295",Watkins,CO,800,3.139,39.743499,-104.608047
7624,WILLCOX TRUCK PLAZA,"I-10, EXIT 340",Willcox,AZ,980,3.34066666,32.26379,-109.840992
7553,BRUSH TRAVEL PLAZA,"I-76, EXIT 90B & SR-71",Brush,CO,800,3.699,40.271426,-103.622624
7622,COPAN TRUCK STOP,US-75,Copan                                   ,OK,307,3.119,36.910192,-95.914119
7552,TA DENVER WEST TRAVEL CENTER,"I-70, EXIT 266",Wheat Ridge,CO,800,3.41566666,39.769331,-105.093757
7611,LOVES TRAVEL STOP #167,"I-44, EXIT 83",Chickasha                               ,OK,483,3.16566666,35.051944,-97.945862
7574,108 FOOD AND FUEL,"I-40, EXIT 108 & US-66/US-281 BUS",Calumet,OK,483,3.13566666,35.53485,-98.236473
7625,LOVES TRAVEL STOP #248,"I-40, EXIT 71",Clinton,OK,483,3.17233333,35.51796,-98.87098
7627,DAVIS TRADING POST,"I-35, EXIT 55",Davis                                   ,OK,569,2.979,34.50349,-97.122
7615,HOPI TRAVEL PLAZA CONOCO DBA ONE9 #1270,"I-40, EXIT 292",Holbrook,AZ,930,3.139,34.908394,-110.157768
7635,TA MONTGOMERY TRAVEL CENTER,"I-65, EXIT 168 & US-80/US-82/SR-6/SR-8",Montgomery,AL,720,3.25233333,44.8781,-72.60234
7629,ARNOLDS TRUCK STOP,US-72/SR-20/SR-157 & CR-59,Tuscumbia                               ,AL,615,3.169,34.701202,-87.644981
7615,HOPI TRAVEL PLAZA,"I-40, EXIT 292",Holbrook,AZ,930,3.219,34.908394,-110.157768
7708,PILOT TRAVEL CENTER #352,"I-75, EXIT 139",Fort Myers                              ,FL,225,3.799,26.6550263,-81.8016069
7636,PILOT TRAVEL CENTERS #76,"I-20 & I-59, EXIT 76",Tuscaloosa,AL,615,3.099,33.529399,-86.851485
7715,LONDON AUTO TRUCK CENTER,"I-75, EXIT 41 & SR-80",London,KY,405,3.399,37.146786,-84.115228
7719,FLYING J TRAVEL PLAZA #674,"I-70, EXIT 188",Warrenton,MO,540,3.11566666,38.8403051,-91.2280213
7636,PILOT TRAVEL CENTER #76,"I-20 & I-59, EXIT 76",Tuscaloosa,AL,615,2.999,33.529399,-86.851485
7725,BELL STORES #48,US-30 & SR-94,Dalton,OH,249,3.38566666,40.795386,-81.694973
7724,FUEL MART #767,US-6 & US-23,Bradner,OH,550,3.40733333,41.3423751,-83.4178498
7655,LOVES TRAVEL STOP #253,I-40 EXIT 7 & SR 30,Erick,OK,483,3.20566666,35.841097,-98.404633
7746,PILOT TRAVEL CENTER #888,"I-27, EXIT 74",Tulia,TX,585,3.34066666,29.2190169,-98.4150252
7733,FLYING J TRAVEL PLAZA #723,"I-40, EXIT 76",Amarillo,TX,585,3.26566666,35.194274,-101.723205
7705,FLYING J TRAVEL PLAZA #610,"I-40, EXIT 53",Kingman,AZ,910,3.88233333,35.2195756,-114.0067652
7792,FLYING J TRAVEL PLAZA #630,"I-75/SR-401, EXIT 201 & SR-36",Jackson,GA,67,3.384,33.719612,-85.025684
7767,FLYING J TRAVEL PLAZA #759,"I-25, EXIT 7",Cheyenne,WY,795,3.709,41.097996,-104.854103
7708,PILOT TRAVEL CENTERS #352,"I-75, EXIT 139",Fort Myers                              ,FL,225,3.799,26.6550263,-81.8016069
7825,PILOT TRAVEL CENTERS #356,"I-65, EXIT 121",Shepherdsville,KY,415,3.609,38.060865,-85.703056
7871,STRIPES 7FLEET #42454,"US-60, US-70 & US-84",Texico,NM,700,3.829,34.3886962,-103.0526179
7718,MR FUEL #717,"I-44, EXIT 251",Villa Ridge,MO,540,3.01566666,38.475235,-90.851363
7838,PILOT #581,"US-52/SR-55, & 117TH ST, MM300",Inver Grove Heights,MN,515,3.579,44.781109,-93.033607
7886,PETRO STOPPING CENTER #357,"I-70, EXIT 156B & US-40",New Paris,OH,317,3.48733333,39.8358764,-84.8106079
7721,TRAIL STAR TRUCK STOP,"ST 16, EXIT 213",Glendive,MT,807,3.459,47.10769,-104.735921
7946,PILOT TRAVEL CENTERS #289,"I-90/I-39, EXIT 158 & I-43/SR-81, EXIT 1",Beloit                                  ,WI,520,3.799,42.526938,-88.9795974
7722,SAPP BROS TRAVEL CENTER,"I-80, EXIT 353 & US-81",York,NE,330,3.324,40.829247,-97.598772
8840,LOVES TRAVEL STOP #211,"I-35, EXIT 120",Oklahoma City,OK,483,3.25566666,35.593964,-97.436558
8936,CIRCLE K #107,US-220 & CR-902,Ridgeway,VA,65,3.399,36.601358,-79.862611
7753,LOVES TRAVEL STOP #166,SR-351,Muskogee,OK,560,3.33733333,35.4863913,-95.1487207
8895,PAULS VALLEY TRAVEL CENTER,"I-35, EXIT 72  & SR-19",Pauls Valley,OK,569,2.999,34.739375,-97.268752
7768,BIG D #30,"I-25/US-87, EXIT 9 & I-80, EXIT 359C & I-80 BUS/US-30",Cheyenne,WY,795,3.204,41.117111,-104.804639
8948,PARK N PUMP CIRCLE C,"I-15, EXIT 222",Nephi,UT,835,3.449,39.7100201,-111.8285461
7798,CIRCLE K #2745100,"I-95, EXIT 7",Woodbine,GA,75,3.23233333,30.84983,-81.669
7873,One9 #387,"I-80, EXIT 280 & SR- 278",Carlin                                  ,NV,835,3.439,40.7177636,-116.1098047
9216,309 TRUCK STOP,SR-309,Coopersburg                             ,PA,90,3.759,40.492621,-75.38098
7930,I 24 TRUCK PLAZA,"I-24, EXIT 114 & US-41",Manchester,TN,460,3.099,35.457426,-86.044925
9280,ONVO TRAVEL PLAZA - LAKEWOOD,"I-84, EXIT 20 & SR-507",Greentown,PA,200,3.54566666,41.343186,-75.312175
7959,SPF #45,"I-25/US-87, EXIT 7 & US-212",Cheyenne,WY,795,3.22566666,41.14024,-104.818802
9289,ONVO EXPRESS,"I-81, EXIT 217 & SR-547",Harford,PA,200,3.609,41.786413,-75.684302
8927,LOVES TRAVEL STOP #219,"I-40, EXIT 200",Seminole,OK,560,3.36233333,35.2244329,-96.6685382
9354,BFS FOODS TRUCK PLAZA,"I-79, EXIT 1",Mount Morris,PA,165,4.499,39.732797,-80.059893
9365,FLYING J TRAVEL PLAZA #713,"I-95, EXIT 181",Latta,SC,63,3.349,35.1420822,-81.5091276
8961,FLYING J TRAVEL PLAZA #736,"I-20, EXIT 42 & US-285",Pecos,TX,710,3.46566666,31.40158,-103.48568
9381,SCOTT FUEL TRAVEL PLAZA,"I-81, EXIT 199",Dalton                                  ,PA,200,3.599,41.553211,-75.65102
9383,PILOT TRAVEL CENTERS #285,"I-70, EXIT 126 & SR-37",Hebron,OH,315,3.44566666,39.9451008,-82.5360515
8977,LOVES TRAVEL STOP #168,"I-44, EXIT 20",Walters                                 ,OK,253,3.194,34.370244,-98.409516
9386,PETRO STOPPING CENTER #325,"I-75,  EXIT 167",North Baltimore,OH,550,3.27066666,41.1730416,-83.6464884
8987,LOVES TRAVEL STOP #255,"I-40, EXIT 287 & SR-100",Webbers Falls,OK,645,3.789,35.4863913,-95.1487207
9423,PETRO STOPPING CENTER #318,"I-70, EXIT 148",Kingdom City,MO,540,3.05733333,38.940599,-91.939955
9403,PILOT TRAVEL CENTERS #280,"I-78, EXIT 7 & SR-173",Bloomsbury                              ,NJ,105,3.809,40.6593131,-75.0721381
9160,PILOT TRAVEL CENTERS #912,"I-80, EXIT 300 & SR-40D",Wood River,NE,330,3.28233333,40.76035,-98.58656
9415,7-ELEVEN #40287,"I-76, EXIT 24A/326",Wayne,PA,160,3.889,41.575612435031,-75.257290341408
9161,TREXLER PLAZA TRUCK STOP,I-78/US-22,Allentown,PA,160,3.63233333,40.593616,-75.5898935
9451,TA BETO JUNCTION TRAVEL CENTER,"I-35, EXIT 155 & US-75",Lebo,KS,336,3.23066666,38.412819,-95.857845
9206,CIRCLE K #4707005,US-2 & SR-4,Farmington,ME,170,3.899,44.664146,-70.149018
9485,PILOT #4559,"I-20, EXIT 26",Villa Rica,GA,18,3.449,33.721796,-84.903054
9467,TA PORTER TRAVEL CENTERS,"I-94, EXIT 22B & US-20",Chesterton,IN,365,3.849,41.612514,-87.09845
9241,7-ELEVEN #40286,"I-76,  EXIT 23/312",Elverson,PA,160,3.889,40.156787,-75.833103
9513,CIRCLE K #2705350,"I-20, EXIT 5 & US-25",North Augusta,SC,135,3.159,33.531903,-81.944033
9468,TA LAKE STATION,"I-80 & I-94, EXIT 15B",Lake Station,IN,365,3.849,41.574689,-87.239987
9340,LANCASTER TRAVEL PLAZA,US-30,Ronks,PA,208,3.899,40.019706,-76.181792
9525,SCOTCHMAN #3891,"I-77, EXIT 65 & SR-9",Richburg,SC,46,3.109,34.747359,-81.042591
9528,GO MART FOOD STORE #43,"I-64, EXIT 39 & SR-34",Teays,WV,44,3.499,38.457338,-81.935549
9382,PILOT TRAVEL CENTERS #286,"I-70, EXIT 10 & SR-127",Eaton,OH,317,3.46233333,39.83162,-84.63008
9554,BIG D OIL #2,US-85 & US-34,Belle Fourche                           ,SD,506,3.22733333,44.650239,-103.860498
9550,Mauston Interstate BP,"I-90/I-94, EXIT 69 & SR-82",Mauston,WI,420,3.22733333,43.7955584,-90.0720687
9449,CORNER PANTRY #127,"I-26, EXIT 115 & US-321",West Columbia,SC,135,3.41233333,33.930196,-81.076362
9618,FLYING J #477,US-75,Anna,TX,630,3.239,33.351804,-96.54842
9542,SPINX #266,"I-26, EXIT 104",Columbia,SC,135,3.13233333,34.068417,-81.139603
9469,TA EXPRESS COWPENS #477,"I-85, EXIT 83 & SR-110",Cowpens,SC,210,3.399,35.008045837182,-81.830183209455
9703,PILOT TRAVEL CENTERS #2,"I-90, EXIT 223 & SR-45",Austinburg                              ,OH,305,3.859,41.7854552,-80.8536661
9553,LYNDON STATION BP,I-90 & 94 EXIT 79,Lyndon Station,WI,420,3.177,43.711131,-89.901023
9485,PILOT TRAVEL CENTER #4559,"I-20, EXIT 26",Villa Rica,GA,18,3.389,30.75979,-81.6557799
9713,TA Express Vermillion #275,"I-29, EXIT 26 & SR-50",Burbank,SD,572,3.099,42.78541,-96.7968
9638,PILOT TRAVEL CENTERS #62,"I-95, EXIT 170 & SR-327",Florence,SC,46,3.349,34.266612,-79.702003
9614,DITTYS,"I-90, EXIT 284 & SR-45",Kimball,SD,455,3.089,43.742467,-98.960922
9746,TA MILL CITY TRAVEL CENTER,"I-80, EXIT 151",Imlay,NV,966,3.794,40.693196,-118.055961
9712,TA GREENSBORO TRAVEL CENTER,"I-40 & I-85, EXIT 138 & SR-61",Whitsett,NC,65,3.99733333,36.063514,-79.563581
9668,COFFEE CUP FUEL STOP #4,"I-90, EXIT 310 & SR-281",Plankinton                              ,SD,455,3.02733333,43.692067,-98.444976
9783,KANGAROO CROSSING #1101,"I-55, EXIT 144",Pickens                                 ,MS,705,3.099,33.061334,-89.572518
9717,COFFEE CUP FUEL STOP #8,"I-90, EXIT 212 & SR-83",Vivian                                  ,SD,455,3.09733333,43.916917,-100.314841
9675,FLYING J TRAVEL PLAZA #722,"I-75 & I-40, EXIT 369",Knoxville,TN,405,3.439,35.8818864,-84.236901
9803,TA KNOXVILLE WEST TRAVEL CENTER,"I-40 & I-75, EXIT 369",Knoxville,TN,405,3.42566666,35.97036,-83.95519
9724,One9 #1339,"I-81,  EXIT 34",Parish,NY,190,3.799,40.592617919296,-74.18950867519
9699,SPEEDWAY #9400,US-30/US-62 & SR-297,Canton,OH,249,3.369,40.798638,-81.410304
9808,TA ANN ARBOR TRAVEL CENTER,"I-94, EXIT 167",Dexter,MI,325,3.629,42.3354936,-83.8872465
9747,GOOD TO GO TRAVEL CENTER,"I-80, EXIT 353 & US-81",York,NE,350,3.31733333,40.868917,-97.591772
9763,DELUXE TRUCK STOP,SR-759,Saint Joseph,MO,400,3.149,39.72789,-94.869
9842,Petes #03,US-59 & US-54,Moran,KS,336,3.26566666,37.921326,-95.170366
9812,LEES FOOD MART #1398,"I-40, EXIT 398",Knoxville,TN,405,3.299,36.04668,-83.808725
9808,TA ANN ARBOR TRAVEL CENTER,"I-94, EXIT 167",Dexter,MI,325,3.699,42.3354936,-83.8872465
9818,CIRCLE K #4707002,"I-95, EXIT 157",Newport,ME,170,3.899,44.83686,-69.28751
9862,PILOT TRAVEL CENTER #271,"I-80, EXIT 6",Gary,IN,365,3.829,41.5654711,-87.4025128
9808,TA ANN ARBOR TRAVEL CENTER,"I-94, EXIT 167",Dexter,MI,325,3.499,42.3354936,-83.8872465
9821,PILOT TRAVEL CENTERS #52,"I-24, EXIT 64",La Vergne                               ,TN,460,3.47233333,35.997889,-86.594899
9887,7-ELEVEN #40354,"I-95, EXIT 173",Palm Bay,FL,140,3.21566666,27.998399,-80.672245
9808,TA ANN ARBOR TRAVEL CENTER,"I-94, EXIT 167",Dexter,MI,325,3.649,42.3354936,-83.8872465
9941,FLYING J TRAVEL PLAZA #609,"I-10, EXIT 208-A",Eloy,AZ,930,3.45233333,32.7332605,-111.5493584
9843,MAPLE HILL TRUCK STOP,"I-70, EXIT 341",Maple Hill,KS,553,3.05233333,39.105152129923,-96.020593315392
9851,KWIK STOP #86,US-151/US-52/US-61,Dubuque                                 ,IA,335,3.489,42.505512,-90.667314
9945,CIRCLE K #2706690,"I-85/US-29, EXIT 62 & US-280/US-431/SR-38/SR-1",Opelika,AL,50,2.999,32.644084,-85.348874
9962,STRIPES #40673,"I-45, EXIT 179",Mcallen,TX,639,3.289,26.207523,-98.260974
9855,PILOT TRAVEL CENTER #37,"I-65, EXIT 95",Whiteland,IN,375,3.959,39.551033,-86.046471
9971,TA DANSVILLE TRAVEL CENTER,"I-390 & COMMERCE, EXIT 5",Dansville,NY,190,4.499,42.559678,-77.694653
9855,PILOT TRAVEL CENTERS #37,"I-65, EXIT 95",Whiteland,IN,375,3.959,39.551033,-86.046471
10014,Sudden Service #6604,"I-40, EXIT 212",Nashville,TN,460,3.399,36.112612,-86.766524
9995,LOVES TRAVEL STOP #411,"I-35 & I-80, EXIT 125 & US-6",Clive,IA,320,3.34066666,41.6138514,-93.7807972
9860,PARADISE AUTO TRUCK PLAZA,US-31,Rochester,IN,370,3.40566666,41.047337,-86.231602
10020,Maplefields,"US-4, EXIT 2 & SR-22A",Fair Haven,VT,39,3.599,43.603609,-73.274581
9997,Circle K #2723687,"I-20, EXIT 11 & US-27/SR-1",Bremen,GA,193,3.08733333,33.681281,-85.150325
9862,PILOT TRAVEL CENTERS #271,"I-80, EXIT 6",Gary,IN,365,3.799,41.5654711,-87.4025128
9990,JIMS  BEST STOP,US-45 & US-64,Selmer,TN,435,3.174,35.155122,-88.578927
10006,FLINT HILLS FUEL MART,US-50 & US-77,Florence,KS,336,3.499,38.241253,-96.928426
9959,FLYING J #876,"I-95, EXIT 104",Ruther Glen,VA,180,3.619,37.93899,-77.46748
10033,SHELL,"I-95, EXIT 133 & US-17 BUS",Fredericksburg,VA,180,3.25566666,38.296756,-77.498215
10007,CIRCLE K #2705346,SR-307,Savannah,GA,195,3.03233333,31.98581,-81.219222
9973,BOLLA MARKET,"I-287, EXIT 66",Mahwah,NJ,115,3.53233333,41.100213,-74.165671
10057,Flying J TravelPlaza #649,"I-465, EXIT 4",Indianapolis,IN,375,3.899,39.76845,-86.156212
10015,Loves Travel Stop #429,"I-65 & I-24, EXIT 87",Nashville,TN,460,3.46233333,36.2054478,-86.7719112
10024,MILLERS TRAVEL CENTER,US-6 & US-50,Wellington,UT,835,3.659,39.543917,-110.689889
10065,ROAD MART,US-71/US-59,Ashdown,AR,723,3.299,33.662583,-94.119597
10030,LOVES TRAVEL STOP #715,I-77 EXIT 58 & SR-666 & US-52,Bastian,VA,185,3.59733333,37.178084,-81.140483
10028,GOOD TO GO #10,US-35,Winamac,IN,290,3.914,41.073025,-86.604363
10047,TOWN PUMP FOOD STORE #8929,"I-15, EXIT 339",Conrad                                  ,MT,815,3.599,46.320801,-111.521886
10085,EL CENTRO TRAVEL CENTER,"I-8, EXIT 115 & SR-86",El Centro                               ,CA,900,4.499,32.792855,-115.565551
10057,Flying J Travel Plaza #649,"I-465, EXIT 4",Indianapolis,IN,375,3.899,39.76845,-86.156212
10053,BECKS #27,"I-39/US-51, EXIT 72 & US-34",Mendota,IL,270,3.269,41.555589,-89.127213
10109,GIT N GO CONVENIENCE STORE #34,"US-30, EXIT 185 & SR-14",Marshalltown,IA,320,3.119,42.04157,-92.927804
10058,CITGO,US-431/SR-1 & SR-27,Abbeville                               ,AL,10,3.399,31.54997,-85.285475
10116,Petro Stopping Center #359,"I-39/US-51, EXIT 99 & SR-38",Rochelle,IL,520,3.759,41.9357735,-89.0316571
10077,FLYING J TRAVEL PLAZA #607,"I-55, EXIT 4 & I-40, EXIT 280",West Memphis,AR,435,3.15066666,35.14656,-90.18479
10101,PILOT TRAVEL CENTERS #65,"I-20, EXIT 194",Augusta                                 ,GA,135,3.859,33.4799832,-82.13052
10122,LOVES TRAVEL STOP #417,"I-80 & I-94, EXIT 9A",Gary,IN,365,3.809,41.5617429,-87.3566157
10101,PILOT TRAVEL CENTER #65,"I-20, EXIT 194",Augusta                                 ,GA,135,3.859,33.4799832,-82.13052
10126,PILOT TRAVEL CENTERS #152,"I-65, EXIT 16 & MEMPHIS RD",Memphis,IN,415,3.959,38.4920326,-85.7734683
10104,GEO H GREEN OIL,"I-85/SR-403, EXIT 41 & US-27 ALT",Newnan,GA,18,3.199,33.339301189188,-84.74297936425
10154,I 49 TRUCK STOP,"I-49, EXIT 23 & US-167",Opelousas                               ,LA,600,3.199,30.514345758087,-92.069293101222
10146,PILOT TRAVEL CENTERS #437,"I-75, EXIT 11 & SR-92",Williamsburg,KY,410,3.609,36.72205,-84.16714
10110,JACKSON'S FOODS DBA ONE9 #1427,"I-84, EXIT 36",Nampa,ID,785,3.37066666,43.625256,-116.414459
10157,J AND  H OIL,"US-131, EXIT 72",Byron Center,MI,344,3.599,42.812694,-85.723302
10150,PILOT TRAVEL CENTERS #300,"I-12, EXIT 40",Hammond,LA,725,3.23233333,30.477589,-90.456364
10126,PILOT TRAVEL CENTER #152,"I-65, EXIT 16 & MEMPHIS RD",Memphis,IN,415,3.959,38.4920326,-85.7734683
10168,Express Stop,"I-94, EXIT 145",Jackson                                 ,MI,385,3.589,42.267857,-84.424813
10157,J AND  H OIL,"US-131, EXIT 72",Byron Center,MI,344,3.499,42.812694,-85.723302
10128,PETES #20,US-54/SR-7 & US-69,Fort Scott,KS,307,3.199,37.816921,-94.706155
10172,EXPRESS STOP FOOD STORE #4647,"I-75, EXIT 151 & SR- 81",Saginaw,MI,260,3.399,43.414285,-83.896754
10135,YESWAY #1116,"I-35, EXIT 60",Mcpherson,KS,434,3.259,38.373551,-97.667066
10181,QUIKTRIP #611,I-55 EXIT 178,Herculaneum,MO,540,2.99066666,38.254026,-90.400717
20006,CENEX C STORE,US-52,Kenmare,ND,452,3.46733333,48.668272,-102.063528
10142,PILOT TRAVEL CENTERS #438,"I-65, EXIT 6 & SR-100",Franklin,KY,415,3.169,36.7163076,-86.5259451
20009,BIG SPRINGS TRUCK AND TRAVEL,"I-80, EXIT 107",Big Springs,NE,475,3.074,41.051347,-102.072991
20011,CUBBYS #111,US-81,Norfolk,NE,470,3.209,42.007751,-97.427497
10144,PILOT TRAVEL CENTERS #358,"I-24 & US-305, EXIT 3",Paducah,KY,490,3.699,37.097458,-88.691204
20012,FLYING J TRAVEL PLAZA #686,"I-80, EXIT 432",Gretna,NE,319,3.28233333,41.091716,-96.254728
20019,SUNOCO,"I-295, EXIT 2C & SR-140",Penns Grove,NJ,150,3.459,39.68507,-75.4829
10161,SPEEDWAY #8740,"I-69, EXIT 87",Dewitt,MI,342,3.759,42.812659,-84.54353
20027,LOVES TRAVEL STOP #262,"I-40, EXIT 333",Tucumcari,NM,585,3.889,35.158791,-103.701253
10161,SPEEDWAY #8740,"I-69, EXIT 87",Dewitt,MI,342,3.599,42.812659,-84.54353
20033,LOVES TRAVEL STOP #772,"I-86 & SR-17, EXIT 37",Bath,NY,190,4.489,42.1016334,-75.8358216
10184,CIRCLE K #2721544,"I-55, EXIT 243 & US-278/SR-6",Batesville,MS,435,3.309,34.311736,-89.943726
20042,FLYING J TRAVEL PLAZA #700,I-80 & I-90 EXIT 71,Perrysburg,OH,550,3.759,41.535126,-83.460039
20045,PILOT TRAVEL CENTERS #281,"I-80, EXIT 226",Girard,OH,573,3.45233333,41.1398215,-80.7199346
10192,INTERSTATE STATION #8,"I-55, EXIT 78                 ",Natchez                                 ,MS,760,3.399,31.561592,-91.405318
20043,FRIENDSHIP FOOD MART #70,SR-2 & SR-53,Port Clinton,OH,550,3.939,41.514247,-82.913376
20050,LOVES TRAVEL STOP #260,"I-35, EXIT 106 & SR-9 W",Norman,OK,483,3.254,35.49756,-97.903498
20000,BIG BOYS TRUCK STOP,"I-95, EXIT 105",Kenly,NC,205,3.299,35.5657291,-78.1645579
20054,Jacksons Food Stores,"I-84, EXIT 261",La Grande,OR,925,3.687,45.333121,-118.068877
20003,PILOT #7976,"I-77, EXIT 42",Troutman,NC,46,3.659,35.671381,-80.856056
20062,PILOT TRAVEL CENTERS #298,"I-80, EXIT 256 & SR-93",Drums,PA,200,3.97566666,41.0288313,-76.0796881
20072,PILOT TRAVEL CENTERS #310,"I-85, EXIT 63 & SR-290",Duncan,SC,210,3.43233333,34.91564,-82.10756
20014,SIMONS EXIT 16,"I-89, EXIT 16",Enfield                                 ,NH,39,3.499,43.610046,-72.190203
20079,PETRO KINGSTON SPRINGS #349,"I-40, EXIT 188",Kingston Springs,TN,460,3.23233333,36.105754362754,-87.084063335497
20082,GOLDEN EXPRESS TRUCK STOP,US-287/US-81 & CR-1595,Alvord,TX,637,3.049,33.3995879,-97.733852
20024,LOVES TRAVEL STOP #259,"I-10 & AIRPORT RD, EXIT 132",Las Cruces,NM,640,3.214,32.272441497665,-106.766388521887
20105,CEFCO #1050,"I-30, EXIT 146 & US-37",Mount Vernon,TX,723,2.94233333,33.160637,-95.232909
20086,LOVES TRAVEL STOP #609,"I-35, EXIT 471 & US-77",Denton,TX,630,3.24733333,33.263145,-97.179379
20028,MORTONS TRUCK STOP,"I-15, EXIT 46",North Las Vegas,NV,910,3.399,36.204309685718,-115.162362289843
20108,TEX-BEST #501,"I-37, EXIT 125",Elmendorf                               ,TX,740,2.949,29.218916,-98.411301
20109,PILOT TRAVEL CENTERS #306,"I-10, EXIT 582",San Antonio                             ,TX,740,3.214,29.2190169,-98.4150252
20031,FLYING J TRAVEL PLAZA #770,"I-80, EXIT 176",Winnemucca                              ,NV,966,3.77733333,40.960556,-117.7480545
20118,KWIK TRIP #648,"I-94, EXIT 116 & SR-54",Black River Falls,WI,395,3.23733333,44.30528,-90.845349
20114,CROSSROADS,"I-10, EXIT 829 & SR-124",Winnie                                  ,TX,610,4.249,32.932071,-94.961047
20036,SMOKIN JOES,I-90 EXIT 24,Sanborn                                 ,NY,38,3.699,43.143604,-78.923983
20129,FLYING J #848- ROAD KING TRUCK,"HIGHWAY 2, EXIT 251",Calgary,AB,50,4.39625375,51.009581,-114.004072
20119,FREMONT CITGO,US-10 & SR-110,Fremont,WI,444,3.399,44.2582298,-88.8679091
20049,LOVES TRAVEL STOP #263,"I-44, EXIT 45 & SR-49",Lawton,OK,569,3.21733333,34.713765,-98.401652
44228,I-69 TRUCKSTOP TRAVEL CENTER,"I-69, EXIT 184 & SR-19",Memphis,MI,342,3.599,42.890484,-82.768618
20121,GO MART FOOD STORE #50,"I-77/I-64, EXIT 44 & SR-3",Beckley,WV,44,3.599,37.775976,-81.194826
20066,KWIK FILL #228,"I-90, EXIT 45 & US-20",North East,PA,240,4.089,42.231722,-79.782326
44228,I-69 TRUCKSTOP TRAVEL CENTER,"I-69, EXIT 184 & SR-19",Memphis,MI,342,3.499,42.890484,-82.768618
20129,FLYING J #848- ROAD KING TRUCK,"HIGHWAY 2, EXIT 251",Calgary,AB,50,4.3981947,51.009581,-114.004072
20070,ONVO TRAVEL PLAZA - PROMISED LAND,"I-84, EXIT 26 & SR-390",Tafton,PA,200,3.54566666,41.309534,-75.210178
52052,EXPRESSWAY MOBIL,US-63 & US-167,El Dorado,AR,635,3.599,33.211855,-92.665489
44228,I-69 TRUCKSTOP TRAVEL CENTER,"I-69, EXIT 184 & SR-19",Memphis,MI,342,3.549,42.890484,-82.768618
20083,FLYING J TRAVEL PLAZA #724,"I-10, EXIT 0",Anthony                                 ,TX,640,3.459,31.996014,-106.5779326
52070,FRIENDLY EXPRESS #31,US-1 & US-301,Folkston,GA,75,3.099,30.836566,-82.006661
52040,REBEL TRUCK STOP,"I-5, EXIT 27",Kalama,WA,935,4.499,46.008961,-122.843407
20129,FLYING J #848- ROAD KING TRUCK,"HIGHWAY 2, EXIT 251",Calgary,AB,50,4.39722401,51.009581,-114.004072
52081,MCCLURE OIL #9,US-31 & SR-18,Kokomo,IN,375,3.839,40.585147,-86.126624
52048,PILOT TRAVEL CENTERS #302,"I-10, EXIT 13 & CR-30",Theodore,AL,715,3.199,30.55941,-88.205244
20129,FLYING J #848- ROAD KING TRUCK,"HIGHWAY 2, EXIT 251",Calgary,AB,50,4.40695023,51.009581,-114.004072
52088,CASEYS #4459,"I-64, EXIT 265",Mayfield,KY,490,3.249,36.741641,-88.637099
52048,PILOT TRAVEL CENTER #302,"I-10, EXIT 13 & CR-30",Theodore,AL,715,3.159,30.55941,-88.205244
20129,FLYING J #848- ROAD KING TRUCK,"HIGHWAY 2, EXIT 251",Calgary,AB,50,4.39948962,51.009581,-114.004072
52067,PETRO STOPPING CENTER #322,"I-285, EXIT 12",Atlanta,GA,18,3.44566666,30.7939041,-81.6664275
20129,FLYING J #848- ROAD KING TRUCK,"HIGHWAY 2, EXIT 251",Calgary,AB,50,4.40630048,51.009581,-114.004072
52107,PILOT #7983,"I-85,  EXIT 71",Salisbury,NC,46,3.499,35.612558,-80.519944
52085,RUSSELL 24/7,"I-70, EXIT 184",Russell,KS,357,3.00733333,38.887309,-98.856166
52065,76 DBA ONE9 #1415,"I-75, EXIT 49",Lake Panasoffkee,FL,225,3.17233333,28.755544838448,-82.101956514793
52112,SROKAS SERVICE CENTER,SR-149,Fort Ann,NY,12,3.799,43.413447,-73.497902
52089,SHELL,US-84 & SR-28,Jonesville,LA,719,3.399,31.626487,-91.819789
52090,SHOP A LOTT #10,"I-49, EXIT 138 & SR-6",Natchitoches                            ,LA,766,3.12566666,31.72496,-93.16195
52112,SROKAS SERVICE CENTER,SR-149,Fort Ann,NY,12,3.899,43.413447,-73.497902
52099,BEACON & BRIDGE #7,"I-75, EXIT 126",Mount Morris,MI,342,3.379,43.118505,-83.7611112
52104,BLUE SKY #734,SR-1,Saltillo                                ,MS,435,3.08233333,34.373281,-88.698032
52112,SROKAS SERVICE CENTER,SR-149,Fort Ann,NY,12,3.999,43.413447,-73.497902
52103,SPRINT MART #27,US-45 & US-72,Corinth,MS,435,3.05566666,34.930684,-88.553119
52106,FLYING J TRAVEL PLAZA #923 -TOWN PUMP,"I-90, EXIT 455",Billings                                ,MT,780,3.58066666,45.812555,-108.415644
52142,PILOT TRAVEL CENTERS #296,"I-94 & BAKER RD, EXIT 167",Dexter,MI,325,3.499,42.296294,-83.87958
52128,Sudden Service #8087,I-40 EXIT 238,Lebanon,TN,460,3.199,36.1887,-86.410307
52140,Sinclair,"I-82, EXIT 69",Sunnyside,WA,925,4.599,46.309187,-119.979083
52150,PILOT TRAVEL CENTERS #311,"I-90, EXIT 27 & SR-97",Erie,PA,240,4.21566666,42.069885,-80.03778
52142,PILOT TRAVEL CENTERS #296,"I-94 & BAKER RD, EXIT 167",Dexter,MI,325,3.659,42.296294,-83.87958
52142,PILOT TRAVEL CENTERS #296,"I-94 & BAKER RD, EXIT 167",Dexter,MI,325,3.649,42.296294,-83.87958
52152,PILOT TRAVEL CENTERS #308,"I-80 , EXIT 310",Laramie,WY,795,3.609,41.3272077,-105.6104882
52142,PILOT TRAVEL CENTERS #296,"I-94 & BAKER RD, EXIT 167",Dexter,MI,325,3.579,42.296294,-83.87958
52145,Pilot Travel Centers#318,"I-465/I-74/US-52/US-40/SR-67, EXIT 4 & SR-37",Indianapolis,IN,375,3.899,39.6974957,-86.1847178
52153,PILOT TRAVEL CENTER #1412,"I-94 & RUSSELL RD, EXIT 1",Wadsworth,IL,444,3.769,39.4190424,-87.6953213
52143,One9 #319,"I-75, EXIT 328",Dalton,GA,285,3.01566666,34.771541,-84.971777
52153,PILOT #1412,"I-94 & RUSSELL RD, EXIT 1",Wadsworth,IL,444,3.769,42.487883,-87.951054
52155,TA SOUTHINGTON TRAVEL CENTER,"I-84, EXIT 28 & US-65",Milldale,CT,100,5.199,41.56593,-72.89177
52145,Pilot Travel Center #318,"I-465/I-74/US-52/US-40/SR-67, EXIT 4 & SR-37",Indianapolis,IN,375,3.899,39.6974957,-86.1847178
52163,PILOT TRAVEL CENTER #67,"I-75, EXIT 296",Cartersville,GA,18,3.56566666,34.3893539,-83.2268559
52233,SPEEDWAY #2953,"US-80, EXIT 3",Yuma,AZ,900,3.46566666,32.673185,-114.444638
52146,FLYING J TRAVEL PLAZA #758,"I-25, EXIT 185 & SR-258",Casper,WY,790,3.999,42.852002,-106.269439
52212,FLYING J TRAVEL PLAZA #763,"I-80, EXIT 209",Rawlins,WY,795,3.749,41.7776905,-107.3110927
52239,PILOT TRAVEL CENTERS #192,"I-75, EXIT 60",Tifton,GA,10,3.599,31.428055,-83.516875
52149,PILOT TRAVEL CENTERS #321,"I-75/71, EXIT 175 & SR-338",Walton,KY,300,3.08566666,38.919115,-84.625598
52221,FLYING J TRAVEL PLAZA #726,"I-20, EXIT 472",Dallas,TX,630,3.18233333,32.657425,-96.752101
52153,PILOT #1412,"I-94 & RUSSELL RD, EXIT 1",Wadsworth,IL,444,3.829,42.487883,-87.951054
52222,FLYING J TRAVEL PLAZA #735,"I-10, EXIT 873 & SR-62",Orange,TX,610,3.309,30.1143431,-93.8139864
52163,PILOT TRAVEL CENTERS #67,"I-75, EXIT 296",Cartersville,GA,18,3.549,34.3893539,-83.2268559
52230,ONE9 #294,"I-15 & I-84, EXIT 344 SR-39",Ogden                                   ,UT,835,3.32566666,41.300379639737,-112.002502870985
52297,IGA EXPRESS SHELL #874,"I-65, EXIT 20",Bowling Green,KY,460,2.999,36.955368,-86.426346
52235,PETRO STOPPING CENTER #303,"I-80, EXIT 310",Laramie,WY,795,3.57566666,41.3284625,-105.6199743
52239,PILOT TRAVEL CENTER #192,"I-75, EXIT 60",Tifton,GA,10,3.619,31.428055,-83.516875
52302,LONGHORN TRUCK AND CAR PLAZA,"I-10, EXIT 4",Vinton                                  ,LA,690,3.274,30.158194,-93.637591
52236,CHEVRON,US-60,Globe,AZ,930,4.299,33.41895,-110.812931
52255,GREATER CHICAGO I 55,"I-55, EXIT 267 & SR-53",Bolingbrook,IL,290,3.319,41.682595,-88.06664
52313,CIRCLE K #2723445,"I-20, EXIT 5A & US-61/SR-27",Vicksburg,MS,760,2.959,32.343635,-90.829656
52241,Rocket,"I-25/US-85/US-87, EXIT 161 & SR-105",Monument                                ,CO,803,3.195,39.093339,-104.8365
52262,CIRCLE K #2721577,US-84 & SR-21,Monroeville,AL,715,3.434,31.469583,-87.346117
52250,PILOT TRAVEL CENTERS #222,I-84 EXIT 1,Sturbridge,MA,215,4.159,42.06712,-72.10656
52278,NEIGHBORS EXPRESS,US-25/SR-121/SR-23/SR-67,Millen                                  ,GA,135,3.38233333,32.28132,-83.45235
52255,GREATER CHICAGO I 55,"I-55, EXIT 267 & SR-53",Bolingbrook,IL,290,3.609,41.682595,-88.06664
52323,POWER,"I-78, EXIT 58 & SR-9/SR-1",Newark,NJ,115,4.299,40.688717751944,-74.180537901153
52299,415 TRUCK STOP,"I-10, EXIT 151 & SR-415",Port Allen,LA,600,3.089,30.501855830741,-91.249225544933
52325,MIRABITO #69,"I-88, EXIT 15 & SR-23",Oneonta,NY,12,3.999,42.45297,-75.063158
52346,QUARLES #4436,"I-695, EXIT 41 & SR-151",Dundalk                                 ,MD,22,3.699,39.2565827,-76.5223853
52304,Fast Stop,"I-10, EXIT 182 & SR-22",Sorrento,LA,600,3.699,30.169899,-90.878812
52340,KWIK FILL #249,US-22,Duncansville,PA,14,4.07233333,40.420283,-78.45036
52363,SPEEDWAY #2376,US-131 & SR-46,Cedar Springs,MI,456,3.899,43.219515,-85.569134
52307,CASEYS #3002,SR-60 & SR-30/SR-4,Saint James,MN,425,3.219,43.98257,-94.6271188
52361,PAYLESS FUEL TRAVEL CENTER,"I-20, EXIT 470",Dallas,TX,630,2.98566666,32.648858,-96.782923
52322,BOLLA MARKET,"I-95, EXIT 13",Elizabeth,NJ,115,3.099,40.651262,-74.218428
52364,PILOT TRAVEL CENTERS #335,"I-20 & SR-137, EXIT 138",Rayville,LA,760,3.21233333,32.459558,-91.759364
52326,MR FUEL #715,"I-70, EXIT 203",Foristell,MO,540,2.92566666,38.818253,-90.953
52383,FLYING J TRAVEL PLAZA #601,"I-20/I-59, EXIT 104",Mc Calla,AL,615,3.17066666,33.5620988,-86.8306827
52387,MARATHON,"I-55, EXIT 265 & SR-4",Senatobia,MS,435,3.199,34.618834,-89.953016
52334,KWIK TRIP #775,"I-90, EXIT 69 & SR-82",Mauston,WI,420,3.28733333,43.797453,-90.061381
52335,SHELL,"I-295, EXIT 3",Disputanta,VA,180,3.029,37.182588,-77.317941
52344,STAMART 1224,"I-94, EXIT 166",Bismarck,ND,273,3.61566666,46.830138,-100.727897
52401,LOVES TRAVEL STOP #267,"I-40, EXIT 107 & SR-95",Morrilton,AR,695,3.36066666,35.165269547926,-92.743008064507
52348,SHELL,"I-75, EXIT47 & SR-85",Detroit,MI,325,3.699,42.365182,-83.076649
52402,FLYING J TRAVEL PLAZA #665,"I-20, EXIT 3 & SR-79",Greenwood,LA,745,3.14566666,32.444764,-93.9790953
52403,FLYING J TRAVEL PLAZA #676,"I-10, EXIT 31",Gulfport,MS,733,3.14566666,34.9291984,-89.7945578
52365,MOORES SUPER STORE,US-43/US-278/SR-171,Hamilton,AL,615,3.799,34.067774,-87.973659
52405,FLYING J TRAVEL PLAZA #636,"I-80, EXIT 292",Davenport                               ,IA,270,3.87233333,42.4601023,-92.2522901
52366,ALMA TRAVEL MART,"I-40, EXIT 13 & US-71",Alma,AR,645,3.33233333,35.48763,-94.225617
52414,Mobil dba ONE9 #1341,"I-5, EXIT 208",Arlington,WA,977,3.799,47.480471986813,-118.251655832856
52367,DOSWELL TRUCK STOP,"I-95, EXIT 98 & SR-30",Doswell,VA,180,2.899,37.847629,-77.449832
52422,KWIK TRIP #674,"I-94, EXIT 45 & US-12/SR-29",Menomonie,WI,295,3.499,44.904096,-91.933383
52384,PILOT TRAVEL CENTERS #337,"I-95, EXIT 164 & US-52",Florence,SC,46,3.349,34.266612,-79.702003
52423,PILOT TRAVEL CENTER #908- TOWN PUMP,"I-15 & I-90, EXIT 122",Butte,MT,816,3.56566666,46.01284,-112.535583
52385,Flying J Travel Plaza #696,"I-71, EXIT 131",Sunbury,OH,315,3.719,40.267722,-82.924682
52427,PILOT TRAVEL CENTERS #340,"I-80, EXIT 46",Fernley,NV,966,3.91566666,39.613536,-119.266267
52428,PILOT TRAVEL CENTERS #338,"I-26, EXIT 115 & US-321",West Columbia,SC,135,3.499,33.929782,-81.077417
52388,FLYING J TRAVEL PLAZA #711,"I-85, EXIT 102",Blacksburg,SC,46,3.429,35.1420822,-81.5091276
52431,WOODBINE TRAVEL CENTER,"I-95, EXIT 14",Woodbine,GA,75,3.03233333,42.34223,-90.1454
52435,CM WINNERS CHOICE,"I-10 & SR-108, EXIT 23",Sulphur,LA,690,3.299,30.2090679,-93.3252505
52393,CASEYS #3004,SR-15 & CR-52,Truman,MN,425,3.299,43.827667,-94.437073
52439,CIRCLE K #2723395,US-11,Hattiesburg,MS,620,3.199,31.256813,-89.338302
52441,PILOT #6990,"I-95, EXIT 106",Kenly,NC,205,3.709,35.574933,-78.146169
52400,PILOT TRAVEL CENTERS #324,"I-94/US-41, EXIT 329",Franksville,WI,444,3.889,42.7786629,-87.9511622
52404,PETRO WELLS,"I-80, EXIT 352",Wells,NV,835,3.73233333,41.1081684,-114.9488164
52455,LOVES TRAVEL STOP #266,"I-35, EXIT 32",Ardmore,OK,253,3.649,34.1882115,-97.1710219
52411,SAPP BROS TRAVEL CENTER,"I-215, EXIT 21",Salt Lake City,UT,835,3.399,40.487380609285,-111.884822343925
52456,PILOT TRAVEL CENTERS #317,"I-44, EXIT 4 (ST 435)",Joplin,MO,277,3.41233333,37.004584,-94.552419
52413,PILOT TRAVEL CENTERS #360,"I-75 & SR-613, EXIT 164",Findlay                                 ,OH,411,3.31566666,41.13724,-83.66061
52458,PILOT TRAVEL CENTER #332,"I-40, EXIT 161 & SR-391",North Little Rock,AR,695,3.237,34.78089,-92.1279685
52421,SHEETZ #194,"I-80, EXIT 97",Falls Creek,PA,14,3.30733333,41.141457,-78.785651
52464,7-ELEVEN #40118,ST 220 & I-180,Muncy,PA,138,4.359,41.237952,-76.812499
52463,PILOT TRAVEL CENTERS #341,"I-15, EXIT 48",North Las Vegas,NV,910,3.69566666,36.119805164731,-115.152137698741
52426,J MART #322,"I-65, EXIT 322",Falkville,AL,615,3.199,34.368774,-86.908456
52465,FLYING J TRAVEL PLAZA #605,"I-40, EXIT 84",Russellville,AR,695,3.369,35.2781194,-93.1337228
52430,CHEVRON FOOD MART,"I-75, EXIT 350 & SR-2",Ringgold,GA,285,2.859,34.939468,-85.214153
52467,FLYING J TRAVEL PLAZA #712,"I-20, EXIT 70",Columbia,SC,135,3.43233333,34.0646885,-81.0235076
52438,NEW MADRID,"I-55, EXIT 52/SR-P",New Madrid,MO,275,3.269,36.5862238,-89.5270624
52470,QUIKTRIP #562,"I-80, EXIT 136",Des Moines,IA,320,3.04733333,41.615507,-93.647089
52468,FLYING J TRAVEL PLAZA #703,"I-40, EXIT 140",Oklahoma City,OK,483,3.309,35.458913,-97.690513
52452,PLAINVIEW TRAVEL PLAZA,"US-41, EXIT 113 & SR-26",Oshkosh,WI,444,3.199,43.948253,-88.584662
52472,FLYING J TRAVEL PLAZA #708,"I-81, EXIT 52",Carlisle,PA,70,4.109,40.2345954,-77.1230589
52471,FLYING J TRAVEL PLAZA #695,"I-75, EXIT 135",Beaverdam,OH,411,3.33066666,40.8325696,-83.9664158
52450,PILOT #1290,"I-35, EXIT 410 & US-77",Red Oak,TX,630,3.299,32.523365,-96.821317
52474,PILOT TRAVEL CENTERS #17,"I-94, EXIT 104",Battle Creek,MI,406,3.979,42.302708,-85.082385
52454,PILOT TRAVEL CENTERS #6,"I-70, EXIT 178 & SR-209",Cambridge,OH,315,3.509,39.9962596,-81.5772689
52477,PETRO FARGO #361,"I-94, EXIT 348",Fargo,ND,341,3.499,46.8769595,-96.7846362
52458,PILOT TRAVEL CENTERS #332,"I-40, EXIT 161 & SR-391",North Little Rock,AR,695,3.239,34.78089,-92.1279685
52480,LOVES TRAVEL STOP #268,US6-9 & US-75,Atoka,OK,253,3.489,35.841097,-98.404633
52478,LOVES TRAVEL STOP #418,"I-64, EXIT 172",Grayson,KY,255,3.75566666,38.341155,-82.942057
52461,FLORENCE VALERO,US-130,Burlington                              ,NJ,160,3.13566666,39.947388113802,-75.010226990032
52482,KING TRAVEL PLAZA,"I-95, EXIT 6",Kingsland,GA,75,3.109,30.825455,-81.661905
52484,KWIK STAR #303,"I-80, EXIT 201 & US-21",Brooklyn,IA,380,3.129,41.733581,-92.44547
52466,FLYING J TRAVEL PLAZA #784,"I-95, EXIT 100 & SR-272",North East,MD,22,4.199,39.625394,-75.950409
52493,10 ACRE TRUCKSTOP,"HWY-401, EXIT 53B & HWY 1",Belleville,ON,420,3.45750874,44.1789184,-77.4438644
52469,LOVES TRAVEL STOPS #269,US-287/US-82/SR-79 & US-281,Wichita Falls,TX,770,3.149,33.886727,-98.468745
52493,10 ACRE TRUCKSTOP,"HWY-401, EXIT 53B & HWY 1",Belleville,ON,420,3.36857692,44.1789184,-77.4438644
52469,LOVES TRAVEL STOP #269,US-287/US-82/SR-79 & US-281,Wichita Falls,TX,770,3.123,33.851692996919,-98.571643844022
52510,Valero,SR-9,Maysville                               ,KY,312,3.599,38.633083,-83.794842
52473,FLYING J TRAVEL PLAZA #743,"I-15, EXIT 222",Nephi,UT,835,3.71566666,39.687072,-111.834716
52512,LOVES TRAVEL STOPS #270,"I-20, EXIT 349",Ranger,TX,575,3.189,32.4417764,-98.6945235
52474,PILOT TRAVEL CENTERS #17,"I-94, EXIT 104",Battle Creek,MI,406,3.959,42.302708,-85.082385
52512,LOVES TRAVEL STOP #270,"I-20, EXIT 349",Ranger,TX,575,3.213,32.4417764,-98.6945235
52474,PILOT TRAVEL CENTERS #17,"I-94, EXIT 104",Battle Creek,MI,406,3.999,42.302708,-85.082385
52513,FLYING J TRAVEL PLAZA #678,"I-20 & I-55, EXIT 47",Pearl,MS,760,3.149,32.2772073,-90.1601044
52479,PETRO CARNESVILLE #377,"I-85, EXIT 160",Carnesville,GA,16,3.154,34.388812708528,-83.272428510861
52517,STRIPES 7FLEET #42562,US-84 & US-385,Littlefield,TX,700,3.199,33.916959,-102.328483
52520,DANDY MINI MART #19,"ROUTE 17, EXIT 59-A",Sayre,PA,190,3.99233333,41.9988574,-76.5874381
52483,FLYING J TRAVEL PLAZA #659,"I-70, EXIT 253",Salina,KS,523,3.77233333,38.8796566,-97.592075
52528,QUIKTRIP #150,"I-70, EXIT 28",Oak Grove,MO,400,2.959,39.013223,-94.128392
52529,BIG SKY TRUCK STOP,"I-15, EXIT 56 N",Dillon,MT,786,3.689,45.21469,-112.6346061
52493,10 ACRE TRUCKSTOP,"HWY-401, EXIT 53B & HWY 1",Belleville,ON,420,3.42178332,44.1789184,-77.4438644
52531,FLYING J FUEL STOP #768,"I-435, EXIT 57",Kansas City,MO,400,3.38233333,39.15648,-94.476518
52534,LEES FOOD MART #1122,"I-75, EXIT 122 & SR-61",Clinton,TN,405,2.969,36.1643917,-84.0865496
52493,10 ACRE TRUCKSTOP,"HWY-401, EXIT 53B & HWY 1",Belleville,ON,420,3.39469036,44.1789184,-77.4438644
52539,PILOT TRAVEL CENTER #331,"I-285 , EXIT 51",Atlanta,GA,18,3.599,33.685437,-84.312174
52535,PWI #115,"I-45, EXIT 178",Buffalo,TX,765,2.899,31.4637293,-96.0583794
52493,10 ACRE TRUCKSTOP,"HWY-401, EXIT 53B & HWY 1",Belleville,ON,420,3.45114834,44.1789184,-77.4438644
52541,PANTRY TRUCKSTOP,US-2/US-41,Rapid River,MI,360,3.319,45.925374,-86.981733
52537,TA Express Osseo #431,"I-94, EXIT 88",Osseo,WI,448,3.469,44.578659,-91.222843
52493,10 ACRE TRUCKSTOP,"HWY-401, EXIT 53B & HWY 1",Belleville,ON,420,3.48592833,44.1789184,-77.4438644
52546,CIRCLE K #2723910,US-84 & US-27,Bainbridge,GA,20,3.599,30.920731,-84.602729
52541,PANTRY TRUCKSTOP,US-2/US-41,Rapid River,MI,360,3.399,45.925374,-86.981733
52511,JOES JUNCTION #9,"I-65, RAYMOND EXIT",Indianapolis,IN,375,3.459,39.735855,-86.19923
52549,SPEEDWAY #3328,"I-77, EXIT 159 A",Cleveland,OH,305,3.799,41.501093,-81.519749
52542,FLYING J TRAVEL PLAZA #624,"I-75, EXIT 285 & SR-52",San Antonio,FL,225,3.599,28.326345,-82.321754
52514,FLYING J TRAVEL PLAZA #671,"I-55, EXIT 58",Matthews,MO,275,3.239,36.7602754,-89.5407849
52552,FLYING J TRAVEL PLAZA #672,"I-49/US-71, EXIT167 & CR-J",Peculiar,MO,400,3.42233333,38.7226968,-94.4510369
52548,Henderson Fuel Mart,"I-80, EXIT 342",Henderson                               ,NE,350,2.899,32.152286,-94.785155
52516,FLYING J TRAVEL PLAZA #612,"I-40, EXIT 255",Winslow,AZ,930,3.624,35.0154403,-110.6747033
52562,MOBIL,"I-87, EXIT 36                 ",Plattsburgh                             ,NY,39,3.799,44.780737,-73.435015
52551,PILOT TRAVEL CENTERS #374,"I-10, EXIT 142 & SR-71",Marianna,FL,20,3.599,30.7253426,-85.1864969
52527,PETRO STOPPING CENTER #323,"I-75, EXIT 368",Reddick,FL,225,3.35233333,29.410199,-82.248247
52551,PILOT TRAVEL CENTER #374,"I-10, EXIT 142 & SR-71",Marianna,FL,20,3.599,30.7253426,-85.1864969
52539,PILOT TRAVEL CENTERS #331,"I-285 , EXIT 51",Atlanta,GA,18,3.599,33.685437,-84.312174
52553,FLYING J TRAVEL PLAZA #689,"I-40, EXIT 153",Albuquerque,NM,580,3.549,35.079876,-106.7462196
52541,PANTRY TRUCKSTOP,US-2/US-41,Rapid River,MI,360,3.499,45.925374,-86.981733
52577,PILOT TRAVEL CENTER #329,"I-29 & I-80, EXIT 1B",Council Bluffs,IA,319,3.659,41.2363456,-95.8789352
52558,LOVES TRAVEL STOP #271,"I-40, EXIT 37 & US-219",Ozark,AR,695,3.39233333,33.3313326,-91.2842788
52550,PILOT TRAVEL CENTERS #404,"I-24, EXIT 81 SE",Murfreesboro,TN,460,3.47233333,35.808019,-86.39526
52577,PILOT TRAVEL CENTERS #329,"I-29 & I-80, EXIT 1B",Council Bluffs,IA,319,3.659,41.2363456,-95.8789352
52563,FLYING J TRAVEL PLAZA #631,"I-75, EXIT 2",Lake Park,GA,20,3.32233333,30.641236,-83.190486
52557,SPRINT MART #40,US-72 & SR-247,Tuscumbia,AL,615,3.189,34.710062,-87.744754
52580,LOVES TRAVEL STOP #405,"I-95, EXIT 29",Brunswick,GA,75,3.321,31.138122,-81.571289
52564,FLYING J TRAVEL PLAZA #669,"I-44, EXIT 11A & US-71/SR-249 & SR-FF",Joplin,MO,277,3.41233333,37.0552049,-94.4289807
52580,LOVES TRAVEL STOPS #405,"I-95, EXIT 29",Brunswick,GA,75,3.389,31.138122,-81.571289
52588,STRIPES #42564,US-87,Lubbock,TX,700,3.199,33.505964,-101.869803
52565,PILOT TRAVEL CENTERS #377,"I-35, EXIT 13",Laredo,TX,693,3.599,30.5059174,-99.7765996
52582,JRs Oasis,SR-50,Yankton,SD,572,3.149,42.880465,-97.354064
52594,PILOT TRAVEL CENTERS #348,"I-70, EXIT 32B",Bentleyville,PA,165,4.109,40.131629,-80.000853
52566,YUMM,"I-35, EXIT 8",Laredo,TX,598,2.87566666,27.529944,-99.468277
52585,SUPERPUMPER #22,"I-94, EXIT 42",Belfield,ND,807,3.529,46.893925,-103.189003
52575,PILOT TRAVEL CENTERS #775,"I-15, EXIT 4",Saint George,UT,910,3.67566666,37.0604834,-113.5822653
52601,LOVES TRAVEL STOP #236,"I-40, EXIT 161 & SR-391",North Little Rock,AR,695,3.22066666,34.7865354,-92.1251955
52590,FLYING J TRAVEL PLAZA #661,"I-65, EXIT 2 & US-31W",Franklin,KY,415,3.169,36.6627133,-86.5535593
52602,7-ELEVEN #40277,"I-76, EXIT 16/226",Newburg,PA,70,4.299,40.165895,-77.597373
52581,TA WILLCOX TRAVEL CENTER,"I-10, EXIT 340",Willcox,AZ,980,3.28233333,32.25257,-109.832484
52597,7-ELEVEN #40278,"I-81, EXIT 44 & I-76",Plainfield,PA,70,3.96733333,40.20221,-77.287159
52605,PILOT TRAVEL CENTERS #39,"I-57, EXIT 335",Monee,IL,290,3.459,41.427563,-87.756943
52587,PILOT TRAVEL CENTERS #380,"I-81, EXIT 25 & I-90, EXIT 36",Liverpool,NY,220,4.159,43.0874699,-76.1649757
52598,7-ELEVEN #40283,"I-76, EXIT 19/247",Middletown,PA,70,3.97066666,40.202166940356,-77.188940144953
52591,FLYING J TRAVEL PLAZA #749,"I-95, EXIT 104",Ruther Glen,VA,180,3.619,37.9343993,-77.4725167
52603,CASEYS #3364,US-281 & SR-200,Carrington,ND,341,3.439,47.4572251,-99.1176842
52595,7-ELEVEN #40281,"I-476,  EXIT 35/95",Jim Thorpe,PA,90,3.589,40.880016185416,-75.726242117795
52605,PILOT TRAVEL CENTER #39,"I-57, EXIT 335",Monee,IL,290,3.439,41.427563,-87.756943
52612,STRIPES 7FLEET #42568,US-60 & CR-G,Hereford,TX,700,3.35066666,34.829436,-102.369716
52599,7-ELEVEN #40285,"I-76, EXIT 21/286",Bowmansville,PA,208,3.97066666,39.989427728051,-75.804324190688
52608,PILOT #7971,"I-40, EXIT 133",Conover,NC,46,3.699,35.720917,-81.188507
52605,PILOT TRAVEL CENTER #39,"I-57, EXIT 335",Monee,IL,290,3.559,41.427563,-87.756943
52611,STRIPES #40530,SR-239,Del Rio,TX,740,3.229,29.346785,-100.916689
52620,GOODLAND 24/7 STORE,"I-70, EXIT 19",Goodland,KS,525,3.08733333,39.351205,-101.711815
52605,PILOT TRAVEL CENTERS #39,"I-57, EXIT 335",Monee,IL,290,3.399,41.427563,-87.756943
52621,CORNER MARKET #111,"I-70, EXIT 27",Goodland,KS,525,3.059,39.33202761227,-101.729350316514
52622,STRIPES 7FLEET #42567,I-20,Stanton,TX,700,3.01566666,32.137392,-101.804812
52605,PILOT TRAVEL CENTER #39,"I-57, EXIT 335",Monee,IL,290,3.399,41.427563,-87.756943
52624,PILOT TRAVEL CENTERS #390,"I-84, EXIT 188 & US-395",Stanfield,OR,982,3.469,45.7659975,-119.2057139
52623,TA WILLINGTON TRAVEL CENTER,"I-84, EXIT 71",Willington,CT,100,5.199,41.8751,-72.26397
52607,PILOT TRAVEL CENTERS #409,"I-40, EXIT 172",Dickson                                 ,TN,460,3.19233333,36.023037,-87.341679
52626,FLYING J TRAVEL PLAZA #627,"I-95/SR-405, EXIT 29 & US-82/US-17/SR-25/SR-520",Brunswick,GA,75,3.39566666,31.140502,-81.577392
52625,FLYING J TRAVEL PLAZA #673,"I-44, EXIT 226 & SR-85",Sullivan                                ,MO,540,3.324,38.225331,-91.158254
52610,TA HARBORCREEK TRAVEL CENTER,"I-90, EXIT 35",Erie,PA,240,4.199,42.141563,-79.923436
52628,One9 Pride #1215,"I-10, EXIT 45",Salome,AZ,930,3.379,33.779466,-113.610295
52629,LOVES TRAVEL STOP #413,"I-90, EXIT 106 & US-97",Ellensburg,WA,977,3.829,47.008483,-120.586181
52615,PILOT TRAVEL CENTERS #4,"I-90, EXIT 151",Avon,OH,305,3.879,41.4659457,-82.0609922
52629,LOVES TRAVEL STOPS #413,"I-90, EXIT 106 & US-97",Ellensburg,WA,977,3.889,47.008483,-120.586181
52629,LOVES TRAVEL STOP #413,"I-90, EXIT 106 & US-97",Ellensburg,WA,977,3.949,47.008483,-120.586181
52616,PILOT TRAVEL CENTER #28,I-69 EXIT 234,Daleville,IN,457,3.649,40.115179,-85.573358
52630,PILOT TRAVEL CENTERS #386,"I-5, EXIT 263",Salem,OR,935,3.859,45.048755,-122.974868
52629,LOVES TRAVEL STOP #413,"I-90, EXIT 106 & US-97",Ellensburg,WA,977,3.889,47.008483,-120.586181
52616,PILOT TRAVEL CENTERS #28,I-69 EXIT 234,Daleville,IN,457,3.519,40.115179,-85.573358
52632,LOVES TRAVEL STOP #451,"I-65, EXIT 95 & CR-500",Whiteland,IN,375,3.949,39.5515326,-86.0446077
52633,PILOT TRAVEL CENTERS #57,"I-40 & I-85, EXIT 152",Mebane,NC,65,3.959,36.0659196,-79.3096162
52618,PILOT TRAVEL CENTERS #63,"I-85, EXIT 35",Piedmont,SC,30,3.22233333,34.7107958,-82.4976901
52634,PETRO STOPPING CENTER #362,"I-80, EXIT 353",York,NE,330,3.299,40.818432,-97.598749
52635,E EXPRESS at MLK,"I-40 & I-35, EXIT 127",Oklahoma City,OK,483,2.889,35.525212,-97.546208
52628,Pride Travel Center dba One9 #1215,"I-10, EXIT 45",Salome,AZ,930,3.359,33.627679,-113.76777
52636,LOVES TRAVEL STOP #414,"I-64, EXIT 25B & US-41",Haubstadt,IN,340,3.949,38.173591,-87.551514
52638,STRIPES 7FLEET #42555,"I-20, EXIT 80 & SR-18",Monahans,TX,710,2.929,31.572704,-102.892711
52641,PILOT TRAVEL CENTERS #71,"I-95, EXIT 109",Port Wentworth,GA,195,3.37233333,32.188259,-81.195549
52640,SPEEDWAY #8316,US-30 & US-41,Dyer,IN,290,3.649,39.787242,-86.251949
52642,One9 #61,"I-26, EXIT 52 & SR-56",Clinton,SC,30,3.099,34.488083313425,-81.857131308135
52641,PILOT TRAVEL CENTER #71,"I-95, EXIT 109",Port Wentworth,GA,195,3.419,32.188259,-81.195549
52644,ONE9 #058,"I-95, EXIT 180 & SR-48",Pleasant Hill                           ,NC,205,3.399,36.255581,-80.881912
52646,FLYING J TRAVEL PLAZA #619,"I-70, EXIT 285",Aurora,CO,800,3.39233333,39.7629245,-104.7929258
52643,Minit Mart #3,HIGHWAY 277 & FM 1589,Eagle Pass,TX,693,3.199,28.651668435391,-100.427655083695
52659,LOVES TRAVEL STOP #276,"I-10, EXIT 20",Lordsburg,NM,640,3.45733333,32.353968,-108.735612
52647,FLYING J TRAVEL PLAZA #699,"I-70, EXIT 122",Millersport,OH,315,3.44566666,39.9430552,-82.5994909
52648,Stripes #42566,US-67 & SR-158,Ballinger,TX,612,3.05566666,31.727628,-99.95713
52664,PETRO STOPPING CENTER #378,I-81 EXIT 178B,Pittston,PA,200,4.16566666,41.3302,-75.7417
52649,FLYING J TRAVEL PLAZA #623,"I-10, EXIT 192 & US-90",Midway,FL,20,3.799,30.4928879,-84.4288629
52656,TRAVELING TIGER CENTER,"I-10, EXIT 87",Sierra Blanca,TX,640,3.15566666,31.16979,-105.657299
52676,PILOT TRAVEL CENTERS #336,"I-80, EXIT 97 & US-219",Du Bois,PA,14,4.034,41.1411087,-78.7832379
52651,TA NEW BRAUNFELS TRAVEL CENTER,"I-35, EXIT 193",New Braunfels,TX,740,3.449,29.687587,-98.113601
52658,LOVES TRAVEL STOP #274,"I-40, EXIT 221 & SR-27",Okemah,OK,560,3.35566666,35.2773479,-97.6016132
52679,LOVES TRAVEL STOP #404,"I-295, EXIT 56 & I-95, EXIT 7",Bordentown,NJ,150,3.979,40.120176,-74.7081216
52652,PILOT TRAVEL CENTERS #47,"I-275, EXIT 129",Georgetown,KY,410,3.20566666,38.2764738,-84.5598882
52669,COLUMBIA TRUCK STOP,US-46,Columbia,NJ,115,3.079,40.918497,-75.083709
52680,PILOT TRAVEL CENTER #91,"I-95, EXIT 329",Saint Johns,FL,75,3.424,30.066013,-81.494696
52661,LOVES TRAVEL STOP #281,"I-35 WEST, EXIT 40",Fort Worth,TX,630,3.18733333,32.598649,-97.317542
52663,EXXON,"I-20/I-59, EXIT 17 & SR-28",Livingston,AL,705,2.979,32.623408,-88.207305
52683,PILOT TRAVEL CENTERS #145,"I-40/US-71/US-62, EXIT 72 AND US-412",Springdale,AR,416,3.459,36.17649,-94.19286
52686,LOVES TRAVEL STOP #278,"I-40, EXIT 277",Joseph City,AZ,930,3.60733333,34.9545968,-110.3109182
52685,LOVES TRAVEL STOP #275,"I-40/US-63, EXIT 233 & SR-261",Palestine,AR,435,3.31566666,34.9690302,-90.9065903
52667,EXPRESS LANE TRAVEL CENTER,"I-20, EXIT 100 & US-80",Lawrence,MS,705,3.299,33.971778,-88.6208806
52674,FLYING J TRAVEL PLAZA #738,"I-20/FM707, EXIT 277",Tye,TX,575,3.124,32.46116,-99.872101
52684,KWIK STAR #348,US-30/US-67,Clinton,IA,270,3.624,41.838935,-90.190747
52690,LOVES TRAVEL STOP #415,"I-95 & OKEECHOBEE RD, EXIT 129",Fort Pierce,FL,95,3.50566666,27.4133727,-80.3978104
52675,PILOT TRAVEL CENTER #907- TOWN PUMP,"I-94, EXIT 138",Miles City                              ,MT,780,3.499,46.40649,-105.847841
52692,PILOT TRAVEL CENTERS #249,"I-70/I-55, EXIT 18 & SR-162",Troy                                    ,IL,540,3.439,38.731647,-89.908017
52691,PILOT TRAVEL CENTER #312,"I-20/SR-402, EXIT 5 & SR-100",Tallapoosa,GA,18,3.389,33.6824819,-85.263696
52678,STRIPES 7FLEET #42433,US-277,Bronte,TX,739,3.474,31.887614,-100.295543
52692,PILOT TRAVEL CENTER #249,"I-70/I-55, EXIT 18 & SR-162",Troy                                    ,IL,540,3.379,38.731647,-89.908017
52692,PILOT TRAVEL CENTERS #249,"I-70/I-55, EXIT 18 & SR-162",Troy                                    ,IL,540,3.439,38.731647,-89.908017
52680,PILOT TRAVEL CENTERS #91,"I-95, EXIT 329",Saint Johns,FL,75,3.499,30.066013,-81.494696
52691,PILOT TRAVEL CENTERS #312,"I-20/SR-402, EXIT 5 & SR-100",Tallapoosa,GA,18,3.449,33.6824819,-85.263696
52697,FLYING J TRAVEL PLAZA #747,"I-15, EXIT 261",Springville                             ,UT,835,3.76566666,40.1873553,-111.6403855
52683,PILOT TRAVEL CENTER #145,"I-40/US-71/US-62, EXIT 72 AND US-412",Springdale,AR,416,3.463,36.17649,-94.19286
60147,HOP-IN FOOD STORES,US-82 & SR-22,Maplesville,AL,720,3.399,32.7885077,-86.8717671
60114,SUNSTOP #606,US-84/SR-167,Enterprise,AL,20,3.699,31.334634,-85.859541
52687,LOVES TRAVEL STOP #286,"I-10, EXIT 17",Quartzsite,AZ,930,3.949,33.65756,-114.24142
60206,TA EXPRESS #649,"I-25, EXIT 52",Walsenburg,CO,796,4.259,37.653503,-104.793836
60136,HOBO PANTRY #18,US-431,Headland                                ,AL,20,3.599,31.356412,-85.328085
52692,PILOT TRAVEL CENTERS #249,"I-70/I-55, EXIT 18 & SR-162",Troy                                    ,IL,540,3.439,38.731647,-89.908017
60220,ZELLWOOD TRUCK STOP,US-441,Zellwood,FL,140,3.499,28.722792,-81.595884
60191,PILOT #1180,"I-10, EXIT 94",Tonopah,AZ,930,3.899,33.49466,-112.937898
52692,PILOT TRAVEL CENTER #249,"I-70/I-55, EXIT 18 & SR-162",Troy                                    ,IL,540,3.699,38.731647,-89.908017
52692,PILOT TRAVEL CENTER #249,"I-70/I-55, EXIT 18 & SR-162",Troy                                    ,IL,540,3.579,38.731647,-89.908017
60208,BERKSHIRE PETROLEUM,"I-91, EXIT 9",North Haven,CT,100,3.549,41.350352,-72.868371
60226,CIRCLE K #2723903,US-82 & SR-520,Dawson,GA,20,3.499,31.778758,-84.446294
60084,SUNSTOP #625,US-84,Ashford,AL,20,3.599,31.180547,-85.248368
60106,SUNSTOP #619,US-84,Daleville,AL,720,3.399,31.296231,-85.72228
60248,METRO,"I-95, EXIT 12",Avenel                                  ,NJ,115,3.299,40.596011,-74.252469
60250,ELIZABETH TRUCK STOP,"I-95, EXIT 13A & SR-81",Elizabethport,NJ,115,3.399,40.660315,-74.192616
60145,OCS QUICK STOP,US-43/SR-13,Mount Vernon                            ,AL,715,3.699,31.095631,-88.013193
60191,PILOT TRAVEL CENTER #1180,"I-10, EXIT 94",Tonopah,AZ,930,3.899,33.495807,-112.93913
60224,SUNSTOP #419,US-19,Camilla,GA,20,3.499,31.224251,-84.197466
60230,CIRCLE K #2745152,US-19,Pelham,GA,20,3.499,31.133669,-84.141042
60229,96 TRAVEL PLAZA,"I-16, EXIT 24",Jeffersonville                          ,GA,85,3.399,32.685743,-83.34424
60242,KWIK STAR #711,US-18/US-52,Monona,IA,565,3.624,43.051867,-91.389888
60294,LITTLE CAPITOL EXXON,"I-10, EXIT 115",Breaux Bridge                           ,LA,600,3.899,30.3165767,-91.829867
60243,PETRO MART,"I-29, EXIT 112",Onawa,IA,527,3.15733333,42.027797,-96.124544
60298,BEAU CHENE TRUCK STOP,"I-49, EXIT 11",Grand Coteau,LA,730,3.399,30.417947,-92.046948
60245,STINKER #74,"I-84, EXIT 137",Bliss,ID,785,3.634,42.924482,-114.949314
60313,WHITE MARSH TRUCK STOP,US-40,White Marsh                             ,MD,22,3.369,39.396846,-76.407513
60255,HUCKS FOOD & FUEL #186,US-51/CR-1450 & US-136,Heyworth,IL,368,3.479,40.315209,-88.980102
60316,CIRCLE K #4707001,"I-95, EXIT 264 & SR-158",Sherman,ME,170,3.93233333,45.874359,-68.416006
60326,SUNRISE CONVENIENCE STORE #29,"I-69, EXIT 184                ",Memphis                                 ,MI,325,3.559,42.89549,-82.768526
60255,HUCKS FOOD & FUEL #186,US-51/CR-1450 & US-136,Heyworth,IL,368,3.549,40.315209,-88.980102
60324,FUEL MART OF AMERICA,"I-75, EXIT 59",Detroit                                 ,MI,325,3.499,42.288534,-83.165777
60329,CHARLIES COUNTRY CORNER,"I-75, EXIT 271",Grayling,MI,287,3.899,44.602261,-84.710964
60256,BOLLA MARKET,"I-84, EXIT 1",Montague,NJ,115,3.519,41.350873,-74.68652
60326,SUNRISE CONVENIENCE STORE #29,"I-69, EXIT 184                ",Memphis                                 ,MI,325,3.499,42.89549,-82.768526
60270,CHUCKLES #27,SR-57,Washington                              ,IN,340,3.339,38.630817,-87.179378
60328,SPEEDWAY #8748,"I-69, EXIT 6",Flint,MI,342,3.339,43.021663,-83.655258
60273,24-7,"I-70, EXIT 53 & SR-25",Colby,KS,525,3.05566666,39.39990386484,-101.045948258394
60329,CHARLIES COUNTRY CORNER,"I-75, EXIT 271",Grayling,MI,287,3.799,44.602261,-84.710964
60280,JUMP START #9,"I-35, EXIT 4",South Haven,KS,570,3.069,37.241489,-96.974445
60333,LAKESHORE BP,US-2,Manistique,MI,287,3.499,45.95087,-86.258147
60282,CRVS #7,SR-96 & SR-27,Tribune,KS,525,3.399,38.470815,-101.752429
60342,True North #254,US-31 & SR-37,Traverse City,MI,456,3.729,44.656691108613,-85.5234440794
60374,PILOT TRAVEL CENTERS #385,US-54 & SR-13,Collins                                 ,MO,416,3.49566666,37.874343,-93.621275
60295,EXIT 80 TRAVEL PLAZA,"I-10, EXIT 80",Crowley                                 ,LA,730,3.109,30.2367237,-92.3850947
60344,DORR TRUCK STOP,"US-131, EXIT 68",Wayland,MI,344,3.499,42.725664,-85.676259
60382,WINDSTARS #5101,"I-435, EXIT 57",Kansas City,MO,400,3.099,39.130163,-94.521142
60341,SNAPPY FOOD MART,ST 60,Tekonsha,MI,431,3.589,42.0959989,-84.9886343
60358,PETRO SERVE USA #54,US-10,Glyndon,MN,341,3.449,46.877688,-96.579922
60383,CASEYS #4399,"I-70, EXIT 175",New Florence,MO,392,2.949,38.9128951,-91.46049
60342,True North #254,US-31 & SR-37,Traverse City,MI,456,3.789,44.656691108613,-85.5234440794
60398,TOWN PUMP FOOD STORE #610,"I-90, EXIT 333",Livingston                              ,MT,786,3.644,45.641289,-110.575364
60392,Kangaroo Crossing #1107,"I-20, EXIT 68 & SR-43",Pelahatchie,MS,705,3.199,32.294591,-89.804058
60347,KWIK TRIP #875,"I-90, EXIT 157, BRIDGE ST ENTRANCE",Albert Lea,MN,515,3.324,43.644258,-93.380763
60416,MINUTEMAN FOOD MART #20,US-74 & US-76,Whiteville                              ,NC,245,3.46066666,34.239361,-78.675269
60400,CAN AM C STORE,SR-16,Plentywood,MT,807,3.499,48.7743957,-104.5590798
60372,FLYING W CONVENIENCE STORE,SR-96,Carthage                                ,MO,277,3.199,37.178689,-94.313919
60442,Circle K #4706716,SR-71 & SR-47,Yorkville,IL,290,3.799,41.618648,-88.448596
60420,PUMP & PANTRY #35,US-183,Alma,NE,330,3.459,40.104676,-99.368301
60373,FLYING J #571,"I-57, EXIT 12 & US-60",Charleston,MO,490,3.559,36.920928,-89.350081
60442,Circle K #4706716,SR-71 & SR-47,Yorkville,IL,290,3.499,41.618648,-88.448596
60426,BONS BONS MOBIL,US-3,Merrimack,NH,125,3.699,42.86634,-71.493918
60379,FAST LANE #50,US-54/SR-19,Laddonia,MO,540,3.15733333,39.228278,-91.646605
60434,ENRITE,US-9,Linden,NJ,79,3.34233333,40.629587,-74.249961
60380,AMOCO,US-63/US-136,Lancaster,MO,320,3.249,40.522289,-92.529834
60460,HAHN OIL,US-36,Coshocton                               ,OH,315,3.299,40.28822,-81.861872
60442,Circle K #4706716,SR-71 & SR-47,Yorkville,IL,290,3.599,41.618648,-88.448596
60461,TRUE NORTH #704,"I-75, EXIT 56A",Dayton                                  ,OH,317,3.799,39.769025617172,-84.208989322283
60473,BELL STORES #50,ST 3,Wooster,OH,249,3.599,40.811988,-81.844996
60463,Anna Truck Stop,"I-75, EXIT 99",Anna,OH,411,3.01566666,40.394497,-84.159006
60476,PETES #11,US-75,Dewey,OK,560,3.154,36.81457,-95.934415
60465,MOTOMART #4129,ST 309,Marion                                  ,OH,411,3.34233333,40.564393,-83.139328
60508,FEGLEY VALERO,SR-309,Tamaqua,PA,90,3.599,40.796029,-75.969224
60471,FUEL MART #701,"I-480/I-271, EXIT 23 & SR-8",Bedford,OH,305,3.529,41.365244,-81.526022
60515,FLASH MARKET #302,SR-9 & SR-151,Pageland,SC,46,3.38566666,34.766284879296,-80.415404168362
60565,CEFCO #2006,"I-40, EXIT 163",Shamrock,TX,585,3.099,35.229638,-100.249827
60513,CIRCLE K #2723873,US-17,Georgetown,SC,42,2.899,33.367106,-79.273954
60516,ENMARKET #892,"I-95, EXIT 150",Harleyville,SC,195,3.399,33.282729,-80.515393
60579,SPEEDWAY #4633,US-220/US-221/US-460,Roanoke,VA,185,3.399,37.289662,-79.910532
60551,CIRCLE K #2744522,"I-30, EXIT 201  I-30 & SR-8",New Boston,TX,766,2.94233333,33.47597,-94.409958
60519,CORNER PANTRY #25,US-14,Huron,SD,571,3.079,44.370019,-98.175316
60587,BJS AUTO TRUCK PLAZA,SR-28,Rock Island,WA,970,4.099,47.3722152,-120.1398938
60554,CEFCO #2070,"I-27, EXIT 49",Plainview,TX,700,2.83233333,34.205263,-101.729433
60538,TEXACO #380031,ST 21W,Bryan,TX,765,3.399,30.662086,-96.301701
60587,BJS AUTO TRUCK PLAZA,SR-28,Rock Island,WA,970,3.999,47.3722152,-120.1398938
60601,HOLIDAY STATIONSTORE #2746229,US-53/US-2,Superior,WI,545,3.339,46.679539,-92.011414
60539,SHELL,US-96 & SR-62/FM-1004,Buna,TX,610,3.10233333,30.442047,-93.96835
60650,SHELL DBA ONE9 #1244,"I-8, EXIT 115",Gila Bend,AZ,930,3.259,32.941828958646,-112.698639239592
60540,CIRCLE K #2706340,"I-20, EXIT 533",Canton,TX,630,2.77566666,32.576678,-95.854559
60650,ONE9 #1244,"I-8, EXIT 115",Gila Bend,AZ,930,3.359,32.941828958646,-112.698639239592
60589,RIVER COUNTRY PLAZA,"SR-29, EXIT 91",Cadott,WI,295,3.39733333,44.936083,-91.14711
60700,PWI #502,"I-70/US-40, EXIT 259",Golden,CO,800,3.199,39.749672,-105.216019
60590,DARLINGTON MINI MART,SR-23 & SR-81,Darlington,WI,420,3.399,42.667953,-90.129182
60708,CRVS STORE #6,US-385,Wray,CO,800,3.449,40.0790722,-102.2275402
60788,SPRINT FOODS #722,US-1/SR-4/SR-17 & SR-24,Louisville                              ,GA,85,4.099,33.010265,-82.398966
60635,EXXON ON THE RUN,US-62/US-412 & SR-126,Gassville                               ,AR,535,3.695,36.2874835,-92.482361
60762,BP,US-1 & US-341,Baxley,GA,195,3.599,31.873685,-82.355824
60707,REATA TRAVEL STOP,"I-76, EXIT 125",Sterling,CO,800,3.399,40.622175,-103.168191
60768,GAS N GO FOOD STORE,"I-75, EXIT 290/US-41",Cartersville,GA,48,2.94233333,34.175172,-84.81005
60783,CIRCLE K #2723324,US-441/US-23/SR-15 & SR-17A/SR-385,Clarkesville,GA,16,3.439,34.647706,-83.449877
60773,NEIGHBORS EXPRESS,US-341/SR-27 & US-129 ALT/SR-340,Hawkinsville,GA,20,3.399,32.28132,-83.45235
60791,MARATHON #9,"I-475, EXIT 1",Macon,GA,85,3.039,32.864231,-83.864029
60779,Marathon,US-129,Eatonton                                ,GA,85,3.399,33.325223,-83.39137
60829,BARRY TRAVEL PLAZA,"I-72, EXIT 20",Barry,IL,540,3.599,39.7021,-91.03804
60797,EVANS FOOD MART,SR-20,Rome,GA,193,3.699,34.221162,-85.186314
60781,JP PERRY,"I-75, EXIT 138",Perry                                   ,GA,85,3.08233333,32.459439,-83.732465
60839,FREEDOM OIL #18,"I-74, EXIT 82",Edwards,IL,270,3.399,40.776349,-89.751811
60804,JET FOOD STORE #4,US-1 & SR-78,Wadley,GA,135,3.41566666,32.868058,-82.395938
60787,MARATHON,"I-20, EXIT 11",Lithia Springs,GA,48,2.87233333,33.771231,-84.652322
60839,FREEDOM OIL #18,"I-74, EXIT 82",Edwards,IL,270,3.899,40.776349,-89.751811
60817,KWIK STAR #712,US-218 & SR-27,Janesville,IA,565,3.599,42.649525,-92.462974
60795,CIRCLE K #2745080,US-319/US-129/SR-90/SR-11,Ocilla,GA,10,3.62566666,31.60418,-83.250949
60822,CASEYS #3639,US-18/US-52,Postville,IA,420,3.599,43.08456,-91.568323
60807,BATAVIA GARDENS AND GAS,"US-34, EXIT 203",Batavia,IA,320,3.379,41.002283,-92.163618
60846,EXPRESS LANE #50,"I-88, EXIT 10",Hillsdale                               ,IL,270,3.699,41.612572,-90.186607
60833,SPEEDWAY #5400,CR-11 & CR-23,Bloomingdale,IL,290,3.759,41.938883,-88.117962
60857,RED ROOSTER TERMINAL,US-50/SR-250 & SR-130,Olney,IL,510,3.249,38.7150299,-88.093408
60846,EXPRESS LANE #50,"I-88, EXIT 10",Hillsdale                               ,IL,270,3.999,41.612572,-90.186607
60834,SPEEDWAY #7422,SR-43,Burbank,IL,293,3.619,41.748653,-87.798981
60846,EXPRESS LANE #50,"I-88, EXIT 10",Hillsdale                               ,IL,270,3.799,41.612572,-90.186607
60839,FREEDOM OIL #18,"I-74, EXIT 82",Edwards,IL,270,3.499,40.776349,-89.751811
60851,SPEEDWAY #7382,I-355 & SR-64,Lombard,IL,293,3.349,41.861746,-88.017897
60851,SPEEDWAY #7382,I-355 & SR-64,Lombard,IL,293,3.249,41.861746,-88.017897
60881,GAS AND STUFF,"I-64, EXIT 118",Georgetown                              ,IN,415,3.799,38.290547,-85.91302
60857,RED ROOSTER TERMINAL,US-50/SR-250 & SR-130,Olney,IL,510,3.189,38.7150299,-88.093408
60851,SPEEDWAY #7382,I-355 & SR-64,Lombard,IL,293,3.299,41.861746,-88.017897
60882,SPEEDWAY #6666,US-33,Goshen,IN,465,3.81566666,39.787242,-86.251949
60857,RED ROOSTER TERMINAL,US-50/SR-250 & SR-130,Olney,IL,510,3.399,38.7150299,-88.093408
60857,RED ROOSTER TERMINAL,US-50/SR-250 & SR-130,Olney,IL,510,3.189,38.7150299,-88.093408
60887,STERNBERG CITGO TRUCK STOP,"I-64, EXIT 57",Jasper                                  ,IN,340,3.759,38.391483,-86.931758
60865,Truckquest,"I-55, EXIT 286",Cicero,IL,290,3.599,41.8249779,-87.7437314
60857,RED ROOSTER TERMINAL,US-50/SR-250 & SR-130,Olney,IL,510,3.399,38.7150299,-88.093408
60900,7-ELEVEN #40504,"I-80/I=90, MM 56 EB",Rolling Prairie,IN,465,3.999,41.705663,-86.621276
60857,RED ROOSTER TERMINAL,US-50/SR-250 & SR-130,Olney,IL,510,3.349,38.7150299,-88.093408
60902,SPEEDWAY #6674,"I-80/I-90, EXIT 72 & SR-31",South Bend,IN,465,3.69066666,41.675032,-86.251962
60865,Truckquest,"I-55, EXIT 286",Cicero,IL,290,3.649,41.8249779,-87.7437314
60913,J Mart #1,"HWY 50 E, HWY 83 N",Garden City,KS,525,3.529,37.988196,-100.915498
60871,WENONA BP,"I-39/US-51, EXIT 35 & SR-17",Wenona                                  ,IL,280,3.499,41.0571763,-89.0536061
60997,GULF OIL #5035,I-90 MM 66.7,Ludlow,MA,215,3.914,42.160237,-72.471797
60958,NORTH WEST TRUCK STOP,US-90 & SR-3211,Franklin,LA,600,3.399,32.15394506155,-91.715598849976
60890,JACK FLASH,I-57 EXIT 135,Farina,IL,510,3.099,38.838914,-88.780649
61004,Applegreen,SR-15,Sturbridge,MA,215,3.999,42.148003524469,-72.131626606398
60979,TOBACCO PLUS #5,"I-10, EXIT 4 & US-90",Vinton,LA,690,2.999,30.152009,-93.639807
60890,JACK FLASH,I-57 EXIT 135,Farina,IL,510,3.199,38.838914,-88.780649
61021,WESTOVER GOOSE CREEK,US-13 & SR-673,Westover                                ,MD,194,3.259,38.128539,-75.694853
60988,GULF OIL LP #5020,"I-90, MM291",Blandford,MA,215,3.914,42.180551,-72.9278
60926,CENEX,US-36 & US-83,Oberlin,KS,525,3.159,39.828397,-100.533823
61028,MARATHON,"US-10, EXIT 137",Bay City,MI,260,3.259,43.629619,-83.914289
60998,GULF OIL #5030,"I-90, EXIT 7",Ludlow,MA,215,3.909,42.160237,-72.471797
60989,Blandford Service Plaza Westbound,"I-90, EXIT MM29",Blandford,MA,215,3.919,42.195411,-72.932615
61030,HAGGERTY JOY MOBIL,I-275,Canton                                  ,MI,325,3.699,42.351591,-83.445117
61019,MARDELA GOOSE CREEK FOOD STORE,US-50,Mardela Springs                         ,MD,194,3.979,38.462429,-75.748246
60993,GULF #5165,"I-90, EXIT 12",Framingham,MA,34,4.06566666,42.289214,-71.409002
61032,MARATHON,US-10/US-127,Clare,MI,260,3.289,43.821295,-84.767907
61028,MARATHON,"US-10, EXIT 137",Bay City,MI,260,3.199,43.629619,-83.914289
61006,GULF OIL LP #5155,"I-90, EXIT 11",Westborough                             ,MA,215,3.909,42.26697,-71.61575
61034,MOTOR CITY TRUCK STOP,"I-75, EXIT 43",Detroit                                 ,MI,325,3.499,42.327726,-83.15575
61057,CIRCLE K #2746537,US-2 & US-41,Rapid River                             ,MI,360,3.319,45.927579,-86.975681
61032,MARATHON,US-10/US-127,Clare,MI,260,3.299,43.821295,-84.767907
61038,SPEEDWAY #8753,"I-475, EXIT 4",Burton,MI,342,3.399,42.92785,-85.69895
61057,CIRCLE K #2746537,US-2 & US-41,Rapid River                             ,MI,360,3.399,45.927579,-86.975681
61037,HEARTLAND MOBIL,US-23,Fenton,MI,342,3.849,42.710928488156,-83.742998273847
61038,SPEEDWAY #8753,"I-475, EXIT 4",Burton,MI,342,3.289,42.92785,-85.69895
61063,PS Food Mart,I-69 EXIT 25,Tekonsha,MI,431,3.589,42.105578,-84.992193
61038,SPEEDWAY #8753,"I-475, EXIT 4",Burton,MI,342,3.259,42.92785,-85.69895
61038,SPEEDWAY #8753,"I-475, EXIT 4",Burton,MI,342,3.089,42.92785,-85.69895
61063,PS Food Mart,I-69 EXIT 25,Tekonsha,MI,431,3.519,42.105578,-84.992193
61042,CITGO,"US-131, EXIT 44",Kalamazoo,MI,465,3.499,42.376426,-85.65933
61057,CIRCLE K #2746537,US-2 & US-41,Rapid River                             ,MI,360,3.499,45.927579,-86.975681
61080,CO-OP SERVICE,US-10 & CR-67,New York Mills,MN,250,3.499,46.524709,-95.370344
61057,CIRCLE K #2746537,US-2 & US-41,Rapid River                             ,MI,360,3.449,45.927579,-86.975681
61076,Holiday StationStore #2746408,"I-35, EXIT 129",Forest Lake,MN,448,3.399,45.250131,-93.027972
61099,LOVES TRAVEL STOP #488,"I-55, EXIT 157 & SR-32",Bloomsdale,MO,540,3.38233333,38.009398,-90.217666
61102,FAST LANE #54,US-63,Columbia,MO,310,3.20733333,38.965029,-92.353152
61090,Northdale Oil,US-59 & SR-1,Thief River Falls                       ,MN,355,3.239,48.115219,-96.181311
61111,Caseys #4540,"I-35, EXIT 40 & SR-116",Lathrop,MO,400,3.07566666,39.54828,-94.328996
61106,TEMP STOP #102,US-54 & SR-52,Eldon,MO,392,3.199,38.304982,-92.576847
61093,CIRCLE K #2746501,"I-90, EXIT 45 & SR-60",Worthington,MN,432,3.14233333,43.635094,-95.570766
61171,CHEVRON CURB STORE,US-49 & SR-26,Wiggins,MS,620,3.499,30.907309,-89.170625
61146,STUCKEYS EXPRESS #619,"I-59, EXIT 113 & SR-528",Heidelberg                              ,MS,620,3.499,31.8868921,-88.9850367
61110,HB OF RANDOLPH,"I-435, EXIT 55B & SR-210",Kansas City,MO,400,3.149,39.174456341701,-94.492423735459
61193,SPEEDWAY #8502,"I-75, EXIT 161 & CR-99",Findlay,OH,411,3.299,41.022702,-83.649729
61176,TOWN PUMP FOOD STORE #8947,US-2,Chinook,MT,815,3.629,48.594658,-109.23247
61115,BREAK TIME #3071,US-24 & US-63,Moberly,MO,310,3.469,39.394334,-92.411174
61182,TOWN PUMP FOOD STORE #3000,US-87,Lewistown,MT,815,3.599,47.070826,-109.411979
61118,MIDWEST PETROLEUM #21,"I-55, EXIT 129",Perryville,MO,275,2.99066666,37.893166,-89.841516
61210,SHEETZ #548,US-29,Greensboro,NC,65,2.859,36.056914,-79.889175
61271,MARATHON,"I-94, EXIT 292",Valley City,ND,341,3.499,46.912417,-98.011638
61145,TEXACO,US-49 & US-98,Hattiesburg,MS,620,3.199,31.257411,-89.338849
61269,FLYING J #489,"I-29, EXIT 138",Grand Forks,ND,341,3.61566666,47.925705,-97.036068
61291,FLEMING OIL FOOD MART,ST 9,West Chesterfield,NH,12,3.899,42.893037,-72.5017264
61149,CEFCO #501,US-45,Lauderdale,MS,705,2.899,32.520689,-88.514471
61308,CARLSTADT VALERO,SR-120,Carlstadt,NJ,115,3.199,40.839281,-74.095468
61292,ENRITE,"I-95, EXIT 14A",Jersey City,NJ,115,3.349,40.717495,-74.044111
61168,Blue Sky #717,US-72 & SR-15,Walnut,MS,435,3.099,34.951154,-88.90425
61312,BLUE STAR,US-202 & SR-31,Flemington                              ,NJ,115,3.399,40.457998653586,-74.835826670467
61301,SUNOCO- WALT WHITMAN PLAZA #7007,"NJTP,MILE POST 30",Cherry Hill,NJ,150,3.899,39.864151852925,-75.001425125924
61195,MINUTEMAN FOOD MART #06,SR-24,Clinton,NC,245,3.649,34.989492,-78.313597
61305,BP,US-130,Cranbury,NJ,150,3.14566666,40.293739,-74.519196
61205,SPEEDWAY #6961,"I-40, EXIT 303",Garner,NC,177,2.92066666,35.60917,-78.56166
61346,SUNOCO- ALEXANDER HAMILTON PLAZA #7016,NEW JERSEY TURNPIKE SOUTH MILEPOST 111.6 ,Secaucus,NJ,115,3.899,40.770049,-74.065171
61328,KW RASTALL OIL,US-130,North Brunswick,NJ,115,3.199,40.423149,-74.496446
61254,7-ELEVEN #36075,"I-77, EXIT 65 & SR-901",Union Grove,NC,46,2.859,36.009363,-80.838055
61357,KENT KWIK #501,US-70 & US-54,Alamogordo,NM,593,2.98233333,32.936635,-105.963921
61333,46 GAS AND TRUCK STOP,US-46,Palisades Park,NJ,115,3.23566666,40.8482769,-73.9976001
61266,CENEX CONVENIENCE STORE,US-2 & SR-19,Devils Lake,ND,355,3.249,46.000985,-102.640877
61409,104 STORE,SR-370/SR-104,Red Creek                               ,NY,220,3.799,43.23076,-76.730321
61337,SUNOCO- JOHN FENWICK PLAZA #7006,"NJTP, MM 5",Penns Grove,NJ,150,3.909,40.850142,-74.277258
61304,A Plus MOLLY PITCHER PLAZA #7011,MILE POST 71.7 NJ TURNPIKE SO,Cranbury,NJ,115,3.909,40.8788834,-74.1415619
61421,7-ELEVEN #40294,"I-80 WB, EXIT 139",Amherst,OH,249,3.53233333,41.378062,-82.223957
61364,HUNTINGTON BROADWAY CONOCO,US-64 BUS,Farmington,NM,614,3.799,36.728686,-108.195574
61326,SUNOCO JAMES F COOPER PLAZA- #7008,MILEPOST 39 NJ TURNPIKE N,Mount Laurel,NJ,150,3.959,39.957858,-74.916965
61439,7-ELEVEN #40302,"I-75, EXIT 157",Genoa,OH,550,3.66233333,41.523470435151,-83.360131902886
61410,KWIK FILL #58,ST 15,Rochester                               ,NY,190,3.969,43.102903,-77.754149
61339,FUEL ONE,"I-78, EXIT 3 & US-22",Phillipsburg,NJ,79,3.359,40.67562,-75.139976
61449,7-ELEVEN #40297,"I-80, EXIT 13A",Mantua,OH,249,3.53233333,41.244855,-81.17698
61410,KWIK FILL #58,ST 15,Rochester                               ,NY,190,3.999,43.102903,-77.754149
61430,7-ELEVEN #40303,"I-90, EXIT 7",Clyde,OH,550,3.66233333,41.367824,-82.958806
61450,7-ELEVEN #40298,I-80,Mantua,OH,249,3.53233333,41.244855,-81.17698
61453,CITGO,"I-475, EXIT 6",Maumee,OH,550,3.499,41.568568,-83.671273
61431,7-ELEVEN #40304,"I-90, EXIT 7",Clyde,OH,550,3.66233333,41.367824,-82.958806
61477,CHOCTAW NATION GRANT #633,US-271,Grant,OK,253,2.999,36.689760000573,-97.561069335553
61461,S&G,"I-280, EXIT 7                 ",Oregon                                  ,OH,550,3.599,41.637819,-83.370159
61458,7-ELEVEN #40299,OHIO TNPK MM 237 & SR-26,New Springfield,OH,165,3.53233333,40.938601,-80.587361
61509,7-ELEVEN #40275,"I-70/I-76 SB, MM 147",Bedford,PA,14,4.199,40.21698767611,-78.248941897172
61511,MIDWAY FUEL AND TRUCK WASH,"I-78/US-22, EXIT 16",Bethel,PA,208,3.364,40.344236,-80.042831
61459,7-ELEVEN #40300,"I-76, EXIT 157",New Springfield,OH,165,3.53233333,40.938601,-80.587361
61567,7-ELEVEN #35774,"I-76, EXIT 5/48",Verona,PA,165,4.20733333,40.520933,-79.813843
61559,7-ELEVEN #40273,34 MILE WEST OF EXIT 11/146,Somerset,PA,168,4.20733333,39.805082475477,-79.031725027223
61483,CM SILVER DOLLAR,"I-220, EXIT 7",Shreveport,LA,745,3.299,32.377113956,-93.79263861607
61560,7-ELEVEN #40272,"I-70 & 76, EXIT 10",Somerset,PA,168,4.20733333,39.805082475477,-79.031725027223
61595,CORNER MART 3338,"I-85, EXIT 44",Greenville,SC,30,2.907,34.857121,-82.460591
61492,SPRINGER TRAVEL PLAZA,I-35 EXIT 40,Springer,OK,253,2.91566666,34.303072,-97.156812
61569,KWIK FILL #295,US-6 BUS,Warren,PA,240,4.699,41.873937,-79.152902
61508,7-ELEVEN #40275,"I-70 & I-76 NB, MM 147",Bedford,PA,14,4.199,40.21698767611,-78.248941897172
61570,7-ELEVEN #40276,"I-76, EXIT 12/161 & SR-655",Waterfall,PA,14,4.199,40.058863,-78.081752
61515,Carlisle Fuel Stop,"I-81, EXIT 52",Carlisle,PA,70,3.359,40.235527,-77.180593
61616,PILOT #4578,"I-77, EXIT 48 & SC-200",Winnsboro,SC,135,3.409,34.508281,-81.000988
61571,7-ELEVEN #40280,MILE MARKER 55 NE EXT PENN TPKE,Allentown,PA,90,3.589,40.600241984096,-75.479881082571
61540,S&P Oil,US-13,Levittown,PA,160,3.81566666,40.135251,-74.826229
61598,Shell,SR-41,Hemingway,SC,245,3.199,33.762648,-79.446222
61594,SPINX #138 (DISCOUNT AVAILABLE),"I-85, EXIT 44",Greenville,SC,30,3.04233333,34.850746,-82.398964
61646,SHELL,"I-40, EXIT 35 & SR-59",Mason,TN,435,3.549,35.347516,-89.515854
61599,HOT SPOT #2013,"I-26, EXIT 10",Inman,SC,210,3.149,35.081888,-82.05883
61596,HOT SPOT #2009,US-25/US-178 & SR-225,Greenwood,SC,30,2.939,34.138257,-82.131504
61656,PHILLIPS 66,US-51,Union City,TN,460,3.38233333,36.407717,-89.083836
61642,PILOT TRAVEL CENTERS #252,"I-35, EXIT 26",Kearney,MO,400,3.699,39.3684089,-94.3742041
61597,SPINX #121,"I-85, EXIT 56",Greer,SC,30,3.16566666,34.862927,-82.280943
61747,TEX-BEST #504,"I-35, EXIT 141",Von Ormy                                ,TX,740,3.15733333,29.288992,-98.644755
61654,MAJOR MARKETS #276,US-51/SR-3,Ripley,TN,435,3.799,35.745314,-89.52999
61605,HOT SPOT #2028,US-76/US-301,Marion,SC,63,2.999,34.203473,-79.533973
61660,MARATHON,"I-40, EXIT 108",Wildersville,TN,435,3.099,35.792218,-88.39172
61761,ALLSUPS CONVENIENCE STORE #2304,"I-40, EXIT 36 & US-385",Vega,TX,585,2.999,35.238009,-102.428896
61621,CUBBYS #401,"I-90 , EXIT 332 & SR-37",Mitchell,SD,530,3.149,43.700908,-98.017526
61763,ALLSUPS CONVENIENCE STORE #2283,"I-20, EXIT 73",Wickett,TX,710,2.899,31.570382,-103.001437
61684,WOODYS FOOD MART,"I-45 & SR-7, EXIT 164",Centerville,TX,670,2.84566666,31.2579696,-95.9775056
61625,PRARIE STOP,US-212 & SR-20,Watertown,SD,566,3.279,44.898844,-97.106454
61751,ALLSUPS CONVENIENCE STORE #2264,SR-214,Seminole,TX,710,3.094,32.710904,-102.645485
61799,CIRCLE K #2723712,"I-77, EXIT 52 & US-52/SR-42",Bland,VA,185,3.37566666,37.099916,-81.131159
61633,ECO TRAVEL PLAZA,"I-40, EXIT 320 & SR-298",Crossville,TN,405,3.02566666,35.9779581,-85.0152214
61819,CHEVRON,"I-5, EXIT 36",Longview,WA,935,4.499,46.159211,-122.939155
61796,EXXON,US-220,Martinsville                            ,VA,185,3.375,36.64031,-79.86177
61651,LEES FOOD MART #123,"I-81, EXIT 23 AT MILE 23",Bulls Gap,TN,405,3.259,36.2238868,-83.0453681
61832,BARRON FARMERS UNION,"US-8, EXIT 53",Barron,WI,545,3.639,45.401287,-91.841623
61804,CARTERS ONE STOP,"I-95 & SR-301, EXIT 31 & SR-40",Stony Creek,VA,180,2.959,36.94572,-77.401303
61730,STRIPES 7FLEET #42430,"I-20, EXIT 131",Midland,TX,612,3.569,31.982874,-102.036792
61849,KWIK TRIP #306,"I-94, EXIT 259 & SR-89",Lake Mills,WI,420,3.43233333,43.090692,-88.910112
61806,LANKFORD TRUCK PLAZA,US-13 & CR-646,Townsend,VA,130,3.399,37.1877899,-75.9686585
61787,DUCK THRU FOOD STORE #5,US-258,Franklin                                ,VA,180,3.499,36.701784,-76.961765
61830,APPLETON TRAVEL PLAZA,SR-96,Appleton,WI,444,3.40566666,44.2728,-88.449441
61867,KWIK TRIP #318,SR-27 & SR-16/SR-71,Sparta,WI,515,3.34233333,43.9403076,-90.7863769
61908,CRANBROOK HUSKY,HWY 3/95,Cranbrook,BC,50,4.5076218,49.512983,-115.76954
61879,KWIK TRIP #347,SR-13,Wisconsin Rapids,WI,395,3.31233333,44.406567,-89.789061
61835,BRISTOL BP,"I-94, EXIT 345 & US-45",Bristol,WI,444,3.719,42.558771,-88.050483
61908,CRANBROOK HUSKY,HWY 3/95,Cranbrook,BC,50,4.50861664,49.512983,-115.76954
61843,KWIK TRIP #332,SR-33,Horicon,WI,444,3.21566666,43.448027,-88.635357
61978,PETRO-CANADA,HWY 247,Etobicoke,ON,720,3.5617793,43.643612,-79.565253
61978,PETRO-CANADA,HWY 247,Etobicoke,ON,720,3.59147696,43.643612,-79.565253
61978,PETRO-CANADA,HWY 247,Etobicoke,ON,720,3.61827417,43.643612,-79.565253
61862,KWIK TRIP #781,SR-21,Redgranite,WI,582,3.35233333,44.044087,-89.108001
61978,PETRO-CANADA,HWY 247,Etobicoke,ON,720,3.62547711,43.643612,-79.565253
61996,PETRO-CANADA,"HWY-402, EXIT 9 & CR-22",Sarnia                                  ,ON,620,3.34071441,42.979296,-82.366214
61877,CASEYS #3715,SR-59,Whitewater,WI,420,3.299,42.834868,-88.747041
61983,PETRO-CANADA,HWY 35,Orono                                   ,ON,720,3.59147696,44.036409,-78.614919
61996,PETRO-CANADA,"HWY-402, EXIT 9 & CR-22",Sarnia                                  ,ON,620,3.31114588,42.979296,-82.366214
61880,KWIK TRIP #310,SR-13/SR-73,Wisconsin Rapids,WI,395,3.26233333,44.406567,-89.789061
61996,PETRO-CANADA,"HWY-402, EXIT 9 & CR-22",Sarnia                                  ,ON,620,3.31846981,42.979296,-82.366214
61996,PETRO-CANADA,"HWY-402, EXIT 9 & CR-22",Sarnia                                  ,ON,620,3.31798054,42.979296,-82.366214
61908,CRANBROOK HUSKY,HWY 3/95,Cranbrook,BC,50,4.51093964,49.512983,-115.76954
61996,PETRO-CANADA,"HWY-402, EXIT 9 & CR-22",Sarnia                                  ,ON,620,3.31187682,42.979296,-82.366214
61968,FLYING J TRAVEL PLAZA #701,"I-35, EXIT 33",Ardmore,OK,253,3.659,34.2002353,-97.1666684
61998,PETRO-CANADA,HWY 417,Gloucester                              ,ON,400,3.72804545,45.352865,-75.64247
61978,PETRO-CANADA,HWY 247,Etobicoke,ON,720,3.61667741,43.643612,-79.565253
61998,PETRO-CANADA,HWY 417,Gloucester                              ,ON,400,3.7854,45.352865,-75.64247
62016,PETRO-CANADA,"HWY-400, EXIT 29 & HWY-407, EXIT 67",Concord,ON,720,3.45750874,43.806867,-79.468822
61978,PETRO-CANADA,HWY 247,Etobicoke,ON,720,3.62494257,43.643612,-79.565253
61998,PETRO-CANADA,HWY 417,Gloucester                              ,ON,400,3.82028205,45.352865,-75.64247
62016,PETRO-CANADA,"HWY-400, EXIT 29 & HWY-407, EXIT 67",Concord,ON,720,3.43010883,43.806867,-79.468822
61996,PETRO-CANADA,"HWY-402, EXIT 9 & CR-22",Sarnia                                  ,ON,620,3.31041527,42.979296,-82.366214
62008,LOVES TRAVEL STOP #366,"I-81, EXIT 90",Jonestown,PA,70,3.85733333,40.413597,-76.479124
62016,PETRO-CANADA,"HWY-400, EXIT 29 & HWY-407, EXIT 67",Concord,ON,720,3.39643942,43.806867,-79.468822
61998,PETRO-CANADA,HWY 417,Gloucester                              ,ON,400,3.82084539,45.352865,-75.64247
62016,PETRO-CANADA,"HWY-400, EXIT 29 & HWY-407, EXIT 67",Concord,ON,720,3.42178332,43.806867,-79.468822
62075,FLYING J TRAVEL PLAZA #657,US-283/US-50/US-56 & US-400,Dodge City,KS,570,3.799,37.7521829,-99.9800661
61998,PETRO-CANADA,HWY 417,Gloucester                              ,ON,400,3.72886824,45.352865,-75.64247
62211,STUBS GAS AND OIL,"I-76, EXIT 66",Wiggins                                 ,CO,800,3.559,40.244025,-104.055381
62097,FLASH MARKET #17046,US-65/SR-9,Clinton,AR,695,3.239,35.596322,-92.458325
61998,PETRO-CANADA,HWY 417,Gloucester                              ,ON,400,3.75865199,45.352865,-75.64247
62316,BP,US-20,Delaware,IA,335,3.299,42.473507,-91.344805
62238,Circle K #2726278,SR-207,Hastings,FL,75,3.569,29.713981,-81.507825
62016,PETRO-CANADA,"HWY-400, EXIT 29 & HWY-407, EXIT 67",Concord,ON,720,3.42329404,43.806867,-79.468822
62355,MINIT MART #600630,"I-39, EXIT 14",El Paso,IL,368,3.599,40.737193,-89.017842
62016,PETRO-CANADA,"HWY-400, EXIT 29 & HWY-407, EXIT 67",Concord,ON,720,3.3668422,43.806867,-79.468822
62283,Circle K #2745099,US-23 & US-341/SR-27,Hazlehurst,GA,195,3.529,31.873113,-82.59453
62355,MINIT MART #600630,"I-39, EXIT 14",El Paso,IL,368,3.679,40.737193,-89.017842
62370,7-ELEVEN #34712,I-90 Exit 24,Belvidere,IL,290,3.739,42.234482,-88.83403
62462,HAWESWAY TRUCKSTOP,US-60,Owensboro,KY,487,3.599,37.81641,-87.039297
62399,Rebel Plus #882,"I-80, EXIT 101",Bristol,IN,465,3.57566666,41.721353,-85.818668
62547,MARATHON,SR-32W,Gaylord,MI,287,3.799,45.025026,-84.642137
62487,Fred's Food Mart,US-61,Saint Francisville,LA,600,3.799,30.786451,-91.381532
62467,SUPER QUIK #9,"I-64, EXIT 181",Ashland,KY,255,3.669,38.387575,-82.717114
62500,CASH MAGIC VINTON,"I-10, EXIT 4 & SR-109",Vinton,LA,690,3.284,30.16092,-93.637497
62550,Sunoco,"I-275, EXIT 11",New Boston                              ,MI,325,3.399,42.136853,-83.401769
62480,CM GALLIANO,US-167,Cut Off,LA,725,3.499,29.43679,-90.301825
62550,Sunoco,"I-275, EXIT 11",New Boston                              ,MI,325,3.439,42.136853,-83.401769
62559,EXPRESS FOOD DEPOT,"I-94, EXIT 266",Smiths Creek,MI,325,3.659,42.916299,-82.603903
62559,EXPRESS FOOD DEPOT,"I-94, EXIT 266",Smiths Creek,MI,325,3.719,42.916299,-82.603903
62701,PILOT TRAVEL CENTERS #408,"I-68, EXIT 22",Grantsville,MD,14,4.259,39.691916,-79.1012011
62559,EXPRESS FOOD DEPOT,"I-94, EXIT 266",Smiths Creek,MI,325,3.629,42.916299,-82.603903
62560,ONE9 #23,"I-96, EXIT 67",Ionia,MI,406,3.499,42.987387,-85.071018
62710,TOWN PUMP FOOD STORE #922,"I-90, EXIT 370 &SR-10",Big Timber                              ,MT,780,3.479,45.831996,-109.961685
62560,ONE9 #23,"I-96, EXIT 67",Ionia,MI,406,3.439,42.987387,-85.071018
62800,A ONE TRUCK STOP,US-9,South Amboy,NJ,79,3.499,40.464440840394,-74.264674994808
62753,PETRO SERVE USA,US-10,West Fargo,ND,341,3.029,46.877788,-96.931008
62850,GANSEVOORT MINI MART,"I-87, EXIT 17",Gansevoort,NY,12,3.759,43.238889,-73.686909
62817,LOVES TRAVEL STOP #364,I-75 EXIT 33,Charleston,TN,285,3.589,35.2907506,-84.8176233
62768,PUMP & PANTRY #34,US-20 & SR-27,Gordon,NE,475,3.449,42.800531,-102.2037
62844,CIRCLE K #4707612,"I-81, EXIT 14",Tully,NY,220,4.299,42.799576,-76.121341
62918,CIRCLE K #4705567,ST 91,Twinsburg,OH,305,3.63233333,41.284409,-81.440077
62774,MR MIKES MINI MART,SR-9,Northwood                               ,NH,34,3.599,43.153712,-71.232406
62991,ONVO TRAVEL PLAZA,"I-84, EXIT 17",Lake Ariel,PA,200,3.58566666,41.408523,-75.506256
62790,7-ELEVEN #40084,US-46/US-1/US-9,Palisades Park,NJ,115,3.099,40.841419,-73.996009
62996,MARTIN GENERAL STORE,US-22,Alexandria,PA,14,3.539,40.556585,-78.110262
62824,FLYING J TRAVEL PLAZA #1005,"I-80, EXIT 48",Fernley,NV,966,3.91566666,39.6145827,-119.2175354
63018,CIRCLE K #2723354,"I-526, EXIT 18A & US-78",Charleston,SC,42,3.299,32.861411,-79.908113
62841,SPEEDWAY #9912,"I-81, EXIT 10",Mc Graw,NY,32,4.309,42.590784,-76.133379
63246,Petro Stopping Center #368,"I-94, EXIT 333",Sturtevant,WI,444,3.889,42.725613,-87.955958
63126,PWI #120,"I-10, EXIT 593",Schertz,TX,740,2.92566666,29.5550708,-98.2635228
62844,CIRCLE K #4707612,"I-81, EXIT 14",Tully,NY,220,3.799,42.799576,-76.121341
63211,OMAK MART,US-97 & SR-215,Omak,WA,970,4.149,48.405335,-119.515984
62850,GANSEVOORT MINI MART,"I-87, EXIT 17",Gansevoort,NY,12,3.779,43.238889,-73.686909
63349,FLYING J TRAVEL PLAZA #662,"I-24, EXIT 86",Oak Grove,KY,415,3.15233333,36.697369,-87.454539
63313,MARION TRAVEL CENTER,I-55 EXIT 14,Marion                                  ,AR,435,3.199,35.261093,-90.226048
62887,SPEEDWAY #9367,"I-275, EXIT 42",Cincinnati,OH,300,3.12566666,39.305526,-84.385654
63353,LOVES TRAVEL STOP #367,"I-74, EXIT 149",Le Roy,IL,280,3.489,42.4888503,-87.9533958
63330,CIRCLE K #2723678,SR-53,Rome,GA,18,3.06233333,34.216215,-85.122935
62911,DAVIS TRAVEL CENTER #108,"I-85, EXIT 39",Warfield,VA,180,3.099,36.940567,-77.735206
63336,ROAD RANGER #118,"I-72 & I-55, EXIT 100-A",Springfield,IL,318,3.299,39.830437,-89.583913
63379,Petro Stopping Center #460,"I-70, EXIT 28",Oak Grove,MO,400,3.21233333,39.0150078,-94.1349884
63013,TA WEST GREENWICH,"I-95, EXIT 5B",West Greenwich,RI,175,3.76566666,41.64425,-71.691383
63336,ROAD RANGER #118,"I-72 & I-55, EXIT 100-A",Springfield,IL,318,3.409,39.830437,-89.583913
63391,FLYING J TRAVEL PLAZA #687,"I-80, EXIT 179",North Platte,NE,475,3.449,41.101609,-100.7269921
63193,Shell,US-29,Warrenton,VA,60,3.25733333,38.767636,-77.709114
63351,76 FUEL CENTER,"I-75, EXIT 76",Berea,KY,410,2.999,37.574753562165,-84.284162267426
63409,FLYING J TRAVEL PLAZA #693,"I-90, EXIT 48A; PEMBROKE, NY",Corfu,NY,38,3.889,43.001302,-78.4073103
63353,LOVES TRAVEL STOP #367,"I-74, EXIT 149",Le Roy,IL,280,3.549,42.4888503,-87.9533958
63456,SHELL,"I-85, EXIT 61",Petersburg,VA,180,3.20066666,37.183815,-77.486821
63353,LOVES TRAVEL STOP #367,"I-74, EXIT 149",Le Roy,IL,280,3.589,42.4888503,-87.9533958
63376,Circle K #2746246,US-169 & SR-41,Shakopee,MN,448,3.599,44.76698,-93.578484
63353,LOVES TRAVEL STOP #367,"I-74, EXIT 149",Le Roy,IL,280,3.389,42.4888503,-87.9533958
63500,SPEEDWAY #8723,"I-75, EXIT 144B",Bridgeport,MI,342,3.379,43.348666,-83.859372
63388,CIRCLE K #2723471,"I-95, EXIT 121",Wilson,NC,205,3.199,35.755321,-77.925793
63428,FLYING J TRAVEL PLAZA #702,"I-40, EXIT 264B",Checotah                                ,OK,560,3.699,35.265307,-99.640744
63501,LOVES TRAVEL STOP #407,I-81 EXIT 52B OR I-76 EXIT 226,Carlisle,PA,70,4.099,40.201473,-77.1891123
63442,Flying J Travel Plaza #720,"I-40, EXIT 182",Fairview                                ,TN,460,3.18566666,35.8818864,-84.236901
63500,SPEEDWAY #8723,"I-75, EXIT 144B",Bridgeport,MI,342,3.469,43.348666,-83.859372
63498,PILOT #6955,I-40/I-85 EXIT 150,Haw River,NC,65,3.959,36.070557,-79.35152
63455,FLYING J TRAVEL PLAZA #752,"I-81, EXIT 323",Clear Brook,VA,60,3.659,39.290527,-78.087612
63509,PILOT TRAVEL CENTER #4557,"I-85, EXIT 166",Carnesville,GA,16,3.239,34.3899739,-83.2272764
63500,SPEEDWAY #8723,"I-75, EXIT 144B",Bridgeport,MI,342,3.259,43.348666,-83.859372
63495,DECAUTER SHELL TRUCK STOP,"I-35, EXIT 369",Decatur,TX,637,2.91566666,33.23336761739,-97.58167178749
63502,FLYING J TRAVEL PLAZA #704,I-35 & 122ND ST,Edmond,OK,483,3.30566666,35.595651,-97.436665
63517,TA LINCOLN TRAVEL CENTER,"I-20, EXIT 168 & SR-77",Lincoln,AL,615,3.084,41.11582,-94.8722
63500,SPEEDWAY #8723,"I-75, EXIT 144B",Bridgeport,MI,342,3.249,43.348666,-83.859372
63519,PILOT TRAVEL CENTERS #243,"I-64, EXIT 45 & SR-25",Nitro,WV,44,3.62566666,38.443531,-81.830803
63506,KWIK TRIP #342,"I-39, EXIT 159",Stevens Point,WI,395,3.559,44.521869,-89.524512
63509,PILOT #4557,"I-85, EXIT 166",Carnesville,GA,16,3.17233333,34.346912,-83.321791
63510,PILOT #4584,"I-95, EXIT 181",Latta,SC,63,3.349,34.339738,-79.532813
63523,PILOT TRAVEL CENTERS #441,"I-65, EXIT 334",Decatur,AL,615,3.859,34.537479,-86.9112695
63522,Pilot Travel Centers #411,"I-40, EXIT 238 & US-231",Lebanon,TN,460,3.24566666,36.1792984,-86.2999345
63511,PILOT #4576,"I-95, EXIT 82",Saint George,SC,42,3.519,33.269209,-80.567187
63533,FLYING J TRAVEL PLAZA #638,"I-84, EXIT 29",Caldwell,ID,785,3.78733333,43.662414,-116.6538931
63523,PILOT TRAVEL CENTER #441,"I-65, EXIT 334",Decatur,AL,615,3.859,34.537479,-86.9112695
63538,SUAMICO CITGO,"US-41/US-141, EXIT 176 & CR-B",Suamico,WI,360,3.269,44.636293,-88.040316
63512,SPEEDWAY #7929,"I-40, EXIT 208",Colfax,NC,65,2.854,35.337433,-81.777573
63524,PILOT TRAVEL CENTERS #416,"I-75/SR-401, EXIT 101",Cordele,GA,10,3.33233333,31.9600919,-83.74669
63516,SHEETZ #701,"I-81, EXIT 273",Mount Jackson,VA,60,2.874,38.760738,-78.631819
63545,LOVES TRAVEL STOP #397,"I-85, EXIT 104",Blacksburg,SC,210,3.419,35.079570616822,-81.419498519561
63540,GAS N GO,"I-75, EXIT 149",Byron,GA,85,3.17233333,32.657998,-83.745432
63524,PILOT TRAVEL CENTER #416,"I-75/SR-401, EXIT 101",Cordele,GA,10,3.28566666,31.9600919,-83.74669
63563,PILOT TRAVEL CENTERS #209,"I-10, EXIT 140",Van Horn                                ,TX,640,3.659,31.036,-104.8298
63546,CITGO QUIK MART,SR/15 & SR-68,Tennille                                ,GA,85,3.46566666,32.93223,-82.806697
63530,BIG EASY TRAVEL PLAZA,"I-10, EXIT 239-B",New Orleans,LA,725,3.799,30.004699,-90.032104
63565,LOVES TRAVEL STOP #296,"I-8, EXIT 115 & SR-85",Gila Bend,AZ,930,3.889,32.9443434,-112.7337677
63568,FLYING J TRAVEL PLAZA #658,"I-35, EXIT 127",Emporia,KS,336,3.25233333,38.410134,-96.23743
63532,FUELSMART,SR-165,Muskogee,OK,560,3.25233333,35.741122,-95.307725
63566,PORT ALLEN TRUCKSTOP,"I-10, EXIT 151 & SR-415",Port Allen,LA,600,3.259,30.4488839,-91.2094957
63569,Flying J Dealer #893,"I-80, EXIT 40 (US-59)",Avoca,IA,319,3.659,41.47657,-95.337932
63564,PILOT TRAVEL CENTERS #213,"I-70, EXIT 94 (WILSON ROAD)",Columbus,OH,315,3.509,39.9729349,-83.1012095
63577,PILOT TRAVEL CENTERS #236,"I-80, EXIT 122",Minooka,IL,290,3.799,41.460799,-88.2720681
63569,PILOT TRAVEL CENTERS #893,"I-80, EXIT 40 (US-59)",Avoca,IA,319,3.659,43.145133,-93.358466
63571,Palace Truckstop,"I-10, EXIT 246 & I-510, EXIT 2C",New Orleans,LA,725,3.299,30.012144,-89.944935
63575,OKEMAH TRAVEL CENTER,"I-40, EXIT 221 (ST 27)",Okemah,OK,483,2.879,35.424035,-96.29874
63570,PILOT TRAVEL CENTERS #287,"I-71, EXIT 204 & SR-83",Burbank,OH,305,3.699,40.9991295,-81.9967867
63572,PILOT TRAVEL CENTER #211,"I-40, EXIT 9 & SR-95",Lake Havasu City,AZ,910,3.849,34.728322,-114.315605
63583,CUBBYS #110,"I-80, EXIT 353",Columbus                                ,NE,313,3.179,41.442387,-97.388156
63572,PILOT TRAVEL CENTERS #211,"I-40, EXIT 9 & SR-95",Lake Havasu City,AZ,910,3.999,34.728322,-114.315605
63574,PILOT TRAVEL CENTERS #232,"I-84, EXIT 376A",Ontario,OR,982,3.699,44.02561,-116.952544
63582,T BONE TRUCK STOP,US-30,Columbus                                ,NE,313,3.099,41.410124,-97.376141
63577,PILOT TRAVEL CENTER #236,"I-80, EXIT 122",Minooka,IL,290,3.799,41.460799,-88.2720681
63579,301 PLAZA,US-301 & SR-299,Middletown,DE,243,3.239,39.4387911,-75.7520033
63581,CASEYS #4453,"I-75, EXIT 120",Lexington,KY,410,3.224,38.046356,-84.497021
63580,FLYING J TRAVEL PLAZA #637,"I-380, EXIT 68",Evansdale,IA,565,3.779,42.4601023,-92.2522901
63584,PILOT TRAVEL CENTER #417,"I-20, EXIT 19",Temple,GA,18,3.389,33.719159,-85.028843
63598,PILOT TRAVEL CENTERS #164,"I-90/I-94, EXIT 69 & SR-82",Mauston,WI,420,3.299,43.7974,-90.05076
63584,PILOT TRAVEL CENTERS #417,"I-20, EXIT 19",Temple,GA,18,3.449,33.719159,-85.028843
63594,PILOT TRAVEL CENTERS #49,"I-24, EXIT 89",Oak Grove,KY,415,3.15233333,36.6921801,-87.4501843
63586,LOVES TRAVEL STOP #295,US-412 & US-69,Chouteau,OK,560,3.29066666,36.163506,-95.343031
63597,PILOT TRAVEL CENTERS #163,"I-10, EXIT 24",Lordsburg,NM,640,3.439,34.3954403,-103.1527792
63603,LOVES TRAVEL STOPS #290,US-59/US-69/S LOOP 287 & FM-841,Lufkin,TX,610,3.649,31.3653,-94.704061
63587,24/7 TRAVEL PLAZA,"I-135, EXIT 92",Salina,KS,523,2.974,38.827842,-97.644331
63600,PILOT TRAVEL CENTERS #77,"I-55 /I-20, EXIT 45",Jackson,MS,760,3.149,32.2731306,-90.1922281
63604,7-ELEVEN #40363,US-17/SR-15 & SR-100,Palatka,FL,75,3.364,29.647921806403,-81.640008629908
63588,KWIK TRIP #686,"I-94, EXIT 333/US-41 & SR-20",Sturtevant,WI,444,3.769,42.723835,-87.952499
63602,LOVES TRAVEL STOP #285,I-40 EXIT 277,Santa Rosa,NM,580,3.474,34.940506,-104.687337
63595,SPEEDWAY #5236,"I-75, EXIT 122",Lima,OH,411,3.25566666,40.753419,-84.128098
63603,LOVES TRAVEL STOP #290,US-59/US-69/S LOOP 287 & FM-841,Lufkin,TX,610,3.649,31.3653,-94.704061
63596,PILOT TRAVEL CENTERS #442,"I-55, EXIT 19",Hayti                                   ,MO,275,3.25566666,36.22887,-89.72634
63605,FLYING J TRAVEL PLAZA #663,"I-64, EXIT 43 & SR-395",Waddy,KY,415,3.759,38.1561983,-85.0670636
63609,ROAD RANGER #203,US-20 & SR-2,Rockford,IL,520,3.299,42.208249,-89.10738
63599,PWI #978,"I-215, EXIT 21",Salt Lake City,UT,835,3.359,40.758478,-111.888142
63606,FLYING J TRAVEL PLAZA #652,"I-65/US-52, EXIT 139 & SR-39",Lebanon,IN,375,3.64066666,41.0593226,-84.9800664
63614,PILOT TRAVEL CENTERS #446,"I-69, EXIT 234",Daleville,IN,457,3.514,40.115179,-85.573358
63601,PILOT TRAVEL CENTERS #206,"I-20, EXIT 406",Weatherford,TX,630,3.209,32.727559,-97.824027
63607,ROAD RANGER #209,"I-90/94,  EXIT 48",Oakdale,WI,420,3.234,43.963824,-90.375867
63608,ROAD RANGER #206,US-20,Winnebago,IL,520,3.289,42.280127,-89.242121
63608,ROAD RANGER #206,US-20,Winnebago,IL,520,3.219,42.280127,-89.242121
63616,SPEEDWAY #8876,"US-23, EXIT 50",Whitmore Lake,MI,342,3.749,42.393538,-83.761407
63608,ROAD RANGER #206,US-20,Winnebago,IL,520,3.299,42.280127,-89.242121
63609,ROAD RANGER #203,US-20 & SR-2,Rockford,IL,520,3.219,42.208249,-89.10738
63609,ROAD RANGER #203,US-20 & SR-2,Rockford,IL,520,3.289,42.208249,-89.10738
63612,FLYING J TRAVEL PLAZA #622,"I-95/SR-9, EXIT 131 & SR-68 & SR-713",Fort Pierce,FL,95,3.499,27.4487677,-80.3988555
63614,PILOT TRAVEL CENTER #446,"I-69, EXIT 234",Daleville,IN,457,3.649,40.115179,-85.573358
63613,FLYING J TRAVEL PLAZA #690,"I-10/US-70, EXIT 24",Lordsburg,NM,640,3.439,32.3421447,-108.6785708
63625,FLYING J TRAVEL PLAZA #688,"I-295, DEEP WATER STREET",Penns Grove,NJ,243,3.989,39.6841698,-75.4850006
63616,SPEEDWAY #8876,"US-23, EXIT 50",Whitmore Lake,MI,342,3.499,42.393538,-83.761407
63615,One9 #1413,"I-81, EXIT 101",Dublin,VA,185,3.24233333,37.046662788315,-80.779724909571
63628,PILOT TRAVEL CENTERS #75,"I-65, EXIT 19 & US-43/SR-13",Satsuma,AL,715,3.199,30.872861,-88.046869
63619,PILOT TRAVEL CENTERS #428,"I-20, EXIT 112",West Monroe                             ,LA,760,3.20566666,32.5083116,-92.1924104
63621,FUEL CITY FRIENDLYS,"I-35E, EXIT 435",Dallas,TX,630,2.96566666,32.859092,-96.88138
63620,LOVES TRAVEL STOP #420,"I-20, EXIT 47",Flowood,MS,620,3.149,32.279062,-90.155418
63623,PILOT TRAVEL CENTERS #90,"I-95/SR-9, EXIT 129 & SR-91, EXIT 152 & SR-70",Fort Pierce,FL,95,3.459,27.4134081,-80.4000406
63623,PILOT TRAVEL CENTER #90,"I-95/SR-9, EXIT 129 & SR-91, EXIT 152 & SR-70",Fort Pierce,FL,95,3.519,27.4134081,-80.4000406
63624,FROG CITY TRAVEL PLAZA,"I-10, EXIT 87",Rayne                                   ,LA,690,3.36566666,30.2419837,-92.2697297
63627,PILOT TRAVEL CENTERS #174,I-78 & SR-15,New Albany,MS,435,3.859,34.46882,-89.00666
63636,PILOT TRAVEL CENTER #279,"I-19, EXIT 12 & SR-289",Rio Rico,AZ,980,3.614,31.43082,-110.962011
63640,SUPER EXPRESS STOP,"I-64, EXIT 113",Mount Sterling,KY,410,3.859,38.056374,-83.942105
63628,PILOT TRAVEL CENTER #75,"I-65, EXIT 19 & US-43/SR-13",Satsuma,AL,715,3.195,30.872861,-88.046869
63637,PILOT TRAVEL CENTERS #454,"I-70, EXIT 79",London                                  ,OH,315,3.509,39.958751,-83.370175
63642,COLTS QUICK DRAW,"I-40, EXIT 125 & US-65/SR-25",Greenbrier,AR,695,3.30733333,35.260166,-92.387853
63629,SPEEDWAY #4523,"I-94, EXIT 88",Osseo,WI,448,3.54566666,44.578564,-91.21025
63639,PILOT TRAVEL CENTERS #444,"I-70, EXIT 23",Brazil                                  ,IN,375,3.939,39.451618,-87.125084
63648,CIRCLE K #2723333,"I-75, EXIT 216",Mcdonough,GA,67,3.209,33.408748,-84.166233
63630,TA DENVER EAST TRAVEL CENTER,"I-70 & I-270, EXIT 278",Commerce City,CO,800,3.37566666,39.812904,-104.912874
63651,CIRCLE K #2723346,US-29/S8,Athens,GA,16,3.399,33.962313,-83.392938
63649,ONE TRIP,US-84,Homerville,GA,10,3.44233333,31.03776,-82.746375
63635,SAPP BROS TRAVEL CENTER,"I-70, EXIT 295",Junction City,KS,523,3.709,39.001405,-96.863466
63653,FLYING J TRAVEL PLAZA #760,US-30 & SR-232,Cokeville,WY,835,3.899,42.0868268,-110.9476123
63652,CASEYS #3292,"I-380, EXIT 43 & US-20",Independence,IA,380,3.599,42.472293,-91.887149
63636,PILOT TRAVEL CENTERS #279,"I-19, EXIT 12 & SR-289",Rio Rico,AZ,980,3.659,31.43082,-110.962011
63662,PILOT TRAVEL CENTERS #267,"I-75, EXIT 146",Byron                                   ,GA,85,3.36566666,32.6127003,-83.7445362
63661,FLYING J TRAVEL PLAZA #677,"US-78, EXIT 6",Olive Branch,MS,435,3.28566666,34.9291984,-89.7945578
63639,PILOT TRAVEL CENTER #444,"I-70, EXIT 23",Brazil                                  ,IN,375,3.939,39.451618,-87.125084
63662,PILOT TRAVEL CENTER #267,"I-75, EXIT 146",Byron                                   ,GA,85,3.38566666,32.6127003,-83.7445362
63667,CIRCLE K #2723875,SR-41/SR-45,Jamestown,SC,42,2.974,33.285844,-79.693841
63641,FLYING J TRAVEL PLAZA #625,"I-4/SR-400, EXIT 10 & SR-579",Seffner,FL,225,3.44233333,30.4928879,-84.4288629
63690,LOVES TRAVEL STOP #277,"I-30, EXIT 46",Prescott,AR,635,3.47566666,33.828742,-93.3955749
63669,One9 #1248,"I-45, EXIT 271",Wilmer,TX,630,2.75566666,32.749548461939,-94.931192286267
63668,PILOT #4579,"I-26, EXIT 139",Saint Matthews,SC,135,3.509,33.633184,-80.879611
63691,JIMMIES AUTO TRUCK PLAZA,"I-10, EXIT 262",Lee,FL,20,3.84733333,28.049,-82.2874
63671,WESTERN TRAVEL TERMINAL,US-26 & US-85,Torrington                              ,WY,795,3.399,42.0551191,-104.1659309
63697,MILLER MART #40,"I-64, EXIT 255B",Newport News,VA,130,3.30566666,37.094347,-76.458356
63694,PILOT TRAVEL CENTERS #261,"I-55, EXIT 186",Winona,MS,576,3.499,33.48549,-89.76979
63676,CORNER EXPRESS,ST 55,Wellston                                ,MI,456,3.499,44.223339,-85.8051648
63702,QUICK FUEL #2501,"I-264, EXIT 14",Louisville,KY,415,3.08233333,38.184913,-85.69886
63700,WIXOM FUEL STOP,"I-96, EXIT 159",Wixom,MI,325,3.999,42.506644,-83.535957
63680,ALLTOWN MARKETS-FLYING J #896,I-93 EXIT 11 & SR 3A,Bow,NH,39,4.099,43.122204,-71.480366
63716,EXPRESS LANE #34,"I-39, EXIT 115",Rockford,IL,520,3.549,42.237179905252,-89.107252230466
63706,QUICK FUEL #1003,"I-41/US-45, EXIT 45 & CR-EE",Milwaukee,WI,444,3.42566666,43.108946,-88.060054
63685,RIVER HEIGHTS GROCERY,US-64/SR-69/SR-15,Crump                                   ,TN,435,3.099,35.221949,-88.314897
63718,ROAD RANGER #210,"I-39/US-51, EXIT 99 & SR-38",Rochelle,IL,520,3.699,41.932912375702,-89.036242745823
63721,ROAD RUNNER TRAVEL CENTER,I-69E/US-77 & CR-892,Robstown,TX,625,3.349,27.774358,-97.667467
63695,FLYING J TRAVEL PLAZA #634,"I-20/SR-402, EXIT 19 & SR-113",Temple,GA,18,3.419,33.719612,-85.025684
63720,FLYING J TRAVEL PLAZA #611,"I-10, EXIT 137",Phoenix,AZ,930,3.589,33.460974,-112.205681
63724,LOVES TRAVEL STOP #244,"I-40, EXIT 87 & US-70/US-412",Jackson,TN,435,3.49733333,35.678362,-88.744417
63699,DEWITT TRAVEL MART,"US-30, EXIT 313",De Witt,IA,270,3.599,41.808742,-90.538102
63722,LOVES TRAVEL STOP #240,"I-10, EXIT 151 & SR-415",Port Allen,LA,600,3.23233333,30.445564,-91.2427
63727,LOVES TRAVEL STOP #403,"I-81, EXIT 3",Binghamton,NY,32,3.719,42.1016334,-75.8358216
63701,FLYING J TRAVEL PLAZA #742,"I-80, EXIT 98/99",Tooele                                  ,UT,835,3.759,40.683986,-112.270038
63727,LOVES TRAVEL STOP #403,"I-81, EXIT 3",Binghamton,NY,32,3.749,42.1016334,-75.8358216
63703,QUICK FUEL #2303,"I-71, EXIT 104/FRANK RD EXIT",Columbus,OH,315,3.56566666,40.009003,-83.123543
63728,PILOT TRAVEL CENTER #43,"I-80, EXIT 284",Walcott,IA,270,3.859,41.6192877,-90.7836298
63727,LOVES TRAVEL STOP #403,"I-81, EXIT 3",Binghamton,NY,32,3.689,42.1016334,-75.8358216
63704,QUICK FUEL #2301,"I-275, EXIT 44",Cincinnati,OH,300,3.239,39.309185,-84.460659
63729,PILOT TRAVEL CENTERS #147,"I-80, EXIT 410",West Wendover                           ,NV,835,3.709,40.7377704,-114.0581503
63727,LOVES TRAVEL STOP #403,"I-81, EXIT 3",Binghamton,NY,32,3.679,42.1016334,-75.8358216
63715,FLYING J TRAVEL PLAZA #772,"I-215, EXIT 28",North Salt Lake                         ,UT,835,3.73233333,40.72592,-111.935762
63736,PLATEAU TRUCK AND AUTO CENTER,"I-10, EXIT 159",Van Horn                                ,TX,640,3.099,31.0398411,-104.8312599
63731,LOVES TRAVEL STOP #243,"I-10, EXIT 43 & SR-383",Iowa,LA,690,3.58733333,30.252363,-93.010469
63716,EXPRESS LANE #34,"I-39, EXIT 115",Rockford,IL,520,3.749,42.237179905252,-89.107252230466
63737,I 10 DUSON TRUCK STOP,"I-10, AUSTRIA ROAD",Duson,LA,730,3.41066666,30.247515724293,-92.176524830419
63732,LOVES TRAVEL STOP #265,"I-10, EXIT 200",Eloy,AZ,930,3.434,32.80698,-111.67351
63725,TA CARTERSVILLE TRAVEL CENTER,"I-75, EXIT 296",Cartersville,GA,18,3.599,34.163937,-84.800036
63740,CIRCLE K #2723478,US-29,Blairs,VA,185,3.439,36.7330695,-79.3831632
63734,CIRCLE K #2723472,US-70 & SR-58,Kinston,NC,63,3.319,35.239529,-77.577094
63726,FLYING J TRAVEL PLAZA #706,"I-44 & I-244, EXIT 236",Tulsa,OK,560,3.36566666,36.1633329,-95.8311943
63745,PILOT TRAVEL CENTERS #447,"I-64, EXIT 25",Haubstadt,IN,340,3.959,38.174692,-87.549234
63741,SHELL,"I-295, EXIT 15",Chester,VA,180,3.20233333,37.354425,-77.409887
63728,PILOT TRAVEL CENTERS #43,"I-80, EXIT 284",Walcott,IA,270,3.88566666,41.6192877,-90.7836298
63744,PILOT TRAVEL CENTERS #439,"I-24, EXIT 86",Oak Grove,KY,415,3.15233333,36.6921801,-87.4501843
63730,PILOT TRAVEL CENTERS #309,"I-77, EXIT 25",Caldwell,OH,430,3.65233333,39.73777,-81.52811
63754,U SAVE TRAVEL PLAZA,US-19 & SR-129,Mount Nebo,WV,44,3.599,38.195323,-80.861481
63746,PILOT TRAVEL CENTERS #453,"I-85, EXIT 90",Gaffney,SC,210,3.429,35.077844,-81.703421
63738,U STOP 33,US-77,Beatrice,NE,413,3.399,40.267032517659,-96.708916268858
63755,PILOT TRAVEL CENTERS #196,"I-40, EXIT 325 & US-64",Roland,OK,645,3.739,35.4045093,-94.5222021
63751,PETRO STOPPING CENTER #328,"I-20 & I-55, EXIT 45",Jackson,MS,620,3.109,32.2787,-90.1977
63743,PILOT TRAVEL CENTERS #370,"I-81, EXIT 175",Pittston,PA,200,4.17566666,41.314076,-75.755648
63756,PILOT TRAVEL CENTER #144,"I-20, EXIT 200",Augusta,GA,135,3.859,33.4799832,-82.13052
63752,MR FUEL #732,"I-80, EXIT 226",Girard,OH,573,3.239,41.154063,-80.69613
63745,PILOT TRAVEL CENTER #447,"I-64, EXIT 25",Haubstadt,IN,340,3.959,38.174692,-87.549234
63759,BUFFALO RANCH,US/69/US-60 & US-59,Afton,OK,560,3.099,36.707728,-94.929025
63756,PILOT TRAVEL CENTERS #144,"I-20, EXIT 200",Augusta,GA,135,3.859,33.4799832,-82.13052
63747,PILOT TRAVEL CENTERS #440,"I-71, EXIT 28",Pendleton,KY,415,3.759,38.45401,-85.29709
63763,Flying J Travel Plaza #644,"I-80, EXIT 77 & SR-351",La Salle,IL,290,3.599,41.3691047,-89.0980336
63760,CASH MAGIC CITGO HOUMA,I-57,Houma,LA,725,3.56566666,29.5714401,-90.6823301
63753,PILOT TRAVEL CENTER #4558,"I-75, EXIT 318",Calhoun,GA,285,3.28566666,34.5588916,-84.935823
63763,Flying J Travel Plaza #644,"I-80, EXIT 77 & SR-351",La Salle,IL,290,3.299,41.3691047,-89.0980336
63762,MINIT MART #600643,"I-57, EXIT 322",Manteno,IL,290,3.299,41.256069,-87.838735
63753,PILOT #4558,"I-75, EXIT 318",Calhoun,GA,285,3.30566666,34.559062,-84.935036
63766,PILOT TRAVEL CENTERS #26,"US-23, EXIT 5 & US-223",Ottawa Lake,MI,325,3.579,41.7981256,-83.6936652
63764,LOVES TRAVEL STOP #288,"I-45, EXIT 198 & US-84",Fairfield,TX,765,3.429,31.736588956472,-96.175611058069
63761,7Fleet #46589,"I-94/US-52, EXIT 205 & SR-241",Saint Michael,MN,448,3.309,45.2100983,-93.6649094
63766,PILOT TRAVEL CENTERS #26,"US-23, EXIT 5 & US-223",Ottawa Lake,MI,325,3.649,41.7981256,-83.6936652
63766,PILOT TRAVEL CENTERS #26,"US-23, EXIT 5 & US-223",Ottawa Lake,MI,325,3.659,41.7981256,-83.6936652
63762,MINIT MART #600643,"I-57, EXIT 322",Manteno,IL,290,3.399,41.256069,-87.838735
63771,FLYING J TRAVEL PLAZA #572,"I-35, EXIT 144",Williams                                ,IA,433,3.699,42.4702,-93.572751
63767,HOP-IN FOOD STORES,I-27 & FM-1729,New Deal,TX,700,2.92566666,32.943916,-99.796832
63762,MINIT MART #600643,"I-57, EXIT 322",Manteno,IL,290,3.249,41.256069,-87.838735
63773,QUIKTRIP #179,ST 152,Liberty,MO,400,2.999,39.23963,-94.437099
63770,FLYING J TRAVEL PLAZA #694,"I-90, EXIT 223",Austinburg,OH,305,3.859,41.7894439,-80.856214
63763,Flying J Travel Plaza #644,"I-80, EXIT 77 & SR-351",La Salle,IL,290,3.399,41.3691047,-89.0980336
63774,PILOT TRAVEL CENTERS #150,"I-70, EXIT 24 &SR-63",Hagerstown,MD,22,3.959,39.629796,-77.78278
63771,FLYING J FUEL STOP #572,"I-35, EXIT 144",Williams                                ,IA,433,3.699,42.470276,-93.572605
63763,Flying J Travel Plaza #644,"I-80, EXIT 77 & SR-351",La Salle,IL,290,3.459,41.3691047,-89.0980336
63775,FLYING J TRAVEL PLAZA #646,"I-90/39, EXIT 1 & US-51 & SR-75",South Beloit,IL,290,3.799,42.494011,-88.997961
63775,FLYING J #646,"I-90/39, EXIT 1 & US-51 & SR-75",South Beloit,IL,290,3.799,42.485849,-89.038516
63766,PILOT TRAVEL CENTERS #26,"US-23, EXIT 5 & US-223",Ottawa Lake,MI,325,3.599,41.7981256,-83.6936652
63789,PILOT TRAVEL CENTER #448,"I-65, EXIT 240",Hebron,IN,365,3.599,41.290293,-87.295244
63776,KWIK TRIP #334,US-169/SR-60,Mankato,MN,425,3.549,44.187994,-94.012569
63768,PILOT TRAVEL CENTERS #443,"I-70, EXIT 49",Higginsville,MO,400,3.23566666,39.0029472,-93.735105
63789,PILOT TRAVEL CENTERS #448,"I-65, EXIT 240",Hebron,IN,365,3.354,41.290293,-87.295244
63777,KWIK TRIP #403,"I-35, EXIT 45",Owatonna,MN,425,3.499,44.140319,-93.252685
63782,FUEL EXPRESSO #11,"I-35, EXIT 155",Lebo,KS,400,3.17233333,38.426977,-95.729431
63790,PILOT TRAVEL CENTERS #412,"I-81, EXIT 4",White Pine,TN,405,3.699,36.108719,-83.334717
63778,KWIK TRIP #662,SR-55/SR-149,Saint Paul,MN,451,3.629,44.732384,-93.201673
63787,LOVES TRAVEL STOP #402,"I-10, EXIT 44",Biloxi,MS,715,3.449,30.4521094,-88.9337128
63792,PILOT TRAVEL CENTERS #424,"I-75, EXIT 358",Ocala,FL,140,3.359,29.024561,-82.159121
63781,Pilot Travel Centers #8,US-23 & PITTSBURG RD,Circleville,OH,315,3.799,39.5578313,-82.9583656
63799,LOVES TRAVEL STOP #204,US-69 BUS & US-69,Eufaula,OK,560,3.689,35.305844,-95.588243
63795,LOVES COUNTRY STORE #022,US-412,Clayton,NM,585,3.414,36.445202,-103.179684
63791,PILOT TRAVEL CENTERS #432,"I-35, EXIT 328",Waco,TX,765,3.22066666,31.455849,-97.171948
63800,PILOT TRAVEL CENTER #255,"I-95, EXIT 40",Milford,CT,73,4.299,59.9153,10.7248
63796,PETRO STOPPING CENTER #329,"I-40/I-85, EXIT 157",Mebane,NC,65,3.999,36.0763091,-79.2243219
63792,PILOT TRAVEL CENTER #424,"I-75, EXIT 358",Ocala,FL,140,3.41233333,29.024561,-82.159121
63800,PILOT TRAVEL CENTERS #255,"I-95, EXIT 40",Milford,CT,73,4.299,41.2242757,-73.057564
63798,PETRO GLADE SPRING #372,"I-81, EXIT 29",Glade Spring,VA,405,3.58733333,36.7905146,-81.7701922
63793,HUTCH'S #113,US-183 & US-270/SR-15,Woodward,OK,483,2.999,36.434113,-99.427596
63801,PILOT #1126,"I-435, EXIT 55 & SR-210",Kansas City,MO,400,3.38233333,39.15648,-94.476518
63802,CARTERS TRAVEL CENTER,"I-40, EXIT 201N",Flagstaff                               ,AZ,930,3.689,35.242189,-111.567465
63794,PILOT TRAVEL CENTERS #157,"I-30, EXIT 122",Sulphur Springs,TX,723,3.309,33.11706,-95.63461
63813,TA SAN ANTONIO TRAVELCENTER,"I-10 & FOSTER RD, EXIT 583",San Antonio,TX,740,3.20733333,29.427296,-98.487513
63805,TEX-BEST #519,US-281 & US-281 BUS & CR-1930,Alice,TX,625,2.899,31.195659560837,-101.463059247329
63803,KOUNTRY XPRESS,"I-40, EXIT 20",Mulberry                                ,AR,645,3.27233333,35.512888,-94.114445
63850,PILOT TRAVEL CENTER #180,"I-40, EXIT 185",Bellemont,AZ,930,3.609,35.2385021,-111.8226634
63836,Double Bees #109,"I-40, EXIT 183",Carlisle,AR,695,3.139,34.7887282,-91.7506645
63812,PETRO STOPPING CENTER #330,"I-65, EXIT 86",Glendale,KY,415,3.599,37.598377,-85.873308
63854,E-Z MART #4437,US-71,Boles,AR,645,3.299,34.752046,-94.076189
63846,71 EXPRESS,US-71,Mansfield,AR,645,3.33233333,35.073345733043,-94.193548220006
63828,CIRCLE K #2723654,US-431,Boaz,AL,587,3.519,34.217888,-86.156975
63855,LOVES TRAVEL STOP #460,"I-10, EXIT 302",Benson,AZ,980,3.279,34.9545968,-110.3109182
63848,CIRCLE K #2706345,"I-30, EXIT 2",Texarkana,AR,723,3.479,33.477339,-94.007844
63829,CALERA CHEVRON,SR-25,Calera,AL,615,3.199,33.104153,-86.735479
63856,PILOT #1175,"I-17, EXIT 262 & SR-69",Mayer,AZ,930,3.699,34.327478,-112.118032
63870,CIRCLE K #2744074,"I-270/US-36, EXIT 4",Commerce City,CO,800,3.45566666,39.799113,-104.90432
63841,MAGNOLIA TRAVEL CENTER,US-82 & US-371,Magnolia,AR,635,3.599,33.295722,-93.251799
63856,PILOT TRAVEL CENTER #1175,"I-17, EXIT 262 & SR-69",Mayer,AZ,930,3.6915,34.327085,-112.118087
63871,Alta Convenience Store #6317,"I-70, EXIT 19",Fruita,CO,810,3.399,39.154156,-108.738827
63850,PILOT TRAVEL CENTERS #180,"I-40, EXIT 185",Bellemont,AZ,930,3.639,35.2385021,-111.8226634
63876,Mobil,"FL TURNPIKE,  EXIT 244",Kissimmee,FL,225,3.449,28.345322,-81.364832
63887,QUIKTRIP #757,"I-79/SR-401, EXIT 306 & SR-140",Adairsville,GA,193,2.88733333,34.379285,-84.907387
63895,KWIK SERV #17,"I-75, EXIT 136",Chatsworth,GA,193,3.499,34.766103,-84.769567
63893,QUICK FUEL #2204,"I-285, EXIT 58/SR-407 & I-75, EXIT 237/SR-401",Atlanta,GA,18,3.27566666,33.624527,-84.408192
63894,CIRCLE K #2723653,"I-75, EXIT 124",Cartersville,GA,193,3.224,34.208394,-84.75892
63904,SUNOCO,"I-95, EXIT 19",Savannah,GA,195,3.63233333,32.102549,-81.148582
63909,GAS2GO,"I-95, EXIT 6",Kingsland,GA,75,3.109,30.823785,-81.663042
63907,QUIKTRIP #737,"I-85, EXIT 137",Jefferson,GA,16,3.119,34.153324,-83.65087
63912,PILOT #4562,"I-95, EXIT 1",Kingsland,GA,75,3.559,30.760177,-81.655844
63910,OGMULGEE CHEVRON #419,"I-16, EXIT 6",Macon,GA,85,3.399,32.795703,-83.569901
63914,CIRCLE M #12,US-23/SR-365 & SR-52,Lula                                    ,GA,18,3.539,34.394697,-83.689605
63925,PILOT TRAVEL CENTER #4561,"I-75, EXIT 11",Valdosta,GA,20,3.28566666,30.7543,-83.27322
63912,PILOT TRAVEL CENTER #4562,"I-95, EXIT 1",Kingsland,GA,75,3.57233333,30.75979,-81.6557799
63915,HIGHWAY 80 CHEVRON,"I-185, EXIT 7",Midland                                 ,GA,50,3.399,32.543080347843,-84.815334689252
63931,LOVES TRAVEL STOP #371,"I-95, EXIT 190",Dillon,SC,46,3.33066666,34.4195473,-79.4160627
63925,PILOT #4561,"I-75, EXIT 11",Valdosta,GA,20,3.359,30.75318,-83.27394
63922,THOMASVILLE TRAVEL CENTER,US-84 & SR-3,Thomasville,GA,20,3.18066666,30.869567,-83.999554
63946,MINIT MART #600644,"I-80, EXIT 134",Joliet,IL,399,3.599,41.5249557,-88.0829791
63937,CUBBYS #305,"I-29, EXIT 10 & SR-2",Percival,IA,319,3.694,40.68821,-95.792305
63938,CUBBYS #301,US-34 & SR-48,Red Oak,IA,319,3.399,41.027475,-95.233744
63955,ROAD RANGER #266,"I-72, EXIT 82 & CR-10",New Berlin,IL,280,3.539,39.732263,-89.92458
63942,Discount Zone,"I-10, EXIT CLEARVIEW",New Orleans,LA,725,3.279,29.947767,-90.182453
63960,BUTLER ONE STOP,"I-69, EXIT 329",Butler                                  ,IN,370,3.519,41.429718,-84.871344
63955,ROAD RANGER #266,"I-72, EXIT 82 & CR-10",New Berlin,IL,280,3.479,39.732263,-89.92458
63955,ROAD RANGER #266,"I-72, EXIT 82 & CR-10",New Berlin,IL,280,3.439,39.732263,-89.92458
63965,GOOD TO GO #11,"I-65, EXIT 158",Frankfort,IN,375,3.549,40.261926,-86.650695
63959,SPEEDWAY #1429,SR-59 & SR-56,Warrenville,IL,293,3.499,41.819846,-88.203387
63957,SUNMART FOOD STORE,SR-37,Bloomington,IN,375,3.499,39.106968,-86.551376
63978,Gallops,"I-80, EXIT 107",Middlebury,IN,370,3.549,41.675285,-85.706089
63959,SPEEDWAY #1429,SR-59 & SR-56,Warrenville,IL,293,3.599,41.819846,-88.203387
63962,7-ELEVEN #40505,"I-80, EXIT 90",Elkhart,IN,465,4.11566666,41.651156,-85.964767
63966,PHILS ONE STOP,"I-69, EXIT 309B",Fort Wayne                              ,IN,370,3.67566666,41.13356,-85.097006
63964,LOVES TRAVEL STOPS #242,"I-35 & FISHER RD, EXIT 144",Von Ormy,TX,740,3.249,29.310916,-98.617813
63997,LEON GROCERY,US-400,Leon                                    ,KS,336,3.399,31.2500712,34.7765141
63990,TREX MART #4,"I-229/US-59, EXIT 4B & US-36",Wathena                                 ,KS,400,2.999,39.760808,-94.948704
63964,LOVES TRAVEL STOP #242,"I-35 & FISHER RD, EXIT 144",Von Ormy,TX,740,3.167,32.0095472,-97.0935144
64003,HUCKS Food & Fuel #305 dba Pilot Dealer #1288,SR-9001 & WKY PKWY SERVICE AREA,Beaver Dam,KY,460,3.629,37.4079438,-86.875785
63992,SANDRAS QUICK STOP,US-169 & US-59,Garnett,KS,485,3.319,38.260365,-95.248053
63972,7-ELEVEN #40506,"I-80/I-90, MM 125 WB",Howe,IN,465,3.899,41.744987,-85.329171
64020,LEEBOS # 9,"I-49, EXIT 90",Alexandria,LA,730,3.21566666,31.2931001,-92.4632837
64001,PETES #53,US-400 & SR-99 & CR-939,Severy                                  ,KS,336,3.249,37.637257,-96.252469
63977,CAREFREE FOOD MART,"I-64, EXIT 92",Leavenworth                             ,IN,415,3.499,38.238493,-86.362332
64021,CM AMITE,SR-16,Amite,LA,600,3.399,30.72657,-90.50898
64016,SHELL,US-231 & SR-1468,Morgantown,KY,487,3.799,37.199637,-86.704535
63979,Jaks Oil,US-90,Broussard,LA,730,3.049,30.146237,-91.959821
64030,STATE OIL,SR-23,Belle Chasse,LA,725,3.43233333,29.876122,-90.014929
64028,DELCAMBRE FUEL DEPOT,SR-14 & SR-89,Delcambre,LA,730,2.999,29.95338,-91.996876
63988,Petes #47,US-400/SR-47,Fredonia                                ,KS,307,3.299,37.530308,-95.832385
64040,PILOT #1051,"I-10, EXIT 43 & SR-383",Iowa,LA,690,3.599,41.644291,-92.124728
63994,U STOP #38,I-70 EXIT 298,Junction City,KS,553,3.35566666,39.02829,-96.837231
64045,SILVERS TRAVEL PLAZA - Port Allen,US-190/SR-1,Port Allen,LA,730,3.33233333,30.5002,-91.3078
64042,LA PLACE TRAVEL CENTER,"I-10, EXIT 209 & I-55, EXIT 1",La Place,LA,725,3.259,30.090046,-90.438875
64002,SPEEDWAY #9567,"I-65, EXIT 105",Lebanon Junction,KY,415,3.16566666,37.829268,-85.723715
64044,DISCOUNT ZONE,"I-510, EXIT 240",New Orleans                             ,LA,725,3.149,29.947767,-90.182453
64003,HUCKS Food & Fuel #305,SR-9001 & WKY PKWY SERVICE AREA,Beaver Dam,KY,460,3.599,37.649028723493,-85.368671948413
64058,DELTA TOWN TRUCK STOP,"I-10, EXIT 4",Vinton                                  ,LA,690,2.799,30.151106,-93.637469
64048,Pilot #1439,"I-10, Exit 151",Port Allen,LA,600,3.21566666,30.45434,-91.246198
64029,SUNSHINE SUPER STOP TRUCKS,"I-10, EXIT 182",Convent,LA,600,3.399,29.998289,-90.807813
64059,CM SPRINGHILL,"I-20, EXIT 44",Springhill,LA,745,3.399,33.005762,-93.467221
64062,XTRA MART #10098,SR-146A,Uxbridge,MA,175,3.649,42.031577,-71.612172
64034,BOONES CHEVRON,SR-317,Franklin                                ,LA,623,3.899,30.022228,-90.052182
64063,Mobil,US-20 & SR-56,North Oxford,MA,175,3.58233333,42.162412,-71.899731
64083,BIG DADDYS TRUCKSTOP,US-223 & US-23,Ottawa Lake,MI,325,3.499,41.797329,-83.692173
64036,CM PROSPECT STATION,SR-3087 & SR-660,Houma,LA,725,3.599,29.604494320737,-90.670202579307
64082,SPEEDWAY #8797,SR-13,Lennon,MI,342,3.379,42.983618,-83.92795
64085,MADCO TRUCK PLAZA,"I-94, EXIT 200",Romulus                                 ,MI,325,3.539,42.25457,-83.31046
64043,COUNTRY AUTO TRUCK STOP,"I-49, EXIT 177 & SR-509",Mansfield,LA,766,3.259,32.045813,-93.690631
64084,RPF OIL #92 PARMA TRAVEL CENTER,"I-94, EXIT 128",Parma,MI,431,3.499,42.2663675,-84.6234153
64047,LUCKY LOUIES TRUCK STOP,US-190,Port Allen,LA,600,3.06566666,30.507098,-91.206668
64085,MADCO TRUCK PLAZA,"I-94, EXIT 200",Romulus                                 ,MI,325,3.399,42.25457,-83.31046
64091,Circle K 2746398,US-10 & SR-27,Little Falls,MN,448,3.399,45.97614,-94.341685
64049,Cash Magic CITGO LAROSE,SR-308,Larose,LA,725,3.399,29.577551,-90.392562
64087,SAHARA PETRO,"I-696, EXIT 22",Warren                                  ,MI,325,3.699,42.49044,-83.01304
64097,KWIK TRIP #937,US-12,Willmar,MN,451,3.34066666,45.126073,-95.0077876
64050,WESTWOOD TRUCK PLAZA,US-90 BUS,Marrero,LA,725,3.279,29.894568,-90.127914
64087,SAHARA PETRO,"I-696, EXIT 22",Warren                                  ,MI,325,3.799,42.49044,-83.01304
64098,BLUE LINE TRAVEL CENTER,"I-90, EXIT 45",Worthington                             ,MN,432,3.16566666,43.640299,-95.563202
64060,CM VIVIAN,SR-1 & SR-2,Vivian,LA,745,3.26566666,32.874332,-93.985611
64092,ONE9 #4555,"I-20/I-59, EXIT 77",Cottondale,AL,615,2.93233333,33.188399,-87.455339
64101,D DIAMOND TRAVEL PLAZA,"I-44, EXIT 82",Fair Grove                              ,MO,535,3.13233333,37.460445,-93.141422
64069,301 BP,US-301/SR-5,Brandywine,MD,22,3.259,38.68579,-76.872931
64112,RAPID ROBERTS #123,"I-44, EXIT 80",Springfield                             ,MO,535,2.899,37.2546881,-93.2656112
64116,GRAND LEDGE,"I-96, EXIT 86",Grand Ledge,MI,344,3.789,42.753957,-84.745142
64072,EZ MART #110,US-127 & US-127 BUS/SR-46,Alma,MI,260,3.649,43.379048,-84.608728
64120,HOLIDAY STATIONSTORE #2746185,US-2,Wakefield,MI,545,3.219,46.476429,-89.944001
64120,HOLIDAY STATIONSTORE #2746185,US-2,Wakefield,MI,545,3.139,46.476429,-89.944001
64085,MADCO TRUCK PLAZA,"I-94, EXIT 200",Romulus                                 ,MI,325,3.499,42.25457,-83.31046
64122,FLYING J TRAVEL PLAZA #691,"I-40, EXIT 333",Tucumcari                               ,NM,585,3.899,35.158637,-103.7037263
64120,HOLIDAY STATIONSTORE #2746185,US-2,Wakefield,MI,545,3.479,46.476429,-89.944001
64106,RAPID ROBERTS #122,SR-43,Joplin                                  ,MO,277,2.899,37.006715,-94.549984
64124,Shell,"I-94 & I-75, EXIT 171",Saint Cloud,MN,448,3.36233333,28.093707,-81.273451
64139,4 MILE TRUCKSTOP,US-98 & HOLT RD,Lucedale,MS,715,3.399,30.92378,-88.509817
64132,45 TRUCKSTOP,US-45,Corinth,MS,435,3.089,34.864257,-88.559759
64126,CASEYS #3471,US-2 & CR-87,Cohasset,MN,333,3.449,47.2635459,-93.6205569
64153,SPEEDWAY #6972,US-70,Durham,NC,177,3.799,35.9559101,-78.8417008
64155,SPEEDWAY #8228,"I-85, EXIT 191 & SR-56",Creedmoor,NC,205,3.999,36.146171,-78.722691
64167,NORTH LONDONDERRY SUNOCO,"I-93, EXIT 5",Londonderry,NH,125,3.939,42.91814,-71.39895
64156,SPEEDWAY #6985,"I-40, EXIT 312 & SR-42",Garner,NC,177,3.499,35.60917,-78.56166
64163,FILL GOOD BP #15,US-74,Monroe,NC,46,3.399,35.0388385,-80.6023131
64170,LUCKY 7,"I-95, EXIT 61",Wade,NC,205,2.999,35.1605806,-78.7296892
64171,CIRCLE K #2723130,"I-40, EXIT 364",Warsaw,NC,245,2.87566666,34.992987,-78.139324
64181,SUNOCO- JOYCE KILMER PLAZA #7012,"NJTP,EXIT 8A",East Brunswick,NJ,115,3.899,40.416685,-74.443787
64173,SAPP BROS TRAVEL CENTER,"I-80, EXIT 405",Lincoln,NE,413,3.36566666,40.862302,-96.637896
64172,CUBBYS #108,"I-80, EXIT 420 & SR-63",Greenwood,NE,319,3.399,40.974389,-96.38725
64182,SUNOCO- VINCE LOMBARDI SERVICE AREA #7017,"NJ TURNPIKE, EXIT 18",Ridgefield,NJ,115,3.899,40.8231696,-74.0300245
64183,SUNOCO- THOMAS EDISON PLAZA #7013,"NJTP, EXIT 11",Woodbridge,NJ,79,3.899,40.559989,-74.264907
64215,STRIPES 7FLEET #42588,US-380 & SR-206,Tatum,NM,700,3.66233333,33.255915,-103.313931
64187,SPEEDWAY #9117,"I-25, EXIT 339",Las Vegas,NM,580,3.18566666,35.521558,-105.251921
64189,CIRCLE K #2708931,"I-10, EXIT 155",Tucumcari,NM,585,3.259,35.172108,-103.719441
64195,DANDY MINI MART #14,"I-86, EXIT 62",Nichols,NY,32,3.439,42.024657,-76.383103
64201,POCO SHOP #2,"I-95, EXIT 31",Saint Pauls                             ,NC,205,3.799,34.8061976,-78.9762827
64210,FUEL 1,"I-287, EXIT 4",South Plainfield,NJ,79,4.799,40.554507,-74.414821
64206,SUNOCO WOODROW WILSON PLAZA #7010,"NJTP, EXIT 7",Trenton,NJ,150,3.899,40.176235,-74.628625
64231,7-ELEVEN #40293,"OHIO TURNPIKE EB MILEPOST 139/I-80, EXIT 139",Amherst,OH,249,3.53233333,41.378062,-82.223957
64211,PILOT #490/WESTERN PETROLEUM,US-180,Carlsbad                                ,NM,593,3.729,32.697108,-103.18349
64216,DANDY MINI MART #31,SR-13 & SR-224,Cayuta,NY,190,4.399,42.293199,-76.714298
64235,PENNZMART FUEL EXPRESS,ST 100,Tiffin                                  ,OH,411,3.4315,41.114589,-83.176563
64218,PILOT TRAVEL CENTERS #494,"I-88, EXIT 25",Schenectady,NY,12,3.999,42.7814246,-74.0288247
64221,BELL STORES #49,"I-76E, EXIT 25B",Akron,OH,249,3.499,41.062317,-81.463508
64236,KFC TRAVELMART,SR-199,Upper Sandusky,OH,411,3.249,40.8545409,-83.3004228
64223,7-ELEVEN #40295,"I-80, EXIT 170",Broadview Heights,OH,249,3.52733333,41.292252,-81.672346
64227,GO MART FOOD STORE #116,US-50 & SR-7,Coolville                               ,OH,430,3.35733333,39.220577,-81.806425
64244,CHOCTAW NATION DURANT WEST #632,US-69/US-75,Calera,OK,253,3.089,34.0088,-96.3908
64224,7-ELEVEN #40296,SR-176,Broadview Heights,OH,249,3.53233333,41.292252,-81.672346
64256,CHEROKEE TRAVEL PLAZA,"I-40, EXIT 325",Roland,OK,645,3.799,35.406629,-94.529705
64261,Phillips 66,US-75/SR-56,Okmulgee                                ,OK,560,2.989,35.64755,-95.962465
64229,SPEEDWAY #9385,"I-70, EXIT 129",Hebron,OH,315,3.369,39.980158,-82.485044
64264,CASEYS #4594,US-81 & US-70,Waurika,OK,253,3.07733333,34.1649789,-98.0015134
64270,PENN JERSEY DIESEL & TRAILER,"I-95, EXIT 37",Bensalem,PA,160,4.199,40.075731,-74.933407
64230,Certified Oil #400423,I-70 EXIT 126,Hebron,OH,315,3.39566666,39.946169,-82.534901
64265,ASAP GENERAL STORE #101,"I-40, EXIT 84 & US-54",Weatherford,OK,483,3.13233333,35.5400072,-98.6586158
64288,PILOT #4581,"I-20, EXIT 116",Bishopville,SC,135,3.43233333,34.192902,-80.282923
64233,74 FUEL STOP,"I-74, EXIT 3",Harrison,OH,300,3.859,39.262009,-84.814362
64274,RUTTERS #53,"I-83, EXIT 32 & SR-382",Etters,PA,70,3.999,40.15241,-76.8189
64243,Caseys #4519,US-62,Altus,OK,483,3.00566666,34.642211,-99.333911
64298,CORNER MART #354,"I-26, EXIT 72",Newberry                                ,SC,30,3.299,34.310462,-81.57601
64309,CIRCLE K #2723272,"I-26, EXIT 119",West Columbia,SC,135,3.54566666,33.909732,-81.106473
64275,7-ELEVEN #40279,I-276 & US-202 (KING OF PRUSSIA SERVICE PLAZA WB),King Of Prussia,PA,160,3.884,40.090042,-75.370741
64299,CIRCLE K #2720881,US-17 & SR-165,Ravenel,SC,42,3.439,32.781782,-80.149745
64310,Palmetto Roads #308,"I-95, EXIT 77                 ",Saint George                            ,SC,42,3.009,33.191597,-80.581795
64282,ONVO TRAVEL PLAZA - HICKORY RUN,"I-80, EXIT 274",White Haven,PA,200,3.58566666,41.062323,-75.749175
64300,CIRCLE K #2723416,"I-26, EXIT 28",Roebuck,SC,210,3.08233333,34.8401,-81.970022
64313,CUBBYS #403,"I-29, EXIT 79",Sioux Falls                             ,SD,530,3.06566666,43.544342,-96.784977
64285,PILOT #4566,"I-85, EXIT 106",Blacksburg,SC,46,3.429,35.166026,-81.451002
64301,HILLVIEW TRUCK STOP,"I-20, EXIT 39",Leesville                               ,SC,135,3.059,33.816351,-81.448909
64336,LOVES TRAVEL STOP #345,I-90/I-94 EXIT 48 ,Tomah,WI,450,3.309,43.961098,-90.377921
64287,CIRCLE K #2703099,"I-20, EXIT 33",Batesburg,SC,135,3.08566666,33.7491681,-81.5253752
64307,CIRCLE K #2723876,US-17 & SR-64,Round O,SC,42,3.37233333,32.774871,-80.462082
64350,STRIPES #40811,"I-37, EXIT 55",George West,TX,625,3.01566666,28.33789,-98.029284
64294,HOT SPOT #6004,"I-26, EXIT 28",Enoree,SC,210,3.099,34.69882,-81.939007
64314,JAKES CORNER,US-81 & SR-34,Winfred                                 ,SD,530,3.049,44.007008,-97.387716
64336,LOVES TRAVEL STOPS #345,I-90/I-94 EXIT 48 ,Tomah,WI,450,3.289,43.961098,-90.377921
64343,Allsup's Marketplace #2411,US-67,Hawley,TX,575,2.889,32.611894,-99.814346
64393,TEX-BEST #505,"I-35, EXIT 183",New Braunfels,TX,740,2.80566666,29.686411,-98.126615
64337,GRAVES TRUCK STOP,"I-20, EXIT 59",Carthage,TX,618,2.999,32.161230993067,-94.323331007884
64352,CHEVRON #383461,"I-10, EXIT 259",Fort Stockton,TX,710,3.029,30.908459,-102.883912
64406,Main Street Market,SR-84 & FM-73,Prairie Hill,TX,765,2.899,31.648903,-96.799821
64347,PILOT TRAVEL CENTERS #256,"US-58 & US-29, SE QUAD",Danville,VA,65,4.009,36.5826595,-79.3551408
64374,CEFCO #2001,US-287 & FM-369,Iowa Park,TX,770,2.864,33.955298,-98.604194
64420,Valero,US-59 & AT ST-87,Timpson                                 ,TX,766,3.059,31.90594,-94.399049
64355,CEFCO #34,US-281 & SR-38,Hamilton,TX,765,3.029,31.706121,-98.122775
64399,LOVES TRAVEL STOPS #247,US-287 & SR-256,Memphis,TX,585,3.789,38.48988,-85.767813
64422,Chevron,"I-10, EXIT 858",Vidor,TX,610,2.749,30.11259,-94.043553
64360,CIRCLE K #2706983,"I-37, EXIT 36 & SR-359",Mathis,TX,625,3.019,28.112431,-97.81976
64399,LOVES TRAVEL STOP #247,US-287 & SR-256,Memphis,TX,585,3.789,38.48988,-85.767813
64430,GOLDEN SPIKE TRAVEL PLAZA,"I-15, EXIT 382",Tremonton,UT,835,3.599,41.711512,-112.201911
64382,KOSSE COUNTRY STORE,SR-7 & SR-14,Kosse                                   ,TX,765,3.11566666,31.308599,-96.631794
64407,CIRCLE K #2741527,US-281,Premont,TX,625,2.999,27.367629,-98.112793
64441,MILLER MART #55,US-460 & US-58/US-13,Suffolk,VA,130,3.09233333,36.7697597,-76.6068075
64390,TXB #71 DBA KWIK CHEK FOOD STORES,"I-20, EXIT 136",Midland                                 ,TX,710,3.079,31.997433,-102.078043
64435,SPEEDWAY #4632,US-360/US-58 & SR-1224,Danville,VA,65,4.059,36.581359,-79.349278
64445,KWIK TRIP #413,SR-93 & SR-95,Arcadia,WI,295,3.31566666,44.250235,-91.472348
64408,QUIKTRIP #4058,"I-37, EXIT 125 & SR-1604",San Antonio,TX,740,2.96566666,29.475233,-98.38046
64442,PILOT TRUCK STOP #583,"I-5, EXIT 262",Ferndale,WA,850,4.559,48.849236,-122.572107
64446,SPEEDWAY #4293,"I-90 & I-43, EXIT 185A",Beloit,WI,448,3.799,42.51098,-89.051948
64409,LONE STAR TRAVEL CENTER,"I-35, EXIT 147",San Antonio                             ,TX,740,3.059,29.336117,-98.566752
64451,ROYAL FARMS #79,ST 13,New Church                              ,VA,194,3.339,38.000642,-75.540874
64455,SPEEDWAY #4648,SR-254,Waynesboro,VA,180,3.959,38.066521,-78.877517
64421,TXB #17 DBA KWIK CHEK FOOD STORES,SR-121,Trenton,TX,630,3.299,33.429379,-96.336843
64477,PILOT #1063,"I-40, EXIT 81",Marion,NC,210,3.759,35.642757,-82.039592
64463,KWIK TRIP #202,"I-39/US-51, EXIT 151 & SR-54",Plover,WI,395,3.26566666,44.42734,-89.515467
64423,PILOT #568,"I-35, EXIT 140",Von Ormy,TX,740,3.21066666,29.279587,-98.6695
64479,YESWAY #1148,"US-30, EXIT 186",Marshalltown,IA,320,3.24566666,42.036384,-92.912728
64481,LOVES TRAVEL STOP #282,"I-44, EXIT 4 & SR-43",Joplin,MO,277,3.39733333,37.01295,-94.54424
64431,RJS  FUEL STOP,"I-15, EXIT 40",Tremonton,UT,835,3.459,41.71049,-112.199919
64480,TA Garden City,US-83 & US-400,Garden City,KS,525,3.73066666,37.971311197566,-100.874034026733
64436,MS 58 PLAZA,"I-95, EXIT 11",Emporia                                 ,VA,180,3.18233333,36.712725,-77.572126
64486,GREENWAY STORE #614,"I-85/SR-403, EXIT 61 & SR-74",Fairburn                                ,GA,18,3.199,33.53770497414,-84.567513631946
64482,LOVES TRAVEL STOP #208,"I-55, EXIT 119 & SR-22",Canton,MS,655,3.489,32.6044289,-90.0727069
64438,PILOT TRAVEL CENTER #4622,US-58,South Boston,VA,65,4.009,36.675249,-78.926963
64487,PILOT TRAVEL CENTER #165,"I-57 & I-70, EXIT 162",Effingham                               ,IL,510,3.499,39.1491955,-88.5310267
64484,LOVES TRAVEL STOP #206,"I-10, EXIT 44 & SR-59",Loxley,AL,715,3.339,33.278757,-87.098926
64442,PILOT TRUCK STOP #583,"I-5, EXIT 262",Ferndale,WA,850,4.599,48.849236,-122.572107
64487,PILOT TRAVEL CENTER #165,"I-57 & I-70, EXIT 162",Effingham                               ,IL,510,3.299,39.1491955,-88.5310267
64487,PILOT TRAVEL CENTER #165,"I-57 & I-70, EXIT 162",Effingham                               ,IL,510,3.349,39.1491955,-88.5310267
64447,KWIK TRIP #621,"SR-29/SR-55, EXIT 234 & SR-47/SR-117",Bonduel,WI,582,3.45733333,44.730285,-88.44458
64488,PILOT TRAVEL CENTERS #274,"I-10, EXIT 109",Breaux Bridge                           ,LA,600,3.14233333,30.29438,-91.91417
64487,PILOT TRAVEL CENTERS #165,"I-57 & I-70, EXIT 162",Effingham                               ,IL,510,3.499,39.1491955,-88.5310267
64474,SIGNAL FOOD STORE #108,US-60,Mountain View,MO,535,3.03233333,37.000475,-91.704771
64491,QUICK FUEL #1803,I-80/I-294 & SR-1,South Holland,IL,290,3.849,41.581606,-87.634163
64490,QUICK FUEL #2201,"I-85, EXIT 36",Atlanta,GA,18,3.35233333,33.624527,-84.408192
64478,PILOT TRAVEL CENTERS #141,"I-80, EXIT 6",Evanston,WY,835,3.699,41.2690876,-110.9422046
64491,QUICK FUEL #1803,I-80/I-294 & SR-1,South Holland,IL,290,3.829,41.581606,-87.634163
64496,QUICK FUEL #1703,"I-94, EXIT 199-A",Romulus,MI,325,3.549,42.233301,-83.319027
64485,PILOT TRAVEL CENTERS #433,"I-20, EXIT 470",Dallas,TX,630,3.18233333,32.641609,-96.780518
64494,QUICK FUEL #1704,I-75 EXIT 42 AT MILE 42,Lincoln Park,MI,325,3.619,42.26526,-83.17456
64498,QUICK FUEL #1705,SR-53,Warren,MI,325,3.749,42.528628,-83.036923
64487,PILOT TRAVEL CENTERS #165,"I-57 & I-70, EXIT 162",Effingham                               ,IL,510,3.299,39.1491955,-88.5310267
64495,QUICK FUEL #1702,"I-96, EXIT 173",Livonia,MI,325,3.799,42.377952,-83.403283
64498,QUICK FUEL #1705,SR-53,Warren,MI,325,3.789,42.528628,-83.036923
64491,QUICK FUEL #1803,I-80/I-294 & SR-1,South Holland,IL,290,3.889,41.581606,-87.634163
64496,QUICK FUEL #1703,"I-94, EXIT 199-A",Romulus,MI,325,3.569,42.233301,-83.319027
64499,QUICK FUEL #2401,"I-71, EXIT 234",Bridgeton,MO,540,3.094,38.777928,-90.458139
64492,QUICK FUEL #2103,"I-70, EXIT 89",Indianapolis,IN,375,3.309,39.734424,-86.256233
64503,QUICK FUEL #2304,"I-75, EXIT 210",Toledo,OH,550,3.60066666,41.721668,-83.520335
64502,QUICK FUEL #2305,"I-270, EXIT 10",Columbus,OH,315,3.63066666,40.009003,-83.123543
64493,QUICK FUEL #2801,"I-435, EXIT 1-A AT MILE 1",Lenexa,KS,400,3.369,38.947007,-94.75627
64508,QUICK FUEL #1150,US-51 & SR-30,Madison,WI,420,3.57566666,43.109934,-89.322026
64494,QUICK FUEL #1704,I-75 EXIT 42 AT MILE 42,Lincoln Park,MI,325,3.669,42.26526,-83.17456
64517,KWIK TRIP #696,"I-94, EXIT 19 & US-63",Baldwin,WI,451,3.574,44.941367,-92.373556
64509,QUICK FUEL #1002,"I-94, EXIT 319",Milwaukee,WI,444,3.74066666,43.108946,-88.060054
64496,QUICK FUEL #1703,"I-94, EXIT 199-A",Romulus,MI,325,3.519,42.233301,-83.319027
64520,LOVES TRAVEL STOP #222,"I-70/US-35, EXIT 149B & US/35/SR-38",Richmond,IN,375,3.949,39.8705156,-84.932474
64498,QUICK FUEL #1705,SR-53,Warren,MI,325,3.849,42.528628,-83.036923
64511,QUICK FUEL #1010,SR-100,Milwaukee,WI,444,3.779,43.108946,-88.060054
64514,PILOT TRAVEL CENTERS #435,"I-10, EXIT 0",Anthony                                 ,TX,640,3.459,31.9973854,-106.5867735
64500,QUICK FUEL #2402,"I-435, EXIT 57",Kansas City,MO,400,3.29233333,39.130772,-94.571286
64524,FLYING J TRAVEL PLAZA #790,"ST 401, EXIT 579",Napanee                                 ,ON,720,4.62000927,44.266786,-76.968756
64519,BLUE RIDGE TRAVEL PLAZA,"I-81 SOUTHBOUND, EXIT 155",Mountain Top,PA,200,3.649,41.079356,-75.968628
64501,QUICK FUEL #2602,"I-85, EXIT 40",Charlotte,NC,46,3.39566666,35.117527,-80.918019
64525,PILOT TRAVEL CENTERS #3,"I-80, EXIT 223",Youngstown,OH,573,3.45233333,41.1220636,-80.765169
64512,QUICK FUEL #1001,"I-94, EXIT 301",New Berlin,WI,444,3.499,42.994602,-88.122236
64523,SKY CITY TRAVEL CENTER,"I-40, EXIT 102 NORTH",Pueblo Of Acoma,NM,580,3.28066666,34.78385,-107.66773
64527,PILOT TRAVEL CENTERS #50,"I-71, EXIT 28",Pendleton,KY,415,3.759,38.4577391,-85.2990909
64524,FLYING J TRAVEL PLAZA #790,"ST 401, EXIT 579",Napanee                                 ,ON,720,4.62238967,44.266786,-76.968756
64521,CHOCTAW TRAVEL PLAZA #635,US-259/SR-3,Broken Bow,OK,560,2.999,34.004965,-94.740063
64528,Raceway #7007,SR-74 & SR-180,Shelby                                  ,NC,46,3.249,35.272743,-81.496635
64524,FLYING J TRAVEL PLAZA #790,"ST 401, EXIT 579",Napanee                                 ,ON,720,4.62102914,44.266786,-76.968756
64524,FLYING J TRAVEL PLAZA #790,"ST 401, EXIT 579",Napanee                                 ,ON,720,4.6295456,44.266786,-76.968756
64524,FLYING J TRAVEL PLAZA #790,"ST 401, EXIT 579",Napanee                                 ,ON,720,4.63022827,44.266786,-76.968756
64530,PILOT TRAVEL CENTERS #420,"I-20, EXIT 114",Madison,GA,16,3.859,33.560755,-83.4781318
64530,PILOT TRAVEL CENTER #420,"I-20, EXIT 114",Madison,GA,16,3.859,33.560755,-83.4781318
64524,FLYING J TRAVEL PLAZA #790,"ST 401, EXIT 579",Napanee                                 ,ON,720,4.61898985,44.266786,-76.968756
64532,PILOT TRAVEL CENTER #4560,"I-75, EXIT 201",Jackson,GA,67,3.39566666,34.1194182,-83.7620147
64526,PILOT TRAVEL CENTERS #53,"I-40, EXIT 143",Hurricane Mills,TN,460,3.17566666,35.8824159,-87.8013188
64545,HOBO PANTRY #24,US-231 & SR-10,Brundidge                               ,AL,720,3.599,31.720723,-85.830062
64533,SHELL,US-287/US-81 & CR-718,Haslet,TX,637,2.89066666,32.968433,-97.41719
64529,PILOT TRAVEL CENTERS #436,"I-40, EXIT 75",Amarillo,TX,585,3.26566666,35.195922,-101.737487
64534,CIRCLE K #4707045,"I-95, EXIT 32",Biddeford,ME,170,3.95733333,43.477565,-70.494314
64532,PILOT #4560,"I-75, EXIT 201",Jackson,GA,67,3.37566666,33.2075,-84.063587
64571,PETRO STOPPING CENTER #331,"I-15, EXIT 54",Las Vegas,NV,910,3.734,36.278908,-115.0262618
64536,FLYING J TRAVEL PLAZA #640,"I-84, EXIT 173",Jerome,ID,785,3.90233333,42.649468,-114.442836
64537,FLYING J TRAVEL PLAZA #739,"I-35, EXIT 330B",Waco,TX,765,3.22066666,31.507287,-97.145928
64572,CIRCLE K #2723730,US-43/SR-13/SR-69,Northport,AL,615,3.399,33.265954,-87.602684
64535,FLYING J TRAVEL PLAZA #628,"I-85, EXIT 160",Carnesville,GA,16,3.20566666,34.3469144,-83.3219121
64546,GRUB MART #13,"I-59, EXIT 205 & US-411/SR-25/SR-68",Centre,AL,587,3.349,34.160464,-85.709588
64592,LOVES TRAVEL STOP #368,"I-65, EXIT 208 & CR-28",Clanton,AL,720,3.33733333,32.845532,-86.591889
64538,PILOT TRAVEL CENTER #445,"I-94, EXIT 22 & US-20",Chesterton,IN,365,3.829,39.577117262933,-86.240950166083
64569,LOVES TRAVEL STOP #624,"I-65, EXIT 8B",Mobile,AL,715,3.20566666,30.742024,-88.110656
64599,PONY EXPRESS TRAVEL PLAZA #6,"US-167/US-67, EXIT16 & SR-5",Cabot,AR,695,3.499,34.95142,-92.067031
64578,MARATHON,US-431/SR-1,Phenix City,AL,50,3.249,32.520671,-85.0274
64538,PILOT TRAVEL CENTERS #445,"I-94, EXIT 22 & US-20",Chesterton,IN,365,3.799,39.577117262933,-86.240950166083
64600,Caseys #4552,"I-40, EXIT 57",Clarksville,AR,645,3.244,35.4712192,-93.4663503
64554,FACKLER TEXACO TRUCK STOP,US-72 & CR-42,Fackler,AL,615,3.199,34.791765,-85.910938
64581,SNEAD SHELL,US-278 & SR-75,Altoona                                 ,AL,587,3.109,34.11875,-86.395257
64558,MR FUEL #1203,"I-20, EXIT 129",Meridian,MS,705,2.81233333,32.343958,-88.799281
64595,PILOT TRAVEL CENTERS #425,"I-10, EXIT 192",Midway,FL,20,3.799,30.4843949,-84.4209274
64656,QUICK FUEL #2601,SR-27,Charlotte,NC,46,3.51233333,35.117527,-80.918019
64595,PILOT TRAVEL CENTER #425,"I-10, EXIT 192",Midway,FL,20,3.799,30.4843949,-84.4209274
64610,KINGS RIVER COUNTRY STORE,US-412,Huntsville,AR,735,3.26566666,36.138975,-93.584103
64664,CIRCLE K #4701424,"I-74, EXIT 102",Morton,IL,280,3.659,40.614991,-89.461734
64617,SHELL,"I-55, EXIT 48",Osceola,AR,435,2.999,35.699334,-90.047944
64648,QUICK FUEL #2203,"I-20, EXIT 14",Atlanta,GA,18,3.319,33.624527,-84.408192
64647,HOOKS,I-16 EXIT 16,East Dublin,GA,85,3.399,32.424512487744,-82.852652070532
64651,QUICK FUEL #2101,I-465,Indianapolis,IN,375,3.869,39.734424,-86.256233
64654,Fast Stop,"I-10, EXIT 177",Saint Gabriel                           ,LA,600,3.699,30.2587682,-91.0879792
64660,QUICK FUEL #1005,SR-59 & SR-164,Waukesha,WI,444,3.623,43.007537,-88.203196
64655,ONE9 #7937,"I-85/I-40, EXIT 132",Mc Leansville,NC,65,3.399,36.094355,-79.676042
64664,CIRCLE K #4701424,"I-74, EXIT 102",Morton,IL,280,3.699,40.614991,-89.461734
64664,CIRCLE K #4701424,"I-74, EXIT 102",Morton,IL,280,3.599,40.614991,-89.461734
64662,QUICK FUEL #1011,"I-94, EXIT 100",Milwaukee,WI,444,3.52066666,43.108946,-88.060054
64679,PILOT TRAVEL CENTERS #118,I-30 EXIT 121,Benton,AR,695,3.199,34.60832,-92.53334
64672,FLYING J TRAVEL PLAZA #655,"I-70, EXIT 123 & SR-3",Spiceland,IN,375,3.959,39.851196,-85.4123984
64671,FLYING J TRAVEL PLAZA #756,"I-94, EXIT 116 & CR-A",Black River Falls,WI,450,3.38233333,44.2951702,-90.8303112
64681,PILOT TRAVEL CENTER #458,"I-10, EXIT 208",Eloy,AZ,930,3.439,32.7385212,-111.5494947
64673,WESTVILLE TRUCKSTOP,US-6/US-421,Westville                               ,IN,365,3.58566666,41.539432395601,-86.916969295825
64674,ZANCO SHELL,"I-395, EXIT 87",Plainfield                              ,CT,175,4.399,41.664662,-71.913101
64683,QUIKTRIP #777,"I-20, EXIT 49",Atlanta,GA,18,2.97233333,33.608502,-84.4356
64677,MOUNT VERNON FUEL CENTER,"I-75, EXIT 59 & US-25",Mount Vernon,KY,410,2.999,37.339623,-84.300867
64676,PILOT TRAVEL CENTERS #460,"I-40, EXIT 140",Oklahoma City,OK,483,3.309,35.4619231,-97.6883289
64687,PILOT TRAVEL CENTER #421,"I-75, EXIT 326",Dalton,GA,285,3.28566666,33.560755,-83.4781318
64678,AINSWORTH FOUR CORNERS,US-218/SR-27 & SR-92,Ainsworth,IA,380,3.109,41.291948,-91.535858
64675,Petro Mart #45,"I-70/US-40, EXIT 148 & US-54",Kingdom City,MO,392,2.939,38.941787,-91.939483
64689,FLYING J TRAVEL PLAZA #789,HWY 401,London,ON,200,4.45193778,42.9336,-81.175
64679,PILOT TRAVEL CENTER #118,I-30 EXIT 121,Benton,AR,695,3.259,34.60832,-92.53334
64681,PILOT TRAVEL CENTERS #458,"I-10, EXIT 208",Eloy,AZ,930,3.479,32.7385212,-111.5494947
64689,FLYING J TRAVEL PLAZA #789,HWY 401,London,ON,200,3.9516535,42.9336,-81.175
64682,FLYING J TRAVEL PLAZA #705,"I-40, EXIT 20 & US-283",Sayre,OK,483,3.18233333,35.265307,-99.640744
64689,FLYING J TRAVEL PLAZA #789,HWY 401,London,ON,200,3.95368953,42.9336,-81.175
64684,MR FUEL #721,"I-465, EXIT 4 & SR 37",Indianapolis,IN,375,3.319,39.76845,-86.156212
64702,FLYING J TRAVEL PLAZA #846,HWY 9 & HWY 36,Hanna                                   ,AB,80,4.95418716,50.0530486,-110.7326567
64687,PILOT TRAVEL CENTERS #421,"I-75, EXIT 326",Dalton,GA,285,3.30566666,33.560755,-83.4781318
64706,CIRCLE K #2721571,"I-65, EXIT 69",Brewton,AL,715,3.399,31.201927,-87.310145
64702,FLYING J TRAVEL PLAZA #846,HWY 9 & HWY 36,Hanna                                   ,AB,80,4.96514532,50.0530486,-110.7326567
64689,FLYING J TRAVEL PLAZA #789,HWY 401,London,ON,200,3.96039416,42.9336,-81.175
64712,SUNSTOP #650,US-431 & SR-210,Dothan,AL,20,3.41233333,31.183169,-85.369908
64689,FLYING J TRAVEL PLAZA #789,HWY 401,London,ON,200,4.45390331,42.9336,-81.175
64715,CIRCLE K #2709067,US-31/SR-6,Prattville,AL,720,3.499,32.482105,-86.419521
64689,FLYING J TRAVEL PLAZA #789,HWY 401,London,ON,200,4.46211176,42.9336,-81.175
64719,CIRCLE K #2706697,"I-85, EXIT 77",Valley,AL,720,3.399,32.844421,-85.18183
64702,FLYING J TRAVEL PLAZA #846,HWY 9 & HWY 36,Hanna                                   ,AB,80,4.95528079,50.0530486,-110.7326567
64702,FLYING J TRAVEL PLAZA #846,HWY 9 & HWY 36,Hanna                                   ,AB,80,4.95673973,50.0530486,-110.7326567
64765,CENEX,"I-76, EXIT 125",Sterling,CO,800,3.41566666,40.618012,-103.183003
64702,FLYING J TRAVEL PLAZA #846,HWY 9 & HWY 36,Hanna                                   ,AB,80,4.96441327,50.0530486,-110.7326567
64702,FLYING J TRAVEL PLAZA #846,HWY 9 & HWY 36,Hanna                                   ,AB,80,4.953094,50.0530486,-110.7326567
64713,GOOD TO GO,"I-65, EXIT 200",Enterprise                              ,AL,20,3.599,31.327957,-85.846356
64718,CUZZS,US-43/SR-13,Thomasville,AL,720,3.53233333,31.843934,-87.747893
64721,FLASH MARKET #17049,"I-40/US-63, EXIT 216 & US-49/SR-17",Brinkley,AR,695,3.179,34.911886,-91.195458
64779,SPEEDWAY #6530,US-50,Brooksville,FL,225,3.38233333,28.52276,-82.30367
64723,CASHS #4470,US-65,Dumas,AR,655,3.209,33.887162,-91.491789
64789,KROME EXXON,SR-997 & SR-994,Miami,FL,95,3.399,25.748226,-80.303993
64793,CIRCLE K #2721297,US-301,Middleburg,FL,75,3.399,30.096153,-81.810383
64724,TOBOS TRAVEL CENTER,"I-540, EXIT 58",Fayetteville                            ,AR,735,3.349,36.101465357538,-94.138713302847
64795,QUICK FUEL #5101,"I-4, EXIT 79",Orlando,FL,140,3.36233333,28.422238,-81.375494
64798,RIVIERA TRUCKSTOP,SR-710,West Palm Beach,FL,95,3.779,26.770728,-80.087258
64755,PILOT TRAVEL CENTERS #44,"I-70, EXIT 101",Boonville,MO,310,3.519,38.938791,-92.773764
64803,MARATHON,"I-4, EXIT 3",Tampa,FL,225,3.42233333,27.993591077512,-82.603146651246
64804,SPEEDLANE,US-301 &SR-574,Tampa,FL,225,3.449,27.980859,-82.359561
64764,CORNER MARKET #62,SR-13/SR-789 & SR-64,Meeker,CO,800,3.729,40.022615,-107.957228
64825,EXIT 10 AUTO AND TRUCK STOP,"I-185/SR-411, EXIT 19 & SR-315",Fortson                                 ,GA,50,3.399,32.6070662,-84.9369125
64820,Mr Pips,US-84/SR-38,Donalsonville,GA,20,3.199,31.040646,-84.876553
64773,Sun Gas,US-301,Middletown,DE,243,2.999,39.4497028,-75.7166793
64834,SUSIE Q #90,US-319 & SR-33,Moultrie,GA,10,3.799,31.114349,-83.784957
64831,CIRCLE K #2745072,US-341,Lumber City,GA,195,3.529,31.92917,-82.679621
64775,SHORE STOP #287,US-13,New Castle,DE,243,3.289,39.621322,-75.642181
64843,A TO Z TRUCKSTOP,US-301/US-25/SR-73,Statesboro,GA,195,3.599,32.44877,-81.777753
64840,BP,US-278/SR-6 & SR-101,Rockmart,GA,18,3.599,34.013219,-85.046568
64775,SHORE STOP #287,US-13,New Castle,DE,243,3.309,39.621322,-75.642181
64842,Circle K #2745128,US-301 & US-25,Statesboro,GA,195,3.199,32.416721,-81.798788
64777,4 POINTS MARKET,US-441/SR-7 & SR-804,Boynton Beach,FL,95,3.229,26.529285,-80.076572
64850,SHAKE RAG EXPRESS,US-1 & US-78,Wadley,GA,135,3.41566666,32.868833,-82.39463
64860,BP TRUCK PLAZA,US-61/US-151,Dubuque                                 ,IA,335,3.489,42.462631456801,-91.11654642543
64778,SUNSTOP #347,US-27,Branford,FL,75,3.699,29.955218,-82.927533
64862,218 FUEL EXPRESS,US-218 & US-18,Floyd,IA,433,3.489,43.052015,-92.946385
64868,MEDIAPOLIS FAST BREAK,US-61,Mediapolis,IA,345,3.349,41.007494,-91.17064
64811,SUNSTOP #819,US-19,Americus,GA,15,3.699,32.0732873,-84.2325501
64863,FT MADISON FAST BREAK,US-61,Fort Madison,IA,345,3.399,40.623404,-91.377233
64815,BUENA VISTA GAS N GO,SR-26 & SR-41,Buena Vista,GA,10,3.299,32.317518,-84.518519
64871,STEWART ROAD FAST BREAK,CR-X61,Muscatine                               ,IA,270,3.299,41.3910095,-91.0731375
64819,CIRCLE K #4174,"I-285/SR-407, EXIT 53 & US-23/SR-42",Conley,GA,18,3.999,33.672008,-84.340325
64873,CUBBYS #2301,"I-29, EXIT 112",Onawa,IA,319,3.149,42.026252,-96.126211
64833,QWICKSERV,US-319 BUS & SR-133/SR-35/SR-33,Moultrie,GA,20,3.599,31.179934,-83.788824
64880,CASEYS #2487,US-71/SR-9,Spirit Lake,IA,440,3.38233333,43.422624,-95.1022612
64876,PILOT #238,"I-29, EXIT 10",Percival,IA,319,3.799,40.690216,-95.792286
64856,KUM & GO #1056,"I-35, EXIT 56",Bevington,IA,320,3.099,41.361123,-93.789739
64886,WEVER JUNCTION,US-61 & CR-X50,Wever,IA,345,3.399,40.716647,-91.227348
64877,CASEYS #3900,"US-218, EXIT 80 & SR-22",Riverside,IA,380,3.17066666,41.4799055,-91.5786738
64857,CHARITON FOOD SHOP,US-34,Chariton,IA,320,3.369,41.013675,-93.308197
64887,COUNCIL FOOD AND FUEL,US-95,Council,ID,785,3.589,34.87232,-90.48955
64881,SPARKYS ONE STOP #16,US-71 & SR-3,Storm Lake                              ,IA,527,3.23233333,42.749296,-95.150171
64859,QUICK FUEL #2901,"I-35/I-80, EXIT 136",Des Moines,IA,320,3.13733333,41.645002,-93.578724
64888,NOMNOM #21,US-95 & SR-13,Grangeville,ID,970,3.90733333,45.927247,-116.131778
64883,KUM & GO #1046,"I-80, EXIT 46 & CR-M47",Walnut,IA,486,3.109,40.852919884698,-94.078572271317
64874,OSCEOLA TRAVEL PLAZA,"I-25, EXIT 33 & US-34",Osceola,IA,320,3.31233333,41.025384,-93.797648
64894,CIRCLE K #4701251,"I-55, EXIT 160B & SR-9",Bloomington,IL,280,3.399,40.484901,-89.022994
64907,FREEDOM OIL #77,"I-74, EXIT 112 & SR-117",Goodfield                               ,IL,368,3.659,40.627312,-89.275623
64875,CASEYS #2598,"SR-163, EXIT 42",Pella,IA,320,3.199,41.391636,-92.911942
64894,CIRCLE K #4701251,"I-55, EXIT 160B & SR-9",Bloomington,IL,280,3.499,40.484901,-89.022994
64920,KWIK STAR #1530,"I-88/SR-110, EXIT 76 & SR-251",Rochelle,IL,520,3.499,41.9229079,-89.0688023
64876,PILOT TRAVEL CENTER #238,"I-29, EXIT 10",Percival,IA,319,3.799,40.690215,-95.792181
64902,DOWNS TRAVEL MART,"I-74, EXIT 142",Downs,IL,368,3.499,40.392666,-88.87208
64933,MCCLURE OIL #66,US-33/US-27,Decatur,IN,370,3.699,40.814168,-84.938398
64884,SAPP BROS TRAVEL CENTER,US-61 & SR-78,Sioux City,IA,527,3.649,41.235615,-95.879933
64913,Circle K #4701331,US-136 & US-67,Macomb,IL,345,3.499,40.458037,-90.647219
64892,JACKSONS FOOD STORE #3,US-95,Wilder,ID,785,3.579,43.6740033,-116.9115733
64950,CASEYS #2957,US-73 & US-36,Hiawatha,KS,400,3.15066666,39.85295,-95.527192
64914,Martinsville Food and Fuel,"I-70, EXIT 136",Martinsville,IL,510,3.489,39.332076,-87.885339
64894,CIRCLE K #4701251,"I-55, EXIT 160B & SR-9",Bloomington,IL,280,3.599,40.484901,-89.022994
64928,SPEEDWAY #1432,"I-294, EXIT 22",Willow Springs,IL,293,3.859,41.737333,-87.884476
64938,FAMILY EXPRESS #41 (DISCOUNT AVAILABLE),US-52,Lafayette,IN,375,3.43233333,40.417328,-86.890617
64929,KARTAR TRUCK STOP,"I-74, EXIT 32 & SR-17",Woodhull,IL,270,3.599,41.176873,-90.315726
64939,FAMILY EXPRESS #27 (DISCOUNT AVAILABLE),US-421,Medaryville,IN,365,3.649,41.080654,-86.892014
64980,DOUBLE KWIK MARKET #1044,SR-15/SR-7/SR-160,Isom                                    ,KY,255,3.749,37.187419,-82.903122
64930,THORNDALE SHELL,"I-290, EXIT 5",Wood Dale,IL,290,3.459,41.982338645012,-87.960404161319
64952,AMPRIDE,US-160,Johnson                                 ,KS,525,3.399,37.5770671,-101.6265617
64946,MORNING STAR AUTO TRUCK PLAZA,"I-69, EXIT 334 & US-6",Waterloo                                ,IN,370,3.699,41.439776,-85.062643
64969,ALLSTAR FOOD MART,SR-55,Campbellsville                          ,KY,415,3.159,37.320358,-85.35667
64949,PETES #36,US- 54 & US-169,Iola,KS,400,3.20566666,37.922423,-95.404918
64996,AVONDALE TRUCK STOP,SR-90,Westwego                                ,LA,725,3.449,29.9119578,-90.2085186
64961,SAC AND FOX TRUCK STOP,US-75,Powhattan,KS,553,2.984,39.703221,-95.729696
64963,FLINT HILLS ONE STOP,US-50,Strong City,KS,553,2.919,38.400637,-96.533774
65005,USA TRAVEL CENTER,"I-20, EXIT 103/US-80",Calhoun                                 ,LA,719,3.21566666,32.520534,-92.327603
64964,U PUMP IT,US-83 & US-56,Sublette                                ,KS,525,3.679,37.477137,-100.871749
65006,GOLDMINE TRUCKSTOP,US-190,Eunice                                  ,LA,730,3.199,30.502796582604,-92.405104654945
64982,FAS MART #5260,SR-9 & US-68/US-62/SR-10,Maysville,KY,312,3.364,38.629342,-83.791152
64984,DOUBLE KWIK MARKET #1062,"I-75, EXIT 104",Nicholasville,KY,410,3.499,37.928925,-84.550529
65017,Y NOT STOP MANSURA,SR-1,Mansura,LA,730,3.399,31.082159,-92.060485
64990,LAKE COUNTRY OUTDOORS,SR-127,Russell Springs,KY,410,3.199,37.029614,-85.07732
65019,Hwy 31 Truck Stop,SR 31,Saint Martinville                       ,LA,730,3.329,30.223314170944,-91.872051948156
64994,E Z STOP,SR-555 & SR-9002,Willisburg,KY,410,3.379,37.807531,-85.12379
65023,SHOP RITE #85,"I-10, EXIT 87 AT MILE 87",Rayne,LA,600,3.149,30.243757,-92.269383
64998,CM BAYOU VISTA,US-90,Morgan City,LA,725,3.399,29.684633207902,-91.09516903826
65025,ELSIE AUTO AND TRUCK PLAZA,SR-1,Shreveport                              ,LA,766,2.949,32.625505,-93.887863
64999,I 220 TRAVEL PLAZA,"I-270, EXIT 17A & US-80/US-79",Bossier City,LA,766,2.99233333,32.545986,-93.635925
65030,CASH MAGIC THIBODAUX,SR-1,Thibodaux,LA,725,3.399,29.773577,-90.815305
65000,SILVERS TRAVEL CENTER,"I-10, EXIT 109",Breaux Bridge                           ,LA,690,3.369,30.297752,-91.918157
65033,PILOT TRAVEL CENTERS #457,"I-75, EXIT 135",Beaverdam,OH,411,3.33066666,40.8334812,-83.9647285
65002,FOOD N FUN #11,US-90 & SR-92-1,Broussard,LA,600,3.30233333,30.065771,-91.937569
65037,CIRCLE K #2707783,"I-20, EXIT 114 & SR-617",West Monroe,LA,719,2.95733333,32.486915,-92.154843
65007,GOLDEN GROVE TRUCK PLAZA,SR-641 & SR-3125,Gramercy,LA,725,3.419,30.051667152552,-90.686099421448
65048,Irving,SR-2,Westminster,MA,34,3.749,42.545443,-71.911967
65062,AC & T BIG POOL,"I-70, EXIT 12 & SR-56",Big Pool,MD,70,3.659,39.627968,-78.018208
65008,BIG WHEELS TRAVEL CENTER,"US-90, EXIT 204 & SR-316",Gray,LA,725,3.499,29.68167,-90.783614
65066,HURLOCK CITGO,SR-392 & SR-331,Hurlock                                 ,MD,194,3.259,38.6290562,-75.8606845
65011,PLANTATION TRUCK PLAZA,SR-311 & SR-664,Houma,LA,725,3.11566666,29.59101,-90.74486
65069,CIRCLE K #4707056,"I-95, EXIT 75",Auburn,ME,170,3.899,44.034588,-70.267793
65021,OPELOUSAS 190 TRUCK STOP,US-190,Opelousas,LA,600,2.87066666,30.532093,-92.129475
65075,CIRCLE K #4707017,"I-95, EXIT 48",Portland,ME,170,3.74233333,43.685471,-70.328584
65084,BEACON & BRIDGE #19,US-131 & SR-115,Cadillac,MI,260,3.259,44.217059,-85.431309
65022,CM RACELAND,SR-1,Raceland,LA,725,3.299,29.730335,-90.604174
65083,SUNOCO,"I-75, EXIT 34B",Riverview                               ,MI,325,3.639,42.170866,-83.246501
65026,TA ST Rose #06480,US-61,Saint Rose,LA,725,3.22566666,38.68421,-89.55453
65084,BEACON & BRIDGE #19,US-131 & SR-115,Cadillac,MI,260,3.239,44.217059,-85.431309
65027,STARKS TRUCK STOP,SR-12,Starks,LA,690,3.599,30.319054,-93.664928
65084,BEACON & BRIDGE #19,US-131 & SR-115,Cadillac,MI,260,3.279,44.217059,-85.431309
65092,BP,"I-94 & US-12, EXIT 210",Dearborn,MI,325,3.759,42.312842,-83.271467
65036,WAVERLY TRUCKSTOP,"I-20, EXIT 157 & SR-577",Delhi,LA,719,2.964,32.434152,-91.415864
65092,BP,"I-94 & US-12, EXIT 210",Dearborn,MI,325,4.099,42.312842,-83.271467
65059,ROYAL FARMS #111,"I-95, EXIT 57",Baltimore,MD,22,3.209,39.285135,-76.587443
65094,MARATHON,"I-75 & SR-32, EXIT 282",Gaylord                                 ,MI,287,3.799,45.025026,-84.642137
65092,BP,"I-94 & US-12, EXIT 210",Dearborn,MI,325,3.199,42.312842,-83.271467
65064,A C AND T SHARPSBURG PIKE,"I-70, EXIT 29A & SR-65",Hagerstown,MD,70,3.799,39.609228,-77.730048
65113,NORTHWIND TRAVEL CENTER,"US-131, EXIT 153 & US-10",Reed City,MI,456,3.499,43.888558,-85.523868
65108,PICKLEMANS ONE STOP-ZEPHYR,ST 28,Newberry,MI,360,3.699,46.3549157,-85.509801
65067,SUNOCO,US-301,Newburg,MD,60,3.379,38.366292,-76.968122
65127,PITSTOP MOBIL MART,"I-196, EXIT 72",Wyoming,MI,456,3.799,42.913415,-85.695442
65127,PITSTOP MOBIL MART,"I-196, EXIT 72",Wyoming,MI,456,3.549,42.913415,-85.695442
65074,CIRCLE K #4707004,"I-95, EXIT 244 & SR-157",Medway,ME,170,3.50233333,45.609865,-68.523487
65129,HOLIDAY STATIONSTORE #2746345,"I-94, EXIT 103/US-52 & SR-29",Alexandria,MN,250,3.499,45.886898,-95.368858
65132,PETES PLACE SOUTH,US-71 & US-2,Bemidji,MN,355,3.41566666,47.429069,-94.864866
65086,FRED MOORE BP,"I-94, EXIT 257",Casco                                   ,MI,325,4.099,42.813298848605,-82.624949319368
65141,KWIK TRIP #619,US-14 & ST-57,Kasson,MN,515,3.549,44.02042,-92.74686
65088,Circle K #2746528,US-41/SR-28 & SR-95,Champion,MI,360,3.819,46.497074,-87.918118
65162,Petro Mart #15,I-270 EXIT 33,Saint Louis                             ,MO,540,2.904,38.750554,-90.335966
65091,WYOMING FUEL PLAZA,"I-94, EXIT 210A",Dearborn,MI,325,3.599,42.313212927713,-83.154158445808
65171,SIGNAL FOOD STORE #110,US-60 & SR-5,Mansfield,MO,535,3.02566666,37.114751,-92.577348
65092,BP,"I-94 & US-12, EXIT 210",Dearborn,MI,325,3.579,42.312842,-83.271467
65177,KUM & GO #0497,US-60/SR-413 & CR-M,Republic,MO,535,3.079,37.1378,-93.297579
65094,MARATHON,"I-75 & SR-32, EXIT 282",Gaylord                                 ,MI,287,3.829,45.025026,-84.642137
65188,GAS MART,"US-78, EXIT 14 & SR-309",Byhalia,MS,435,2.97233333,34.868098,-89.688647
65113,NORTHWIND TRAVEL CENTER,"US-131, EXIT 153 & US-10",Reed City,MI,456,3.599,43.888558,-85.523868
65192,CIRCLE K #2723396,US-49,Collins,MS,620,3.879,31.622187,-89.541624
65121,BP TRAVEL CENTER AND TRUCK PLAZA,"I-275, EXIT 20",Belleville,MI,325,4.199,42.2499463,-83.4446148
65198,CIRCLE K #2723437,US-49,Florence,MS,760,2.89566666,32.15525,-90.123594
65135,CIRCLE K #3819,SR-7,Clara City,MN,432,3.33233333,44.955089,-95.366302
65136,HOLIDAY STATIONSTORE #2746422,"I-35, EXIT 253B",Duluth,MN,334,3.499,46.756814,-92.144636
65213,CIRCLE K #2723390,US-98,New Augusta,MS,620,3.199,31.201277,-89.041258
65142,HOLIDAY STATIONSTORE #2746376,"I-35W, EXIT 36 & CR-23",Circle Pines,MN,448,3.549,45.157204,-93.16435
65216,STUCKEYS EXPRESS,US-43S,Pelahatchie                             ,MS,760,3.199,32.3131496,-89.7989654
65153,7Fleet #46516,"I-75, EXIT 164",Waite Park,MN,250,3.459,45.5589402,-94.2240295
65221,CEFCO #544,"I-55/US-51, EXIT 81",Terry,MS,760,2.899,32.0953605,-90.2936957
65223,SHELL EXPRESS MART,SR-7 & SR-315,Water Valley,MS,435,3.06566666,34.150463,-89.632217
65165,AMERIMART # 11,US-61,Jackson,MO,275,3.299,37.437927,-89.63634
65241,CIRCLE K #2723474,US-70,Goldsboro,NC,205,3.54066666,35.39771,-77.965282
65234,COUNTRY MART,US-13/SR-11,Bethel,NC,205,3.00733333,36.113291,-76.481891
65178,WILD BILLS TRAVEL CENTER,US-65 & SR-14,Ridgedale                               ,MO,535,3.199,36.500894,-93.222643
65225,CIRCLE K #2723402,US-49,Wiggins,MS,620,3.509,30.827452,-89.135883
65246,DOBBS PLACE,"I-95, EXIT 17",Lumberton                               ,NC,245,3.159,34.623753,-79.047633
65180,TREX MART #11,"I-29, EXIT 65 & US-59",Savannah,MO,400,2.999,39.941609,-94.83161
65251,SPEEDWAY #8277,US-17 & SR-43,New Bern,NC,245,3.26566666,35.147768,-77.10689
65252,SPEEDWAY #6964,SR-125 & SR-11/SR-42,Oak City,NC,205,3.19733333,35.965154,-77.303766
65194,CIRCLE K #2723401,US-98 BYP/SR-44 & SR-13,Columbia,MS,620,3.33233333,31.2368,-89.826182
65267,CIRCLE K #2720939,"I-795/US-264, EXIT 43A & US-301",Wilson,NC,205,3.049,35.755321,-77.925793
65268,SPEEDWAY #6931,"I-40, EXIT 195 & SR-109",Winston Salem,NC,65,3.609,36.093523,-80.376794
65197,SINGH PETRO,US-11,Ellisville                              ,MS,620,3.059,31.6057826,-89.1969136
65270,INTERSTATE CENEX,"I-94, EXIT 1 & SR-16",Beach,ND,273,3.499,46.9272515,-104.007856
65274,CENEX C STORE,US-2 & SR-3,Rugby                                   ,ND,452,3.399,48.355482,-99.999934
65204,SHELL GAS MART,US-82,Mathiston,MS,576,3.36566666,33.540901,-89.133776
65284,Caseys #4526,"I-80, EXIT 237",Lexington,NE,330,3.05733333,40.7770203,-99.7428764
65283,CUBBYS #2107,US-20/SR-15,Laurel,NE,470,3.139,42.43344,-97.096692
65212,Taters #2,US-98 & SR-29,New Augusta,MS,620,3.31566666,31.218481,-89.050035
65289,SHOEMAKERS SOUTH,US-77,Roca,NE,413,3.349,40.697926,-96.704438
65290,ESSENTIAL FUEL #3,ST 71,Scottsbluff,NE,475,3.599,41.859338,-103.692785
65214,NEWTON CROSSING,"I-20, EXIT 109 & SR-15",Newton,MS,705,3.249,32.341948,-89.138053
65299,EPPING FUELING CENTER,SR-27 & SR-125,Epping,NH,125,4.029,43.033446,-71.073345
65293,TRAILS WEST SINCLAIR,US-34 & SR-25,Trenton,NE,475,3.499,40.183184,-101.01254
65250,CIRCLE K #2723473,US-70,Morehead City,NC,245,3.649,34.740352,-76.811598
65308,SUNOCO,SR-17,East Rutherford                         ,NJ,115,3.19233333,40.831798,-74.09789
65296,CIRCLE K #4707214,"I-93, EXIT 12S & I-89 & SR-3A",Bow,NH,170,4.199,43.175664,-71.53025
65273,SIMONSON TRAVEL CENTER,"I-29, EXIT 141 & US-2",Grand Forks,ND,341,3.539,47.934082,-97.096801
65310,Edison Fuel Stop,US-1,Edison,NJ,115,3.159,40.508255,-74.3901549
65314,Union 76,"I-55, EXIT 50A",Richwood,NJ,150,3.399,40.426541,-83.29658
65282,HEBRON SINCLAIR,US-81,Hebron,NE,413,3.284,40.175537,-97.57491
65320,PILOT #891,"I-80, EXIT 27B",Ledgewood,NJ,105,4.099,40.8767899,-74.6583953
65315,SUNOCO- RICHARD STOCKTON PLAZA #7009,NJ TURNPIKE MILE POST 58.7 ,Trenton,NJ,115,3.899,40.8534297,-74.2276396
65287,AM ENERGY,"I-80, EXIT 248",Overton                                 ,NE,330,2.899,40.7406661,-99.5408483
65319,PHILLIPS 66,US-30,Clementon,NJ,150,3.199,39.812491,-74.985955
65339,US GAS & DIESEL,US-46,Ridgefield,NJ,115,3.229,40.843444,-74.005498
65292,CUBBYS #117,SR-2 & SR-50,Syracuse                                ,NE,319,3.319,40.668742,-96.178426
65328,THIND TRAVEL PLAZA,SR-20,North Bergen                            ,NJ,115,3.259,40.767886,-74.044849
65343,ENRITE,"I-287, EXIT 4",South Plainfield,NJ,115,3.999,40.558515,-74.416238
65294,PRIME STOP,ST 35                         ,Wayne                                   ,NE,470,3.244,42.236007,-96.999044
65332,BETTY ROSS TRUCK STOP /BP,US-130 & SR-73,Pennsauken,NJ,150,3.329,39.981516,-75.023088
65351,RIGGINS TRUCK PLAZA,"I-55, EXIT 26",Vineland,NJ,150,3.269,39.425666,-75.023519
65329,UTE MOUNTAIN TRAVEL CENTER,US-160 & US-491,Towaoc                                  ,CO,810,3.45733333,37.2023718,-108.6864884
65334,SUNOCO,US 22 WEST,Phillipsburg                            ,NJ,115,3.329,40.694848,-75.159709
65338,SWIFT FUEL STOP,"I-78, EXIT 13",Newark                                  ,NJ,115,3.879,40.731507,-74.1743877
65377,PETROL 9 W,US-9W,Glenmont,NY,12,3.699,42.609323,-73.788447
65335,CONOCO,US-22,Phillipsburg,NJ,90,3.359,40.6957876,-75.1888105
65359,ROAD RUNNER TRAVEL CENTER,"I-25, EXIT 156",Lemitar,NM,580,3.299,34.15688,-106.920599
65345,SOUTH BRUNSWICK VALERO,US-130,North Brunswick                         ,NJ,115,3.16566666,40.435264816915,-74.505695764514
65361,BLACK MESA TRAVEL CENTER,"I-25, EXIT 252",Algodones,NM,580,3.269,32.737696885749,-108.161051359166
65383,M AND M ALLEGANY JUNCTION,"I-86/SR-17, EXIT 23 & US-219/US-219 BUS",Limestone,NY,38,3.129,42.023289,-78.628438
65350,Phillips 66,"I-295, EXIT 1",Vineland                                ,NJ,150,3.359,39.502045,-74.991562
65365,CHEVRON #381125,US-95,Hawthorne,NV,966,4.079,38.534937,-118.629082
65386,MIRABITO #73,"I-88, EXIT 12",Otego,NY,12,3.999,42.381134,-75.184414
65353,SUNOCO- GROVER CLEVELAND TRAVEL PLAZA #7014,"NORTH NJ TNPK, EXIT 11",Woodbridge,NJ,115,3.899,40.8354374,-74.1377015
65381,NATIVE PRIDE,"I-90, EXIT 58 & US-20",Irving,NY,38,2.999,42.571896,-79.0939
65400,NORTHSIDE FUEL STOP,US-30 & SR-19,Bucyrus,OH,411,3.50733333,39.1679755,-84.5418492
65360,Roswell #60,US-285,Roswell                                 ,NM,593,3.36566666,33.3931306,-104.5227615
65381,NATIVE PRIDE,"I-90, EXIT 58 & US-20",Irving,NY,38,2.899,42.571896,-79.0939
65406,MOBIL,"I-90/SR-2, EXIT 182B",Cleveland,OH,305,3.76566666,41.576631,-81.549137
65373,CHAMPLAIN PETERBILT FUEL MART,"I-87, EXIT 43",Champlain,NY,39,3.799,44.995021,-73.45833
65395,BELLSTORES #132,US-30 & SR-60,Ashland,OH,249,3.499,40.842587,-82.348727
65415,SPEEDWAY #9314,US-20 & SR-21,Massillon,OH,249,3.48233333,40.800671,-81.524641
65379,MIRABITO #74,"SR-79 N/I-88E, EXIT 6",Harpursville                            ,NY,12,4.659,42.17851,-75.62478
65398,QUICK FUEL #2306,"I-480, EXIT 12",Brookpark,OH,305,3.669,41.41348,-81.80736
65426,CIRCLE K #4705357,US-23 & SR-316,Ashville,OH,315,3.089,39.715315,-82.98759
65387,MAPLEFIELDS,SR-22 & SR-442,Peru,NY,235,3.799,44.578309,-73.508229
65423,BARNEYS CONVENIENCE MART #15,"I-75, EXIT 195 & I-90, EXIT 64 & SR-795",Rossford,OH,550,3.599,41.587454,-83.566586
65444,TXB #24 dba Kwik Chek Food Stores,US-70,Hugo,OK,253,2.969,33.996682,-95.469552
65392,CIRCLE K #4707622,"I-90, EXIT 41",Seneca Falls,NY,220,3.999,42.910249,-76.804888
65431,QUICK MART AND MORE,US-22 & SR-43,Steubenville,OH,573,3.639,40.392949,-80.728401
65445,QWIK CHEQUE,US-70 & SR-37,Idabel,OK,253,3.199,33.895055,-94.851268
65411,CLARKS PUMP N SHOP #10,SR- 32,Jackson,OH,315,3.699,39.030899,-82.636985
65441,HUTCH'S #103,SR-6 & SR-66,Elk City,OK,483,2.969,35.407845,-99.380033
65451,Petes #15,US-169 & SR-88,Oologah                                 ,OK,560,3.159,36.437874,-95.709156
65457,THACKERSVILLE TRAVEL PLAZA,"I-35, EXIT 1",Thackerville                            ,OK,253,2.93233333,33.739735,-97.161237
65469,PETRO-CANADA,BURLINGTON & PARKDALE/WINDEMER,Hamilton                                ,ON,430,3.65284821,43.2580783,-79.7824356
65463,FLYING J CARDLOCK #825,"HWY 403, EXIT 41",Brantford,ON,430,4.59317483,43.141946,-80.262229
65463,FLYING J CARDLOCK #825,"HWY 403, EXIT 41",Brantford,ON,430,4.59216111,43.141946,-80.262229
65476,PETRO-CANADA,"HWY 401, EXIT 186",London                                  ,ON,200,3.56099338,42.939426,-81.280965
65469,PETRO-CANADA,BURLINGTON & PARKDALE/WINDEMER,Hamilton                                ,ON,430,3.59147696,43.2580783,-79.7824356
65463,FLYING J CARDLOCK #825,"HWY 403, EXIT 41",Brantford,ON,430,4.60163996,43.141946,-80.262229
65476,PETRO-CANADA,"HWY 401, EXIT 186",London                                  ,ON,200,3.40219907,42.939426,-81.280965
65484,FLYING J #865,HWY 1/HWY 401,Pickering,ON,720,4.46276974,43.82874,-79.04849
65463,FLYING J CARDLOCK #825,"HWY 403, EXIT 41",Brantford,ON,430,4.59114784,43.141946,-80.262229
65476,PETRO-CANADA,"HWY 401, EXIT 186",London                                  ,ON,200,3.36758543,42.939426,-81.280965
65484,FLYING J #865,HWY 1/HWY 401,Pickering,ON,720,4.45390331,43.82874,-79.04849
65463,FLYING J CARDLOCK #825,"HWY 403, EXIT 41",Brantford,ON,430,4.60231851,43.141946,-80.262229
65476,PETRO-CANADA,"HWY 401, EXIT 186",London                                  ,ON,200,3.33899404,42.939426,-81.280965
65484,FLYING J #865,HWY 1/HWY 401,Pickering,ON,720,4.46211176,43.82874,-79.04849
65463,FLYING J CARDLOCK #825,"HWY 403, EXIT 41",Brantford,ON,430,4.59452716,43.141946,-80.262229
65476,PETRO-CANADA,"HWY 401, EXIT 186",London                                  ,ON,200,3.31285191,42.939426,-81.280965
65484,FLYING J #865,HWY 1/HWY 401,Pickering,ON,720,4.45292033,43.82874,-79.04849
65469,PETRO-CANADA,BURLINGTON & PARKDALE/WINDEMER,Hamilton                                ,ON,430,3.65338686,43.2580783,-79.7824356
65484,FLYING J #865,HWY 1/HWY 401,Pickering,ON,720,4.45521463,43.82874,-79.04849
65494,FLYING J TRAVEL PLAZA #633,"I-20, EXIT 138",Union Point,GA,135,3.859,33.719612,-85.025684
65476,PETRO-CANADA,"HWY 401, EXIT 186",London                                  ,ON,200,3.40169746,42.939426,-81.280965
65484,FLYING J #865,HWY 1/HWY 401,Pickering,ON,720,4.45193778,43.82874,-79.04849
65496,FLYING J #463,HWY 402 EXIT 25,Wyoming,ON,620,4.46276974,42.955301,-82.118541
65490,PILOT TRAVEL CENTER #422,"I-85, EXIT 41 & US-29",Newnan,GA,18,3.699,33.3207589,-84.778241
65490,PILOT TRAVEL CENTERS #422,"I-85, EXIT 41 & US-29",Newnan,GA,18,3.699,33.3207589,-84.778241
65518,KWIK FILL #239,ST 51,Crescent                                ,PA,165,3.799,40.563677,-80.227605
65496,FLYING J #463,HWY 402 EXIT 25,Wyoming,ON,620,4.45292033,42.955301,-82.118541
65496,FLYING J #463,HWY 402 EXIT 25,Wyoming,ON,620,4.45193778,42.955301,-82.118541
65524,SAC SHOP #514,I-76/I-70 & US-30,Everett                                 ,PA,14,4.099,40.026278,-78.447453
65496,FLYING J #463,HWY 402 EXIT 25,Wyoming,ON,620,4.45390331,42.955301,-82.118541
65496,FLYING J #463,HWY 402 EXIT 25,Wyoming,ON,620,4.46211176,42.955301,-82.118541
65513,GETGO #3602,"I-76, EXIT 146 & I-99, EXIT 1 & US-220",Bedford                                 ,PA,14,4.09233333,40.052971,-78.511447
65532,PILOT TRAVEL CENTERS #1,"I-80,  EXIT 173",Mill Hall,PA,14,4.01566666,41.034399,-77.516158
65496,FLYING J #463,HWY 402 EXIT 25,Wyoming,ON,620,4.45521463,42.955301,-82.118541
65514,ONVO TRAVEL PLAZA,"I-78, EXIT 13 & SR- 501",Bethel,PA,70,3.34733333,40.478066,-76.295922
65523,SAC SHOP #512,US-30,Everett                                 ,PA,14,4.099,40.026278,-78.447453
65552,A PLUS MINI MARKET,US-1 & SR-132,Feasterville Trevose                    ,PA,160,3.899,40.15242,-74.98655
65521,RUTTERS #17,US-15 & SR-234,East Berlin,PA,70,4.294,39.937556,-76.980498
65525,SHELL,"I-95, EXIT 46A & US-1",Fairless Hills,PA,160,3.899,40.185109,-74.852378
65522,TURKEY HILL #950324,US-322 & SR-23/SR-897,East Earl,PA,208,3.78566666,40.114455,-76.032299
65527,SUNOCO SERVICE STATION,"I-81, EXIT 5",Greencastle,PA,70,3.899,40.452895,-76.512669
65533,LIBERTY EXXON,US-15 & SR-414,Liberty,PA,138,3.699,41.5617852,-77.117337
65530,7-ELEVEN #40284,"I-76, EXIT 19/247",Hershey,PA,70,3.96733333,40.208228,-76.574515
65593,CIRCLE K #2723441,"I-82, EXIT 73 & SR-773",Prosperity,SC,210,3.11566666,34.239199,-81.45856
65537,SHEETZ #048,US-22,Nanty Glo,PA,14,3.51733333,40.450218,-78.838033
65538,WELMART,"SR-28, EXIT 16",Natrona Heights                         ,PA,165,4.19233333,40.647052,-79.713002
65556,RUTTERS #60,US-30 & SR-116,York,PA,70,4.249,39.954574,-76.748982
65594,PILOT #4567,I-77 EXIT 77,Rock Hill,SC,46,3.149,34.856045,-81.005656
65549,T&C MINI MART,SR-33 & SR-191,Stockertown,PA,90,3.699,40.7553704,-75.2624426
65603,JET TRUCK PLAZA,"I-29, EXIT 47",Beresford                               ,SD,530,3.159,43.083233,-96.792744
65572,CIRCLE K #2705377,"I-20, EXIT 22 & US-1",Aiken,SC,135,3.129,33.662767,-81.675076
65578,CIRCLE K #2723355,US-52,North Charleston,SC,42,3.399,32.8322248,-79.9529407
65573,SPEEDWAY/7fleet #4587,US-501,Aynor,SC,205,3.124,33.990183,-79.199228
65608,ZIP TRIP #81,"I-29, EXIT 62 & US-18",Lennox,SD,530,3.204,43.355313,-96.891744
65598,LEES QUICK STOP,US-52 & SR-45,Saint Stephen,SC,42,3.41566666,33.397445,-79.926518
65587,HOT SPOT #2022,US-25/US-76,Honea Path,SC,30,2.909,34.51144,-82.306806
65614,281 TRAVEL CENTER,US-281,Wolsey,SD,571,3.089,44.411192,-98.47497
65622,QUICK STOP #34,US-11/SR-1,Bristol                                 ,TN,405,3.299,36.592186,-82.188873
65624,Sudden Service #61,SR-149 & SR-46,Cumberland City,TN,460,3.564,36.368951,-87.644352
65588,SPEEDWAY #2836,US-17,Johns Island,SC,42,3.069,32.803257,-80.110452
65666,FUEL CITY #2,"I-30, EXIT 45B/I-35E",Dallas,TX,630,2.96566666,32.766382,-96.807041
65625,Chevron,US-64,Fayetteville,TN,460,3.754,35.157417,-86.595168
65604,SHELL,"I-29, EXIT 132",Huron                                   ,SD,455,3.359,44.371895,-98.175326
65629,CASEYS GOODSTOP #4036,"I-40, EXIT 355",Kingston,TN,405,3.164,35.870998,-84.51564
65652,CIRCLE K #2706343,"I-20, EXIT 428",Fort Worth,TX,630,2.969,32.685626,-97.452954
65686,CEFCO #2004,"I-35 , EXIT 499",Vernon,TX,770,2.86066666,34.161821,-99.298379
65639,SPEEDWAY #7138,"I-24, EXIT 70 & SR-102",Smyrna,TN,460,3.049,35.935745,-86.529836
65667,ALLSUPS CONVENIENCE STORE #2103,US-287/US-81,Decatur,TX,630,2.899,33.225798,-97.591001
65690,CIRCLE G TRUCK STOP,US-183 & SR-97,Gonzales,TX,595,2.799,29.472457,-97.444812
65678,ONE9 #1300,US-287 & SR-34,Ennis,TX,630,2.869,32.325061,-96.63274
65641,ALLSUPS CONVENIENCE STORE #2331,I-20 & FM 600,Abilene,TX,575,2.87566666,32.419308,-99.783093
65691,CIRCLE K #2704037,US-90/SR-97 & US-183,Gonzales,TX,595,2.904,29.520029,-97.451218
65659,ALLSUPS CONVENIENCE STORE #2169,US-287,Chillicothe,TX,770,2.89566666,34.256191,-99.509813
65674,VALLEY MART #09,US-277,Eagle Pass,TX,740,3.199,28.651714478145,-100.427583490221
65738,CIRCLE K #2741499,SR-35 & FM-1069,Rockport,TX,625,2.80566666,28.057386,-97.041933
65671,SUPER STOP #22,SR-87 & SR-12,Orange,TX,610,3.439,30.093128,-93.734374
65724,STRIPES 7FLEET #42427,US-385 & SR-191,Odessa,TX,710,3.289,31.849462,-102.374677
65762,7-ELEVEN #34516,"I-66, EXIT 6",Front Royal,VA,60,3.52566666,38.93218248136,-78.194505792839
65673,PILOT #894,US-57 & US-277,Eagle Pass,TX,693,3.899,28.709911,-100.464014
65767,STATELINE FOOD MART #69,US-23,Pound,VA,44,3.599,37.758547,-77.461468
65765,FOSTERS CONVENIENCE STORE,US-29 & SR-685,Rustburg,VA,185,3.599,37.279368,-79.168193
65683,ALLSUPS CONVENIENCE STORE #2225,US-60,Friona,TX,585,2.999,34.638407,-102.735163
65764,LEESBURG CITGO,US-15,Leesburg,VA,60,3.499,39.108,-77.550635
65721,Paradise RV & Truck Park,US-287/US-81,Alvord,TX,770,2.81566666,33.341379,-97.679409
65789,BEAR CREEK CITGO,US-45 & SR-76/SR-22,Bear Creek,WI,360,3.439,43.3193119,-90.1213824
65728,RIVER MART,US-281/SR-241,Pharr,TX,639,3.349,26.135456650196,-98.205577542699
65796,ADDISON STATION,"I-41/US-41, EXIT 68 & CR-K",Hartford,WI,444,3.149,43.37387,-88.302125
65755,CIRCLE K #2723373,US-11 & SR-622,Atkins,VA,185,3.349,36.864676,-81.434858
65800,BP,US-45,Kewaskum,WI,444,3.219,43.510152,-88.220245
65761,NEW DIXIE MART #15,US-58 & SR-671,Franklin,VA,180,3.099,36.666657,-76.955059
65805,HI WAY HOP BP,"I-42/US-41, EXIT 85 & SR-67",Lomira,WI,444,3.099,43.58844,-88.443176
65759,XPRESS STOP,US-522 & SR-694,Cross Junction,VA,60,3.33233333,39.320343,-78.293171
65809,KWIK TRIP #399,SR-21 & SR-80,Necedah,WI,395,3.249,44.026153,-90.074911
65770,JOLLEY #136,"I-89, EXIT 21",Alburgh                                 ,VT,39,3.539,44.9785611,-73.2990074
65810,HIGHWAY HARRY'S,I-90/I-94 EXIT 61 & SR-80,New Lisbon,WI,420,3.17233333,43.8795835,-90.1663129
65771,CITGO,"I-91, EXIT 3 & US-5",Brattleboro,VT,12,3.67233333,42.840618,-72.564212
65813,KWIK TRIP #683,"I-39, EXIT 92 & US-51",Portage,WI,420,3.249,43.534271,-89.443498
65791,EDGAR TRAVEL CENTER,SR-29 & CR-H,Edgar,WI,395,3.559,44.943219,-89.96601
65822,RSTORE #4499,US-45 & SR-29,Wittenberg,WI,395,3.15566666,44.821977,-89.120961
65814,Kracheys BP Truck Stop,US-18 & SR-35,Prairie Du Chien,WI,420,3.574,43.051855,-91.1411847
65793,KWIK TRIP #921,SR-13 & SR-21,Friendship,WI,420,3.274,44.02408,-89.810476
65824,CHANEYS SERVICE STATION,US-30 & SR-2,Chester                                 ,WV,165,3.799,40.616495,-80.557519
65818,KWIK TRIP #1048,"I-90, EXIT 12",West Salem,WI,515,3.31733333,43.892774,-91.078065
65794,BP,"I-43, EXIT 180",Green Bay,WI,360,3.349,44.497203,-88.059298
65836,PILOT TRAVEL CENTERS #434,"I-35W, EXIT 65",Fort Worth,TX,630,3.264,32.95768,-97.30757
65828,PAR MAR FOOD STORE #52,US-50 & CR-50/16,West Union,WV,430,4.099,39.2957414,-80.7772398
65804,KWIK TRIP #628,US-45,Larsen,WI,582,3.43233333,44.199267,-88.680388
65831,Hat Six Travel Center,"I-25/US-87, EXIT 182 & SR-253/SR-256",Evansville,WY,790,3.999,42.846187,-106.215066
65806,SHELL,US-41 & SR-67,Lomira,WI,444,3.389,43.58844,-88.443176
65835,SOUTHSIDE TRAVEL CENTER,US-20/SR-789,Thermopolis,WY,790,3.799,43.644964,-108.211982
65812,PLAINFIELD PLAZA,SR-73 & I-39,Plainfield,WI,395,3.29066666,39.710725,-86.377995
65842,AM PM TRAVEL CENTER,US-1/SR-4,Blythe,GA,135,3.599,33.29818,-82.205077
65817,TREGO TRAVEL CENTER,US-53 & CR-E,Trego,WI,545,3.58233333,45.899257,-91.829393
65847,ROAD RANGER #132,"I-57, EXIT 240",Champaign,IL,280,3.449,40.177176,-88.240093
65820,KWIK TRIP #673,"I-90 & SR-19, EXIT 131",Windsor,WI,420,3.254,43.194131,-89.337135
65849,PS FOOD MART #1034,"I-94, EXIT 110 & US-27",Marshall,MI,431,3.429,42.2843,-84.863269
65837,PILOT TRAVEL CENTERS #455,"I-71, EXIT 140",Marengo                                 ,OH,315,3.719,40.3712024,-82.8309515
65859,SPEEDWAY #6662,US-20 & SR-15,Bristol,IN,465,3.549,42.974527,-83.633707
65857,PILOT TRAVEL CENTERS #199,"I-20, EXIT 33",Haughton,LA,745,3.14566666,32.5448753,-93.5156761
65847,ROAD RANGER #132,"I-57, EXIT 240",Champaign,IL,280,3.509,40.177176,-88.240093
65849,PS FOOD MART #1034,"I-94, EXIT 110 & US-27",Marshall,MI,431,3.549,42.2843,-84.863269
65862,PILOT TRAVEL CENTERS #396,"I-81, EXIT 213",Staunton                                ,VA,185,3.659,38.0199023,-79.141345
65847,ROAD RANGER #132,"I-57, EXIT 240",Champaign,IL,280,3.409,40.177176,-88.240093
65866,FLYING J TRAVEL PLAZA #710,"I-81, EXIT 219",New Milford,PA,200,4.17566666,41.822574,-75.682379
65860,LOVES TRAVEL STOPS #283,"E I-30 & FM 549, EXIT 70",Rockwall,TX,630,3.049,32.918194,-96.419324
65847,ROAD RANGER #132,"I-57, EXIT 240",Champaign,IL,280,3.549,40.177176,-88.240093
65863,VALERO,SR-31,Clinton,NJ,115,3.359,40.718249,-73.620505
65873,PILOT TRAVEL CENTER #4619,"I-81 & I-77, EXIT 77",Wytheville,VA,185,3.55066666,36.938466,-80.992663
65848,Mobil,I-475,Flint,MI,342,3.199,43.033149,-83.655728
65868,7-ELEVEN #36073,"I-77, EXIT 54 & US-21",Statesville,NC,46,2.879,35.847643,-80.861673
65880,ONE9 MR FUEL #1245,"I-55, EXIT 52 & SR-16",Litchfield,IL,574,3.239,39.75938868959,-91.106284175524
65849,PS FOOD MART #1034,"I-94, EXIT 110 & US-27",Marshall,MI,431,3.459,42.2843,-84.863269
65880,ONE9 MR FUEL #1245,"I-55, EXIT 52 & SR-16",Litchfield,IL,574,3.199,39.75938868959,-91.106284175524
65880,MR FUEL DBA ONE9 #1245,"I-55, EXIT 52 & SR-16",Litchfield,IL,574,3.199,39.75938868959,-91.106284175524
65849,PS FOOD MART #1034,"I-94, EXIT 110 & US-27",Marshall,MI,431,3.499,42.2843,-84.863269
65901,PETRO-CANADA,"TCH-16, EXIT 383",Edmonton                                ,AB,80,3.98771589,53.479693,-113.367603
65880,ONE9 MR FUEL #1245,"I-55, EXIT 52 & SR-16",Litchfield,IL,574,3.299,39.75938868959,-91.106284175524
65858,SPEEDWAY #6661,"I-94, EXIT 40  & US-20 & US-35",La Porte,IN,465,3.599,39.787242,-86.251949
65885,LOVES TRAVEL STOP #299,"US-75, EXIT 48 & SR-455",Anna,TX,630,3.19733333,33.345058,-96.58416
65860,LOVES TRAVEL STOP #283,"E I-30 & FM 549, EXIT 70",Rockwall,TX,630,3.109,32.918194,-96.419324
65883,FLYING J TRAVEL PLAZA #647,"I-64, EXIT 25 & US-41",Haubstadt,IN,340,3.959,38.1755604,-87.552005
65880,MR FUEL DBA ONE9 #1245,"I-55, EXIT 52 & SR-16",Litchfield,IL,574,3.299,39.75938868959,-91.106284175524
65901,PETRO-CANADA,"TCH-16, EXIT 383",Edmonton                                ,AB,80,3.7865145,53.479693,-113.367603
65897,PETRO-CANADA,61ST AVE SE & 52ND ST SE,Calgary,AB,50,3.84875514,51.112045,-113.964817
65917,CUMBERLAND CORNER MART,SR-90 & US-127,Albany,KY,410,3.574,36.690803831121,-85.134882544732
65897,PETRO-CANADA,61ST AVE SE & 52ND ST SE,Calgary,AB,50,3.84818769,51.112045,-113.964817
65901,PETRO-CANADA,"TCH-16, EXIT 383",Edmonton                                ,AB,80,3.78372948,53.479693,-113.367603
65919,QUICK FUEL #5001,US-78/SR-4,Memphis,TN,435,3.02566666,35.035557,-89.911804
65901,PETRO-CANADA,"TCH-16, EXIT 383",Edmonton                                ,AB,80,3.93248441,53.479693,-113.367603
65901,PETRO-CANADA,"TCH-16, EXIT 383",Edmonton                                ,AB,80,3.78456456,53.479693,-113.367603
65921,PETRO-CANADA,"TCH-2, EXIT 450 & HWY 126",Moncton,NB,600,3.93190461,46.127919,-64.699763
65901,PETRO-CANADA,"TCH-16, EXIT 383",Edmonton                                ,AB,80,3.92467152,53.479693,-113.367603
65909,7-Eleven/7FLEET #40496,"I-81, EXIT 47 & SR-12",Watertown,NY,220,4.149,44.15921693731,-75.70586323797
65921,PETRO-CANADA,"TCH-2, EXIT 450 & HWY 126",Moncton,NB,600,3.92467152,46.127919,-64.699763
65912,ATOKA FUEL,US-75/US-69/SR-3,Atoka,OK,569,3.179,34.391287,-96.125228
65915,Marathon,"I-94/US-52, EXIT 346 & CR-17",West Fargo,ND,341,3.029,46.846905,-96.906735
65921,PETRO-CANADA,"TCH-2, EXIT 450 & HWY 126",Moncton,NB,600,3.93248441,46.127919,-64.699763
65914,CASEYS #2732,US-30 & US-284/SR-2,Grand Island,NE,330,3.149,40.920027,-98.351412
65939,PETRO-CANADA,"TCH-1, EXIT 366",Kamloops                                ,BC,800,4.51858925,50.698284,-120.359021
65935,MAIN ST JUNCTION,SR-14 & SR-15,Louisville                              ,MS,705,3.099,33.123974,-89.084815
65921,PETRO-CANADA,"TCH-2, EXIT 450 & HWY 126",Moncton,NB,600,4.48307714,46.127919,-64.699763
65939,PETRO-CANADA,"TCH-1, EXIT 366",Kamloops                                ,BC,800,4.36937586,50.698284,-120.359021
65939,PETRO-CANADA,"TCH-1, EXIT 366",Kamloops                                ,BC,800,4.45193778,50.698284,-120.359021
65939,PETRO-CANADA,"TCH-1, EXIT 366",Kamloops                                ,BC,800,4.50961192,50.698284,-120.359021
65974,BEACON & BRIDGE #13,"US-127, EXIT 117",Ithaca                                  ,MI,342,3.649,43.291973,-84.605258
65962,CIRCLE K #2705937,US-301/SR-35 & SR-50,Dade City,FL,225,3.33233333,28.328104,-82.188476
65939,PETRO-CANADA,"TCH-1, EXIT 366",Kamloops                                ,BC,800,4.51792304,50.698284,-120.359021
66014,BIG D TRAVEL CENTER,SR-12 & SR-183,Irving,TX,630,2.95566666,33.055756,-97.477507
65983,SPEEDWAY #6967,"US-17, EXIT 227 & SR-32",Edenton,NC,130,3.287,36.072768,-76.611919
65939,PETRO-CANADA,"TCH-1, EXIT 366",Kamloops                                ,BC,800,4.34376461,50.698284,-120.359021
66017,FLYING J TRAVEL PLAZA #626,"I-95/SR-9, EXIT 305 & SR-206",Saint Augustine,FL,75,3.449,29.750559,-81.344792
66015,LOVES TRAVEL STOP #298,"I-35, EXIT 39 & SR-44",Encinal,TX,693,3.589,28.045611,-99.348936
65969,PILOT  #1105,SR-29 & SR-182,Bunkie,LA,730,3.21233333,30.781473,-92.186811
66022,PILOT TRAVEL CENTER #459,"I-10, EXIT 133",Avondale,AZ,930,3.587,33.456407,-112.274322
66016,FLYING J TRAVEL PLAZA #660,"I-64, EXIT 185 & SR-180",Catlettsburg,KY,255,3.76566666,38.365119,-82.697252
65978,KWIK TRIP #623,US-61,Minnesota City,MN,515,3.399,44.077495,-91.731677
66024,LOVES TRAVEL STOPS #239,"I-81/US-11, EXIT 84 & SR-619",Max Meadows,VA,185,3.589,36.947249,-80.942633
66021,LOVES TRAVEL STOP #238,"I-65, EXIT 116 & SR-480",Shepherdsville,KY,415,3.599,37.9794855,-85.6943882
65989,DANCING EAGLE,"I-40, EXIT 108",Casa Blanca                             ,NM,580,3.359,35.0420298,-107.4699806
66024,LOVES TRAVEL STOP #239,"I-81/US-11, EXIT 84 & SR-619",Max Meadows,VA,185,3.545,36.969874,-80.950272
66022,PILOT TRAVEL CENTERS #459,"I-10, EXIT 133",Avondale,AZ,930,3.599,33.456407,-112.274322
66020,LOVES TRAVEL STOP #221,I-70 EXIT 160,Zanesville,OH,315,3.48233333,39.9685787,-81.903943
66025,SPACE AGE TRAVEL CENTER,"I-84, EXIT 183 & SR-207",Hermiston,OR,935,3.33233333,45.78775,-119.322238
66023,SAPP BROS TRAVEL CENTER,"I-29, EXIT 10 & SR-2",Percival,IA,486,3.789,41.235615,-95.879933
66026,FLYING J TRAVEL PLAZA #643,"I-70 & I-57, EXIT 160",Effingham,IL,510,3.499,39.1347074,-88.5668773
66030,Colfax Travel Center,"I-80, EXIT 159 & SR-117",Colfax,IA,320,3.149,41.695362,-93.247433
66026,FLYING J TRAVEL PLAZA #643,"I-70 & I-57, EXIT 160",Effingham,IL,510,3.349,39.1347074,-88.5668773
66031,WILCO FAST BREAK,US-61/US-24,Palmyra,MO,494,3.119,39.787613,-91.516663
66035,ROAD RANGER #136,"I-90, EXIT 147",Cottage Grove,WI,420,3.544,42.998332,-89.199413
66026,FLYING J TRAVEL PLAZA #643,"I-70 & I-57, EXIT 160",Effingham,IL,510,3.299,39.1347074,-88.5668773
66034,FAS MART #5134,"I-72, EXIT 144 S",Decatur,IL,280,3.459,39.868757,-88.927804
66036,FLYING J TRAVEL PLAZA #602,"I-65, EXIT 264",Birmingham,AL,615,3.559,33.5620988,-86.8306827
66037,TA PRESCOTT TRAVEL CENTER,"I-30, EXIT 44",Prescott,AR,635,3.50233333,33.802494,-93.380938
66029,Roady's Lucky Deuces,"I-10, EXIT 92 & SR-95",Duson,LA,600,3.03566666,30.2366427,-92.1826253
66038,FLYING J TRAVEL PLAZA #1043,"I-15, EXIT 113",Idaho Falls,ID,825,3.799,47.71131,-116.996834
66034,FAS MART #5134,"I-72, EXIT 144 S",Decatur,IL,280,3.499,39.868757,-88.927804
66040,LOVES TRAVEL STOP #272,"I-40 & DW (RANCH RD), EXIT 59",Kingman,AZ,910,3.85566666,35.1997143,-113.9039979
66050,PILOT TRAVEL CENTERS #130,"I-77, EXIT 145",Richfield,OH,305,3.799,41.2759638,-81.6274399
66038,FLYING J #1043,"I-15, EXIT 113",Idaho Falls,ID,825,3.699,43.49137,-112.0402264
66041,PILOT TRAVEL CENTERS #195,"I-84, EXIT 104 & US-97",Wasco,OR,935,3.86566666,45.6694941,-120.8348468
66051,Caseys #4419,I-165 EXIT 5,Bowling Green,KY,460,3.02566666,37.002405,-86.443486
66039,LOVES TRAVEL STOP #237,"I-20, EXIT 171 & US-65",Tallulah,LA,760,3.259,32.3877,-91.1972
66042,FLYING J TRAVEL PLAZA #707,"I-80, EXIT 78",Brookville,PA,14,4.034,41.1733817,-79.0976531
66043,LOVES TRAVEL STOP #216,US-67 & US-287,Midlothian,TX,630,3.231,32.4825621,-97.0109796
66043,LOVES TRAVEL STOPS #216,US-67 & US-287,Midlothian,TX,630,3.199,32.4825621,-97.0109796
66062,FLYING J TRAVEL PLAZA #716,"I-29, EXIT 83",Sioux Falls                             ,SD,530,3.899,43.54731,-96.731297
66044,TA TAMPA TRAVEL CENTER,"I-4, EXIT 10",Seffner,FL,225,3.39566666,27.982762,-82.277671
66054,LOVES TRAVEL STOP #220,"I-25/US-87, EXIT 7 & SR-212",Cheyenne,WY,795,3.709,41.097329,-104.848801
66065,LOVES TRAVEL STOP #321,"SR 770 & I-75 , EXIT 29",Corbin,KY,410,3.599,36.9769018,-84.1168823
66045,FLYING J TRAVEL PLAZA #698,"I-71, EXIT 69",Jeffersonville,OH,315,3.399,39.646085,-83.537722
66056,PILOT TRAVEL CENTERS #114,"I-40, EXIT 320",Crossville,TN,405,3.24566666,35.9863208,-85.0124438
66072,GENES GO TRUCK STOP,"I-10/US-83, EXIT 456 & US-377",Junction                                ,TX,740,3.289,30.510367,-99.774852
66046,PETRO STOPPING CENTER #345,I-69 EXIT357,Fremont,IN,550,3.899,41.74824,-84.993219
66068,HOLIDAY STATIONSTORE #2746262,I-175 EXIT 394,Sault Sainte Marie,MI,287,3.799,46.470573,-84.362095
66073,EXXON,"I-24 & HUSBAND ROAD, EXIT 11",Paducah                                 ,KY,460,3.15733333,37.017619,-88.590237
66055,WINDMILL BP,"US-20, EXIT 208 & SR-14",Holland                                 ,IA,320,3.599,42.398799,-92.798455
66069,128 NEWTON GAS,"I-95, EXIT 20A/SR-128 & SR-9",Newton Lower Falls                      ,MA,34,4.299,42.330326166441,-71.253522135768
66078,Amoco,I-40 EXIT 447,Hartford,TN,405,3.099,35.816634,-83.141321
66057,ROAD RANGER #205,"I-90, EXIT 1",South Beloit,IL,290,3.469,42.491231,-88.999414
66070,TAURO,"SR-78, EXIT 3",Phillipsburg,NJ,90,3.34233333,40.6957876,-75.1888105
66100,CIRCLE K #2723692,"I-26, EXIT 213",North Charleston,SC,42,3.399,32.8322248,-79.9529407
66059,TIME OUT TRAVEL CENTER,"I-40, EXIT 432-B",Newport,TN,405,2.96566666,35.972392,-83.247941
66090,ROAD RANGER #267,US-281,Pharr,TX,639,3.564,26.0935525,-98.2017921
66091,KEYSVILLE SAV U TIME,US-360,Keysville                               ,VA,180,3.399,37.0396712,-78.4814501
66061,FLYING J TRAVEL PLAZA #709,"I-80, EXIT 173",Mill Hall,PA,14,4.01566666,41.028604,-77.522787
66074,HEARTLAND XPRESS,US-67 & SR-M,Poplar Bluff,MO,275,3.199,36.729309,-90.4594116
66093,KWIK TRIP #414,"I-90, EXIT 209A & US-63/SR-30",Stewartville,MN,515,3.55733333,43.87739,-92.48987
66114,LOVES TRAVEL STOP #235,"I-29 & US-169, EXIT 44",Saint Joseph,MO,400,3.33233333,39.722419,-94.787008
66075,CORNER MART #349,"I-26, EXIT 54 & SR-72",Clinton                                 ,SC,210,3.099,34.471244,-81.911709
66106,FLYING J TRAVEL PLAZA #509,"I-15, EXIT 112",Beaver,UT,910,3.689,39.687072,-111.834716
66116,ONVO TRAVEL PLAZA - HARFORD,"I-81, EXIT 217 & SR-547",Harford,PA,200,3.589,41.787727,-75.684447
66083,KANGAROO CROSSING,SR-35,Kosciusko,MS,705,3.199,33.061334,-89.572518
66109,QUARTERS TRAVEL PLAZA,"I-49, EXIT 23 & US-167 /SR-744",Opelousas                               ,LA,730,3.184,30.5849148,-92.0466088
66117,ONVO TRAVEL PLAZA PINE GROVE,"I-81, EXIT 32",Pine Grove,PA,70,3.539,41.398093716074,-79.225224016028
66099,NEW JERSEY TRUCK STOP DIESEL ONLY,"I-95, EXIT 15E & US-9/US-1",Kearny,NJ,79,3.759,40.7284012,-74.1039963
66111,CROSSROADS EXPRESS,US-36 & US-83,Oberlin                                 ,KS,475,3.089,39.827378,-100.534833
66119,FLYING J TRAVEL PLAZA #645,"I-270 & SR-11, EXIT 6",Granite City,IL,540,3.579,38.7599182,-90.0653174
66110,LOVES TRAVEL STOP #479,"I-29, EXIT143",Sioux City,IA,527,3.64233333,42.434626,-96.380028
66113,7-ELEVEN #39467,"I-95, EXIT 16E",Jersey City,NJ,115,3.259,40.750501,-74.060319
66120,LOVES TRAVEL STOP #306,"I-40/SR-66, EXIT 412",Dandridge,TN,405,3.689,36.011988,-83.530348
66119,FLYING J TRAVEL PLAZA #645,"I-270 & SR-11, EXIT 6",Granite City,IL,540,3.699,38.7599182,-90.0653174
66103,TERRIBLE HERBST #243,I-95 & SR-164,Searchlight,NV,910,3.83233333,35.460931,-114.91843
66123,ROAD RANGER #225,"I-80, EXIT 56",Princeton,IL,290,3.449,41.403258,-89.469267
66122,ROAD RANGER #139,"I-57, EXIT 212",Tuscola,IL,280,3.229,39.792262,-88.268126
66115,FLYING J TRAVEL PLAZA #697,"I-80, EXIT 234B",Hubbard,OH,573,3.459,41.18294,-80.5710514
66126,LOVES TRAVEL STOP #209,"I-20, EXIT 3 & US-80 & SR-169",Greenwood,LA,745,3.134,32.444535,-93.983099
66123,ROAD RANGER #225,"I-80, EXIT 56",Princeton,IL,290,3.289,41.403258,-89.469267
66119,FLYING J TRAVEL PLAZA #645,"I-270 & SR-11, EXIT 6",Granite City,IL,540,3.659,38.7599182,-90.0653174
66123,ROAD RANGER #225,"I-80, EXIT 56",Princeton,IL,290,3.389,41.403258,-89.469267
66119,FLYING J TRAVEL PLAZA #645,"I-270 & SR-11, EXIT 6",Granite City,IL,540,3.559,38.7599182,-90.0653174
66125,LOVES TRAVEL STOP #249,"I-55, EXIT 109",Williamsville,IL,318,3.489,39.9610058,-89.5632502
66119,FLYING J TRAVEL PLAZA #645,"I-270 & SR-11, EXIT 6",Granite City,IL,540,3.599,38.7599182,-90.0653174
66135,CIRCLE K #2721592,"I-10, EXIT 5 & US-90 ALT",Pensacola,FL,155,3.22233333,30.510329,-87.269003
66121,ROAD RANGER #226,"I-65, EXIT 99",Greenwood,IN,375,3.60066666,39.613769,-86.070125
66138,LOVES TRAVEL STOP #307,"I-75, EXIT 201",Jackson,GA,18,3.38566666,34.2276176,-83.4986064
66125,LOVES TRAVEL STOP #249,"I-55, EXIT 109",Williamsville,IL,318,3.389,39.9610058,-89.5632502
66139,LOVES TRAVEL STOP #305,"I-81, EXIT 291 & SR-651",Toms Brook,VA,60,3.649,38.946518,-78.439917
66142,QUICK FUEL #5106,SR-589 & SR-580,Tampa,FL,225,3.49233333,27.94982,-82.342188
66125,LOVES TRAVEL STOP #249,"I-55, EXIT 109",Williamsville,IL,318,3.399,39.9610058,-89.5632502
66149,QUICK FUEL #5105,"I-75, EXIT W BRANDON BLVD",Tampa,FL,225,3.50066666,27.94982,-82.342188
66131,SPEEDWAY #3446,"I-95, EXIT 10 & SR-440",Edison,NJ,115,3.58566666,40.530844,-74.325468
66155,7-ELEVEN #36575,"I-35, EXIT 248",Pflugerville,TX,595,2.899,30.44328,-97.666049
66152,Flying J Travel Plaza #656,"I-65, EXIT 95 & CR-500",Whiteland,IN,375,3.959,39.5496961,-86.0368272
66133,LOVES TRAVEL STOPS #228,"I-4, EXIT 44",Polk City,FL,225,3.389,28.155338,-81.800725
66167,PETRO-CANADA,HWY-2 & HWY-19/HWY-625,Nisku                                   ,AB,80,3.73656513,53.335437,-113.541834
66167,PETRO-CANADA,HWY-2 & HWY-19/HWY-625,Nisku                                   ,AB,80,3.73711612,53.335437,-113.541834
66133,LOVES TRAVEL STOP #228,"I-4, EXIT 44",Polk City,FL,225,3.461,28.155338,-81.800725
66172,Timewise Food Store #163,"I-35, EXIT 8",Laredo                                  ,TX,693,2.93566666,27.4522,-99.478761
66173,TIMEWISE FOOD STORE #160,"I-10, EXIT 661",Flatonia                                ,TX,740,3.199,29.69525,-97.103816
66134,CIRCLE K #2721591,"I-10, EXIT 10 & US-29/SR-95",Pensacola,FL,155,3.22233333,30.510329,-87.269003
66176,PILOT #6996,"I-40, EXIT 364",Warsaw,NC,245,3.47233333,34.995157,-78.129867
66177,PILOT #6978,"I-74/I-73/US-220, EXIT 44 & SR-211",Candor,NC,65,3.999,35.298046,-79.726286
66137,CIRCLE K #2721594,"I-10, EXIT 263",Slidell,LA,725,3.17066666,30.225556,-89.78578
66179,LOVES TRAVEL STOP #246,I-80 EXIT 46,Fernley,NV,966,3.91566666,39.617908,-119.266449
66136,CHOCTAW TRAVEL PLAZA #638,US-270 & US-59 & US-112,Poteau,OK,645,3.299,35.097701,-94.633349
66184,HENRIETTA TRUCK STOP,"I-390, EXIT 12 & I-90, EXIT 46",Henrietta,NY,190,3.899,43.054614,-77.656189
66182,CIRCLE K #2706708,"I-185, EXIT 10",Midland,GA,50,3.339,32.557657,-84.865316
66139,LOVES TRAVEL STOPS #305,"I-81, EXIT 291 & SR-651",Toms Brook,VA,60,3.649,38.965562,-78.44006
66190,PETRO-CANADA,HWY 1 EXIT 44,Coquitlam                               ,BC,800,4.59317483,49.248734,-122.86888
66185,TIGERMART OF BUFFALO,"I-45, EXIT 178 & US-79",Buffalo,TX,670,3.599,31.448787,-96.07702
66141,QUICK FUEL #5102,"SR-826, EXIT NW 58TH ST",Miami,FL,95,3.389,25.828438,-80.314366
66190,PETRO-CANADA,HWY 1 EXIT 44,Coquitlam                               ,BC,800,4.53546381,49.248734,-122.86888
66190,PETRO-CANADA,HWY 1 EXIT 44,Coquitlam                               ,BC,800,4.53880215,49.248734,-122.86888
66156,7-ELEVEN #36567,SR-6 & SR-21,Bryan,TX,670,3.144,30.670874,-96.345548
66190,PETRO-CANADA,HWY 1 EXIT 44,Coquitlam                               ,BC,800,4.63022827,49.248734,-122.86888
66190,PETRO-CANADA,HWY 1 EXIT 44,Coquitlam                               ,BC,800,4.6295456,49.248734,-122.86888
66167,PETRO-CANADA,HWY-2 & HWY-19/HWY-625,Nisku                                   ,AB,80,3.72969139,53.335437,-113.541834
66193,PETRO-CANADA,ST 97,Fort Nelson                             ,BC,850,4.8535063,58.804982,-122.696781
66193,PETRO-CANADA,ST 97,Fort Nelson                             ,BC,850,4.81494637,58.804982,-122.696781
66174,TIMEWISE FOOD STORE #162,"I-10, EXIT 456",Junction                                ,TX,740,3.099,30.509196,-99.772857
66193,PETRO-CANADA,ST 97,Fort Nelson                             ,BC,850,4.73383969,58.804982,-122.696781
66193,PETRO-CANADA,ST 97,Fort Nelson                             ,BC,850,4.81388394,58.804982,-122.696781
66178,LOVES TRAVEL STOP #284,I-69C/US-281 & FM-2812,Edinburg,TX,639,3.11066666,26.3858491,-98.1405125
66195,MOBIL,"I-495, EXIT 26 & SR-62",Berlin,MA,34,3.699,42.392702,-71.61056
66198,CIRCLE K #2703117,"I-20, EXIT 11",Graniteville,SC,135,3.159,33.6091034,-81.8473343
66183,CHEVRON CURB STORE,SR-35 & SR-21,Forest                                  ,MS,705,3.569,32.365052,-89.478904
66196,EXXON TIGER MART,"I-35, EXIT 386",Italy,TX,630,3.12233333,32.1972087,-96.8999392
66186,STRIPES #40813,US-281 & SR-285,Falfurrias,TX,625,3.08733333,27.225765,-98.139963
66203,PETRO-CANADA,TCH-16 & HWY-97,Prince George                           ,BC,850,4.57373432,53.905637,-122.761343
66203,PETRO-CANADA,TCH-16 & HWY-97,Prince George                           ,BC,850,4.5076218,53.905637,-122.761343
66190,PETRO-CANADA,HWY 1 EXIT 44,Coquitlam                               ,BC,800,4.56431296,49.248734,-122.86888
66217,PETRO-CANADA,I-16,Hinton                                  ,AB,80,3.78372948,53.388164,-117.614832
66217,PETRO-CANADA,I-16,Hinton                                  ,AB,80,3.79237641,53.388164,-117.614832
66193,PETRO-CANADA,ST 97,Fort Nelson                             ,BC,850,4.85279071,58.804982,-122.696781
66219,PETRO-CANADA,HWY-3,Lethbridge                              ,AB,50,4.06394305,49.663526,-112.879104
66219,PETRO-CANADA,HWY-3,Lethbridge                              ,AB,50,4.12724408,49.663526,-112.879104
66193,PETRO-CANADA,ST 97,Fort Nelson                             ,BC,850,4.84386358,58.804982,-122.696781
66219,PETRO-CANADA,HWY-3,Lethbridge                              ,AB,50,4.00646558,49.663526,-112.879104
66203,PETRO-CANADA,TCH-16 & HWY-97,Prince George                           ,BC,850,4.50861664,53.905637,-122.761343
66223,7-ELEVEN #36548,SR-83,Laredo,TX,693,2.999,27.573854,-99.472223
66203,PETRO-CANADA,TCH-16 & HWY-97,Prince George                           ,BC,850,4.546499,53.905637,-122.761343
66225,ROAD RANGER #140,"I-39, EXIT 72",Mendota,IL,520,3.439,41.553121,-89.066784
66224,ROAD RANGER #235,"I-90, EXIT 36",Hampshire,IL,290,3.369,42.149499,-88.511679
66203,PETRO-CANADA,TCH-16 & HWY-97,Prince George                           ,BC,850,4.42735213,53.905637,-122.761343
66225,ROAD RANGER #140,"I-39, EXIT 72",Mendota,IL,520,3.299,41.553121,-89.066784
66217,PETRO-CANADA,I-16,Hinton                                  ,AB,80,3.79293563,53.388164,-117.614832
66225,ROAD RANGER #140,"I-39, EXIT 72",Mendota,IL,520,3.269,41.553121,-89.066784
66227,Pilot Travel Center #482,"I-57, EXIT 95",Mount Vernon,IL,574,3.459,38.3126307,-88.9609356
66225,ROAD RANGER #140,"I-39, EXIT 72",Mendota,IL,520,3.339,41.553121,-89.066784
66203,PETRO-CANADA,TCH-16 & HWY-97,Prince George                           ,BC,850,4.28677748,53.905637,-122.761343
66227,Pilot Travel Center #482,"I-57, EXIT 95",Mount Vernon,IL,574,3.359,38.3126307,-88.9609356
66217,PETRO-CANADA,I-16,Hinton                                  ,AB,80,3.7854,53.388164,-117.614832
66227,Pilot Travel Centers #482,"I-57, EXIT 95",Mount Vernon,IL,574,3.399,38.3126307,-88.9609356
66236,LOVES TRAVEL STOP #309,"I-80, EXIT 332 & SR-14",Aurora,NE,330,3.289,40.8184217,-97.9990262
66219,PETRO-CANADA,HWY-3,Lethbridge                              ,AB,50,4.09994293,49.663526,-112.879104
66227,Pilot Travel Center #482,"I-57, EXIT 95",Mount Vernon,IL,574,3.599,38.3126307,-88.9609356
66237,ROUTE 66 TRAVEL CENTER,"I-40, EXIT 140",Albuquerque,NM,580,3.359,35.029069,-106.949312
66219,PETRO-CANADA,HWY-3,Lethbridge                              ,AB,50,3.92380534,49.663526,-112.879104
66229,LOVES TRAVEL STOP #308,"I-40, EXIT 86 & SR-226",Marion,NC,210,3.739,35.6580312,-81.9633241
66221,ROAD RANGER #236,"I-43, EXIT 38",East Troy,WI,420,3.08233333,42.790722,-88.389459
66230,PETRO COLBY TRUCKSTOP,"I-70, EXIT 53 & SR-25",Colby                                   ,KS,525,3.599,39.361721,-101.053727
66235,LOVES TRAVEL STOP #291,"I-75, EXIT 95 & SR-627",Richmond,KY,410,3.599,37.843271,-84.324467
66244,STRIPES #40809,"I-37, EXIT 56",George West,TX,625,3.044,28.33789,-98.029284
66238,BETTY BEAVERS TRUCKSTOP,"I- 90, EXIT 29",Canajoharie,NY,12,3.599,42.905483,-74.566552
66249,CIRCLE K #4707206,SR-125,Epping,NH,170,3.76733333,43.040326,-71.064914
66255,CIRCLE K #4707217,US-2 & SR-16,Gorham,NH,170,3.75066666,44.397021,-71.193942
66239,Hola,US-27/SR-80/SR-25,South Bay                               ,FL,95,3.419,26.662203,-80.718887
66252,CIRCLE K #4707023,US-1A,Holden,ME,170,3.73233333,44.764196,-68.706115
66241,PUMP & PANTRY #29,US-30,Central City,NE,330,3.33733333,41.10727,-98.01619
66257,LOVES TRAVEL STOP #310,"I-80/US-30, EXIT 173",Wamsutter,WY,795,3.723,41.675922,-107.982414
66242,PUMP & PANTRY #23,"US-34, EXIT 4TH AVE",Holdrege,NE,330,3.449,40.437556,-99.367598
66258,CIRCLE K #4707208,"I-93, EXIT 23",New Hampton,NH,170,3.659,43.616577,-71.639162
66243,CIRCLE K #4707000,SR-9,Baileyville,ME,170,3.899,45.12351,-67.348045
66261,CIRCLE K #2723123,"I-95, EXIT 71",Dunn,NC,205,3.14233333,35.270187,-78.615445
66247,GULF OIL #5045,I-90 EXIT 83,Charlton                                ,MA,34,3.909,42.144839,-71.989203
66272,MOOSETRACKS #752,"I-85, EXIT 113",High Point,NC,63,3.114,35.921677,-79.933587
66248,CIRCLE K #4707046,"I-95, EXIT 6",Scarborough,ME,170,3.909,43.584261,-70.361665
66273,PETRO STOPPING CENTER,"I-59, EXIT 181 & US-77",Gadsden                                 ,AL,615,3.999,33.9941878,-86.0838906
66279,PETRO-CANADA,ST 11A & TAYLOR DRIVE,Red Deer,AB,80,3.59147696,52.2309,-113.800176
66250,SPEEDWAY #6973,US-1,Wake Forest,NC,177,2.949,36.012911,-78.516687
66274,FLYING J TRAVEL PLAZA #692,"I-80, EXIT 352 & US-93",Wells,NV,835,3.709,41.098227,-114.9572144
66279,PETRO-CANADA,ST 11A & TAYLOR DRIVE,Red Deer,AB,80,3.84026087,52.2309,-113.800176
66257,LOVES TRAVEL STOPS #310,"I-80/US-30, EXIT 173",Wamsutter,WY,795,3.759,41.675922,-107.982414
66284,JOLLEY #150,"I-89, EXIT 19",Saint Albans,VT,39,3.539,44.8107881,-73.0834742
66259,CEFCO #48,"I-35, EXIT 304",Temple,TX,765,2.96566666,31.1387412,-97.3318425
66286,CASEYS #4205,"I-40/75, EXIT 374",Knoxville,TN,405,3.099,35.950256812785,-84.010649851029
66263,One9 SPEEDWAY #6753,"I-78, EXIT 1",Fleetwood,PA,208,3.83233333,40.4564339,-75.8189834
66290,ABBYLAND TRUCK STOP,"SR-29, EXIT 127",Curtiss,WI,395,3.46233333,44.9531229,-90.4341551
66293,One9 #254,"I-24, EXIT 169",Wildwood,GA,285,3.099,33.815032,-84.41681
66266,7-ELEVEN #40508,"I-80, EXIT 90",Elkhart,IN,465,3.999,41.651156,-85.964767
66294,FLYING J TRAVEL PLAZA #667,"I-69, EXIT 81SB / I-96, EXIT 9",Grand Ledge,MI,406,3.959,42.7871898,-84.677572
66267,TA DEMOTTE TRAVEL CENTER,"I-65, EXIT 230",Demotte,IN,365,3.44733333,41.16604845989,-87.168401012769
66295,LOVES TRAVEL STOP #432,"I-94/I-41,  EXIT 322 & SR-100",Oak Creek,WI,444,3.867,42.8714078,-87.9412189
66299,XTRA MART #10093,SR-146,Millbury,MA,175,3.649,42.191982,-71.770871
66278,PILOT TRAVEL CENTERS #394,"I-84, EXIT 6",Newburgh,NY,32,4.359,41.521343,-74.112885
66295,LOVES TRAVEL STOPS #432,"I-94/I-41,  EXIT 322 & SR-100",Oak Creek,WI,444,3.879,42.8714078,-87.9412189
66303,KWIK TRIP #787,US-51 & CR-JJ,Schofield,WI,395,3.41566666,44.905665,-89.605414
66279,PETRO-CANADA,ST 11A & TAYLOR DRIVE,Red Deer,AB,80,3.7575457,52.2309,-113.800176
66307,CM ST HELENA,SR-16,Amite,LA,600,3.399,30.679327373097,-90.648891896088
66313,LOVES TRAVEL STOP #313,"I-55, EXIT 58  & SR-80",Matthews,MO,275,3.27733333,36.7576431,-89.5421189
66279,PETRO-CANADA,ST 11A & TAYLOR DRIVE,Red Deer,AB,80,3.76502588,52.2309,-113.800176
66310,FLYING J #620,"I-70, EXIT 49",Smithton                                ,PA,165,4.109,40.153728,-79.742244
66314,PS FOOD MART #1042,"US-23, EXIT 17",Dundee,MI,325,3.429,41.959263,-83.675355
66279,PETRO-CANADA,ST 11A & TAYLOR DRIVE,Red Deer,AB,80,3.92293954,52.2309,-113.800176
66314,PS FOOD MART #1042,"US-23, EXIT 17",Dundee,MI,325,3.499,41.959263,-83.675355
66314,PS FOOD MART #1042,"US-23, EXIT 17",Dundee,MI,325,3.599,41.959263,-83.675355
66279,PETRO-CANADA,ST 11A & TAYLOR DRIVE,Red Deer,AB,80,3.79237641,52.2309,-113.800176
66316,CASEYS #4204,SR-168,Knoxville                               ,TN,405,3.259,35.950256812785,-84.010649851029
66317,LOVES TRAVEL STOP #314,I-24 EXIT 89,Christiana,TN,460,3.46233333,35.710035,-86.399506
66285,QUIKTRIP #787,"I-675, EXIT 5",Ellenwood,GA,18,3.109,33.611544,-84.299103
66318,ROAD RANGER #242,"I-44, EXIT 163",Saint Robert,MO,540,3.264,37.836395,-92.099724
66292,LOVES TRAVEL STOP #311,"I-20, EXIT 9",Waco,GA,18,3.39066666,31.138122,-81.571289
66319,ROAD RANGER #211,I-90 & RIVERSIDE BLVD,Loves Park,IL,520,3.469,42.319546,-88.969542
66328,LOVES TRAVEL STOP #320,"I-16/SR-404, EXIT 49 & SR-257",Dublin,GA,85,3.33233333,32.496139,-82.981694
66300,PILOT TRAVEL CENTERS #149,"I-40, EXIT 42 & SR-222",Stanton                                 ,TN,435,3.509,35.3900383,-89.4107642
66320,SPEEDWAY #8772,"I-69, EXIT 168 & SR-53",Imlay City,MI,342,3.779,43.007258,-83.072435
66301,KWIK TRIP #743,US-10 & SR-114,Menasha,WI,582,3.50733333,44.212801,-88.403506
66322,LOVES TRAVEL STOP #318,"I-57, EXIT 83 & CR-42",Ina,IL,574,3.489,38.1555248,-88.9109213
66337,ZIP TRIP #60,"I-25, EXIT 299 & US-16/SR-196",Buffalo,WY,836,3.58066666,44.346694,-106.716196
66314,PS FOOD MART #1042,"US-23, EXIT 17",Dundee,MI,325,3.459,41.959263,-83.675355
66322,LOVES TRAVEL STOP #318,"I-57, EXIT 83 & CR-42",Ina,IL,574,3.589,38.1555248,-88.9109213
66338,SHELL,"I-30, EXIT 160 & US-271/SR-49 & US-67",Mount Pleasant                          ,TX,723,3.899,33.154075,-94.972593
66315,SPEEDWAY #6748,"I-94, EXIT 34 & US-421",Michigan City,IN,465,3.68233333,41.718734,-86.900898
66339,PILOT DEALER #873,US-27,Miami,FL,176,3.699,25.884518,-80.365433
66322,LOVES TRAVEL STOP #318,"I-57, EXIT 83 & CR-42",Ina,IL,574,3.389,38.1555248,-88.9109213
66346,PILOT TRAVEL CENTER #247,"I-74, EXIT 39 & SR-32",Crawfordsville,IN,375,3.899,40.046153,-86.821022
66348,PIT STOP,I-40 EXIT 221,Wheatley                                ,AR,695,2.999,34.9111704,-91.1101614
66323,PILOT TRAVEL CENTERS #905- TOWN PUMP,"I-90, EXIT 109",Milltown                                ,MT,820,3.609,46.871302,-113.881981
66349,CIRCLE K #2741796,"I-40, EXIT 5",Little Rock,AR,695,3.36566666,34.618697,-92.314656
66352,KWIK TRIP #871,"US-41, EXIT 124 & SR-76",Oshkosh,WI,582,3.29066666,44.100798,-88.541833
66329,CIRCLE K #2723438,"I-85, EXIT 96",Gaffney,SC,210,3.199,35.108389,-81.605607
66357,LOVES TRAVEL STOP #351,"I-80 & E 8TH RD, EXIT 81",Utica,IL,290,3.289,41.3702121,-89.0090208
66355,CIRCLE K #2723439,"I-26, EXIT 5",Campobello,SC,30,3.13233333,35.138885,-82.103861
66332,PWI #172,"I-45, EXIT 258",Palmer,TX,630,2.77566666,32.430999,-96.669181
66357,LOVES TRAVEL STOP #351,"I-80 & E 8TH RD, EXIT 81",Utica,IL,290,3.449,41.3702121,-89.0090208
66361,SHADY NOOK,US-61/US-49,Lyon,MS,655,3.999,34.234026,-90.530257
66334,Hucks Travel Center #052,"I-24/I-69, EXIT 40 & US-641/US-62/SR-93",Kuttawa                                 ,KY,490,3.699,37.071914,-88.124178
66357,LOVES TRAVEL STOP #351,"I-80 & E 8TH RD, EXIT 81",Utica,IL,290,3.589,41.3702121,-89.0090208
66362,TA FLORENCE TRAVEL CENTER,"I-95, EXIT 164 & US-52",Florence,SC,46,3.32566666,43.4384,-75.74935
66339,PILOT TRAVEL CENTERS #873,US-27,Miami,FL,176,3.699,25.7601418,-80.4804421
66357,LOVES TRAVEL STOP #351,"I-80 & E 8TH RD, EXIT 81",Utica,IL,290,3.389,41.3702121,-89.0090208
66341,7-ELEVEN #218,"I-44, EXIT 4",Harrold,TX,770,2.68733333,34.081562,-99.031605
66364,SHELL,"I-4, EXIT 64",Plant City,FL,225,3.44733333,28.007049,-82.170244
66342,ONE9 #398,"I-75, EXIT 109",Vienna,GA,10,3.109,32.0914673,-83.7963121
66365,LIBERTY,US-202,Ringoes,NJ,230,3.399,40.495771167702,-74.857872277228
66376,SUBS AND GRUBS,"I-63, EXIT 39",Jonesboro,AR,435,3.389,35.804536,-90.625241
66346,PILOT TRAVEL CENTERS #247,"I-74, EXIT 39 & SR-32",Crawfordsville,IN,375,3.899,40.046153,-86.821022
66368,PETRO STOPPING CENTER #371,"I-90, EXIT 41",Waterloo,NY,190,4.19566666,42.965321,-76.845502
66353,MOTOMART #3361,"I-55, EXIT 129",Perryville                              ,MO,540,2.989,37.711714,-89.891607
66371,RAPIDES STATION TRUCK STOP,"I-49, EXIT 94",Boyce                                   ,LA,730,3.099,31.365271,-92.586364
66363,LOVES TRAVEL STOP #178,"US-35/KS TPKE, MM 26",Belle Plaine,KS,570,3.329,37.366335,-97.322505
66382,STATELINE CONOCO,"I-35, EXIT 114",Eagleville,MO,320,3.549,40.574723,-93.942425
66388,Gas n Go,"I-75, EXIT 117 AT MILE 117",Pinehurst,GA,85,3.099,32.190711,-83.749393
66369,LOVES TRAVEL STOP #319,"I-74, EXIT 61",Pittsboro,IN,375,3.889,39.877264,-86.473966
66391,FLYING J CARDLOCK #824,HWY 43 & W MOUNTAIN RD,Whitecourt,AB,80,4.84172595,54.137102,-115.695687
66370,SPEEDWAY #6979,US-301,Wilson,NC,177,3.129,35.714967,-77.894647
66391,FLYING J CARDLOCK #824,HWY 43 & W MOUNTAIN RD,Whitecourt,AB,80,4.84386358,54.137102,-115.695687
66372,CEFCO #54,"I-35, EXIT 292",Belton,TX,765,2.95233333,31.041017,-97.468465
66391,FLYING J CARDLOCK #824,HWY 43 & W MOUNTAIN RD,Whitecourt,AB,80,4.84528971,54.137102,-115.695687
66374,BROOKSHIRE BROS #6111,US-259,Nacogdoches,TX,618,3.369,31.633117460401,-94.648713469926
66393,VILLAGE PANTRY #5210,"I-74, EXIT 206",Oakwood,IL,280,3.299,40.123655,-87.777519
66377,QUIKTRIP #873,"I-35W, EXIT 42",Fort Worth,TX,630,2.97566666,32.672823,-97.469073
66383,TENAHA EXPRESS MART,US-96 & US-84,Tenaha,TX,618,3.299,31.943493,-94.245097
66399,CIRCLE K #2723672,"I-59/I-20, EXIT 128",Birmingham,AL,615,3.699,33.551342,-86.783881
66385,TA EXPRESS MINDEN,"I-20, EXIT 52",Minden,LA,745,3.114,32.594988,-93.289259
66404,QUICK FUEL #5302,"I-635, EXIT 14",Garland,TX,637,3.08733333,32.890849,-96.687817
66386,SPEEDWAY #4631,US-220,Bassett,VA,185,3.41566666,36.747608,-79.937325
66405,FLYING J FUEL STOP #668,"I-75, EXIT 151",Saginaw,MI,260,3.289,43.451495,-83.894131
66391,FLYING J CARDLOCK #824,HWY 43 & W MOUNTAIN RD,Whitecourt,AB,80,4.84279453,54.137102,-115.695687
66405,FLYING J FUEL STOP #668,"I-75, EXIT 151",Saginaw,MI,260,3.489,43.451495,-83.894131
66391,FLYING J CARDLOCK #824,HWY 43 & W MOUNTAIN RD,Whitecourt,AB,80,4.85279071,54.137102,-115.695687
66406,LOVES TRAVEL STOP #317,"I-95, EXIT 4 & SR-629",Skippers,VA,180,3.801,36.6058445,-77.5625469
66391,FLYING J CARDLOCK #824,HWY 43 & W MOUNTAIN RD,Whitecourt,AB,80,4.8535063,54.137102,-115.695687
66406,LOVES TRAVEL STOPS #317,"I-95, EXIT 4 & SR-629",Skippers,VA,180,3.789,36.605454,-77.560637
66392,MISSILE MART #10,"I-40, EXIT 161",El Dorado,AR,635,3.499,33.208434,-92.720706
66418,FLYING J CARDLOCK #818,HWY 16,Edson,AB,80,4.74116815,55.163688,-118.821862
66410,SIBLEY FOOD FUEL,US-72/SR-20 & CR-150,Courtland                               ,AL,615,3.399,34.686389,-87.309743
66393,VILLAGE PANTRY #5210,"I-74, EXIT 206",Oakwood,IL,280,3.199,40.123655,-87.777519
66418,FLYING J CARDLOCK #818,HWY 16,Edson,AB,80,4.7314019,55.163688,-118.821862
66393,VILLAGE PANTRY #5210,"I-74, EXIT 206",Oakwood,IL,280,3.179,40.123655,-87.777519
66418,FLYING J CARDLOCK #818,HWY 16,Edson,AB,80,4.7303579,55.163688,-118.821862
66396,CIRCLE K #2723988,"I-55, EXIT 61 & SR-38",Kentwood,LA,600,3.299,30.937421,-90.526331
66418,FLYING J CARDLOCK #818,HWY 16,Edson,AB,80,4.73244636,55.163688,-118.821862
66400,PWI #640,"I-10/US-95, EXIT 5",Ehrenberg,AZ,900,3.359,33.605533,-114.524577
66425,CLARK OIL #31,"I-10, EXIT 44",Biloxi                                  ,MS,620,2.849,30.447109,-88.933781
66405,FLYING J FUEL STOP #668,"I-75, EXIT 151",Saginaw,MI,260,3.399,43.451495,-83.894131
66428,SHELL,US-167,Hensley,AR,695,3.589,34.484189,-92.348679
66405,FLYING J FUEL STOP #668,"I-75, EXIT 151",Saginaw,MI,260,3.599,43.451495,-83.894131
66439,JACK FLASH,I-55,Farmersville                            ,IL,574,3.259,39.44502,-89.648566
66439,JACK FLASH,I-55,Farmersville                            ,IL,574,3.199,39.44502,-89.648566
66407,CIRCLE K #2723668,SR-35,Fort Payne,AL,615,3.649,34.438941,-85.756513
66440,BP CONNECT #4701,I-55,Chicago,IL,290,3.569,41.883229,-87.632398
66416,DUCK THRU FOOD STORE #18,US-13,Winton,NC,130,3.56233333,36.390546,-76.936534
66448,HAMMOND TRAVEL CENTER,"I-55, EXIT 31B & US-190/SR-3260",Hammond,LA,600,3.099,30.503699,-90.500449
66418,FLYING J CARDLOCK #818,HWY 16,Edson,AB,80,4.74186729,55.163688,-118.821862
66451,EZ MART #304,M-57,Middleton                               ,MI,406,3.699,43.176767,-84.705138
66418,FLYING J CARDLOCK #818,HWY 16,Edson,AB,80,4.73383969,55.163688,-118.821862
66460,CASH MAGIC BROUSSARD NORTH,"I-49, EXIT 103",Broussard,LA,600,3.399,30.096915,-91.942874
66465,Knapp Truck Stop,"I-64, EXIT 50 & SR-127",Nashville                               ,IL,574,3.299,38.375143,-89.371932
66420,PILOT TRAVEL CENTER #911,I-90 EXIT 47,Superior,MT,820,3.559,47.191603,-114.891232
66461,YESWAY #1167,US-62 & CR-41/CR-168,Ropesville,TX,700,3.04066666,33.412684,-102.156354
66472,DIAMOND #21,"I-65, EXIT 54",Atmore,AL,715,3.259,31.020259813395,-87.504609577384
66422,PLAQUEMINE TRUCK STOP,ST 1                          ,Plaquemine                              ,LA,600,3.999,30.287987282842,-91.238821509278
66475,SPEEDWAY #4346,SR-7,Calexico,CA,900,4.799,32.68564,-115.380152
66424,CIRCLE K #2741652,"I-10, EXIT 139",Phoenix,AZ,930,3.369,33.843233,-112.138689
66487,COMPASS,"I-55, EXIT 282",La Grange                               ,IL,290,3.549,41.812398,-87.869529
66478,LOVES TRAVEL STOP #175,"I-70, EXIT 187",Tecumseh,KS,553,3.289,39.019531,-95.50889
66437,PILOT #4596,"I-81, EXIT 4",White Pine,TN,405,3.699,36.10945,-83.333654
66487,COMPASS,"I-55, EXIT 282",La Grange                               ,IL,290,3.749,41.812398,-87.869529
66447,CIRCLE K #4701207,"U-55, EXIT 220",Dwight,IL,399,3.349,41.094148,-88.4236
66488,HUCKS FOOD & FUEL #54,I-74,Farmer City                             ,IL,280,3.269,40.241803,-88.642573
66449,CITGO,"I-55, EXIT 67",Blytheville                             ,AR,435,3.389,35.928668,-89.878846
66504,COUNTRY BOYS COUNTRY STORE,"I-10, EXIT 813",Hankamer,TX,610,2.86566666,29.841373,-94.646887
66496,EXXON FUEL EXPRESS,"I-10/SR-8, EXIT 31 & SR-87",Milton,FL,155,3.999,30.620452,-86.965244
66454,Fast Stop Shell,I-10,Reserve,LA,600,3.799,30.076532,-90.566079
66507,ST IGNACE TRUCKSTOP,I-75,Saint Ignace                            ,MI,287,3.799,45.856104,-84.736306
66502,SHOP RITE #82,"I-10, EXIT 64",Jennings                                ,LA,690,3.589,30.242661,-92.664341
66456,TEXACO #383124,SR-70,Saint James,LA,623,2.969,30.095717,-90.928614
66512,MARATHON #1554,"I-75, EXIT 21",Newport                                 ,MI,325,3.399,42.00751,-83.317052
66470,CIRCLE K #9068,"I-65, EXIT 181",Millbrook,AL,720,3.21566666,32.491534,-86.4072
66513,SUNRISE STORE,"I-75, EXIT 212",West Branch                             ,MI,260,3.199,44.242035,-84.224721
66474,FAMCO EXPRESS,"I-690, EXIT 8",Syracuse,NY,235,3.299,43.047945,-76.147448
66517,ADMIRAL PETROLEUM #5796,"I-75, EXIT 392",Sault Sainte Marie,MI,287,3.799,46.49214,-84.37405
66514,BIGFOOT TRAVEL CENTER,"I-75, EXIT 29",Hahira,GA,10,3.099,30.991477,-83.389692
66480,LOVES TRAVEL STOP #360,"I-65, EXIT 58 & SR-218 & SR-335",Horse Cave,KY,415,3.429,37.201421,-85.9352823
66518,Racetrac #2622,"I-75, EXIT 60",Valdosta,GA,75,3.03233333,30.818319,-83.319302
66516,ADEL TRUCK PLAZA,"I-75, EXIT 39",Adel,GA,10,2.999,31.138574,-83.444919
66488,HUCKS FOOD & FUEL #54,I-74,Farmer City                             ,IL,280,3.339,40.241803,-88.642573
66525,BP,"I-76, EXIT 6",Luna Pier                               ,MI,550,3.499,41.809589,-83.447006
66523,LOVES TRAVEL STOP #325,"I-75, EXIT 59 & SOUTHWELL BLVD",Tifton,GA,10,3.609,31.465634676134,-83.504555427595
66495,SUPER SAVER EXPRESS,"I-10, EXIT 21",Sulphur                                 ,LA,690,2.999,30.2366559,-93.3678638
66528,GO MART FOOD STORE #99,US-50 & SR-14,Parkersburg,WV,430,3.489,39.291514,-81.545309
66508,SAMS SUNOCO,I-75                          ,Toledo                                  ,OH,550,3.399,41.661625,-83.668093
66534,LOVES TRAVEL STOP #347,"I-70, EXIT 101 & SR-5",Boonville,MO,310,3.509,38.93394,-92.779609
66532,PETRO PLAZA,"I-78, EXIT 17",Hampton,NJ,115,3.26566666,41.071195,-74.742762
66509,FOUR STAR FOOD MART,"I-75, EXIT 122",Lima,OH,411,3.144,40.716798365292,-84.088651849236
66538,KUM & GO #0023,"I-80, EXIT 23",Neola,IA,486,3.15733333,41.438772,-95.612954
66512,MARATHON #1554,"I-75, EXIT 21",Newport                                 ,MI,325,3.299,42.00751,-83.317052
66548,YESWAY #1156,US-84 & SR-289,Lubbock,TX,700,2.95066666,33.5836884,-101.8549534
66550,CIRCLE K #2709663,"I-82, EXIT 730",Umatilla,OR,982,3.639,45.917962,-119.326803
66513,SUNRISE STORE,"I-75, EXIT 212",West Branch                             ,MI,260,3.399,44.242035,-84.224721
66552,GEM STOP,I-84,Marsing,ID,785,3.58566666,43.54578,-116.851092
66525,BP,"I-76, EXIT 6",Luna Pier                               ,MI,550,3.399,41.809589,-83.447006
66556,PILOT TRAVEL CENTER #899- SLIP IN,I-85,South Hill,VA,180,3.959,39.6974957,-86.1847178
66527,TA EXPRESS #648,"I-76, EXIT 90A",Brush,CO,800,4.099,40.266477,-103.621067
66565,KWIK FILL #395,"I-86, EXIT 12",Jamestown,NY,240,4.499,42.125178,-79.239862
66529,7-ELEVEN #36076,"I-77, EXIT 73 & US-421",Hamptonville,NC,65,2.899,36.118245,-80.795275
66565,KWIK FILL #395,"I-86, EXIT 12",Jamestown,NY,240,4.469,42.125178,-79.239862
66531,MIDWAY EXXON TRAVEL CENTER,"I-78, EXIT 16",Bethel                                  ,PA,70,3.359,40.487533,-76.245655
66571,LEXINGTON GULF,"I-128, NORTH MASS PIKE",Lexington                               ,MA,34,4.299,42.4551435,-71.2418522
66537,BECKS EXPRESS MART #26,"I-80, EXIT 19",Geneseo,IL,270,3.269,41.44794,-90.153977
66582,PWI #807,"I-15, EXIT 163 & SR-99",Fillmore,UT,835,3.374,38.96675,-112.323686
66539,SOUTH RIDGE FARM MARKET,"I-80, EXIT 6",Clyde                                   ,OH,550,3.399,41.288190713834,-82.959676206263
66584,MOAPA PAIUTE TRAVEL CENTER,"I-15, EXIT 75",Moapa,NV,910,3.33233333,36.688511558663,-114.66396990915
66588,CUBBYS #402,"I-90, EXIT 330",Mitchell                                ,SD,530,3.149,43.700908,-98.017526
66547,OLD STONE JIFFY MART,"I-81, EXIT 321",Clear Brook,VA,60,3.599,39.25738,-78.102535
66586,CIRCLE K #4707609,US-20 & SR-12,Sangerfield,NY,235,4.099,42.914588,-75.379892
66598,WOODSHED LL,I-166 & I-169,S Coffeyville,OK,307,3.099,36.998488,-95.620721
66553,JACKSONS FOOD STORE #83,"I-84, EXIT 304",Baker City,OR,982,3.599,44.782017,-117.814152
66595,GULF OIL LP #5040,"I-90, EXIT 9",Charlton,MA,34,3.909,42.156506,-71.964223
66601,LOVES TRAVEL STOP #323,"I-69, EXIT 264 & SR-18",Marion,IN,457,3.57566666,35.6580312,-81.9633241
66560,Sunoco,"I-85, EXIT 11",Townville,SC,30,3.199,34.564065,-82.898481
66606,BART INDUSTRIES,"I-91, EXIT 6",Bellows Falls                           ,VT,215,3.709,43.164338299799,-72.454162749911
66607,7-ELEVEN #37392,"I-93, EXIT 5",Londonderry,NH,34,3.799,42.864721,-71.348188
66562,TA EXPRESS FAIR PLAY,"I-85, EXIT 4",Fair Play,SC,16,3.209,34.511245,-82.98561
66608,CASEYS #2650,I-94/US-52 EXIT 135 & CR-173,Melrose,MN,522,3.179,45.674889,-94.810193
66564,SPEEDWAY #6954,US-70,High Point,NC,65,3.049,35.999123,-80.034712
66613,LOVES TRAVEL STOP #362,"I-10, EXIT 7 & SR-3063",Vinton,LA,690,3.30566666,30.172993,-93.5871647
66614,MARATHON,"I-94, EXIT 212A",Detroit,MI,325,3.699,42.382902,-83.082492
66573,Brake Time Corner Market,"I-135, EXIT 14",Wichita,KS,570,3.299,39.012975,-99.88957
66614,MARATHON,"I-94, EXIT 212A",Detroit,MI,325,3.899,42.382902,-83.082492
66615,KWIK TRIP #396,"I-94, EXIT 295",Waukesha,WI,444,3.399,43.058831,-88.204738
66579,GULF OIL LP #5010,"I-90, EXIT 2",Lee,MA,215,3.914,42.304401,-73.246893
66618,CIRCLE K #2723378,I-95,Sumter,SC,42,3.159,33.90358,-80.379872
66624,Sunoco,"I-95, EXIT 25",Croydon                                 ,PA,160,3.659,40.086389,-74.906745
66594,FRIENDLY GUS STORE #23,I-16/SR-19,Dublin,GA,85,3.399,32.493275,-82.983548
66622,DUNCAN TRUCK STOP,"I-95, EXIT 15",Jersey City                             ,NJ,115,3.409,40.724538113183,-74.071752398342
66628,Chevron,"I-95, EXIT 5 & US-17",Hardeeville,SC,42,3.00733333,32.276586,-81.080518
66597,BP,"I-16, EXIT 90 & US-1",Twin City                               ,GA,195,3.78233333,32.403473,-82.305162
66625,EXIT 43 QUICK STOP,"I-95, EXIT 43",Richmond,ME,170,3.76566666,44.098521,-69.8644
66637,BERKLYS TRAVEL CENTER,US-281,Round Mountain,TX,595,3.31566666,30.425076,-98.347774
66603,COFFEE CUP FUEL STOP #7,"I-90, EXIT 406 & SR-11",Brandon,SD,530,2.97733333,43.606189,-96.573641
66631,SPEEDWAY #3589,I-96,Lake Odessa,MI,342,3.599,42.756334,-85.075142
66604,GALLOPS,"I-90, I-80, EXIT 40",La Porte,IN,370,3.549,41.68591,-86.737363
66649,CHOCTAW TRAVEL PLAZA #637,US-59 & CR-E1452,Heavener,OK,645,3.299,34.489683,-96.04971
66635,C  BARN,US-67,Park Hills,MO,540,3.049,37.862561,-90.49694
66612,STOP N GO #1709,"I-94, EXIT 105",Hixton                                  ,WI,295,3.23733333,44.384886,-91.007911
66640,Kent Kwik #928,US-82/SR-6 & SR-5/SR-25,Brent,AL,615,3.099,32.95872,-87.171527
66620,Shell,"I-95, EXIT 130",Ashland,VA,180,3.264,37.76023,-77.454911
66643,DEERFIELD TRAVEL CENTER,"I-55, EXIT 8",Steele,MO,275,2.97566666,36.092733,-89.801565
66632,SHELL FOOD MART AND TRUCKSTOP,I-985,Gainesville,GA,16,3.399,34.298772,-83.829629
66671,CIRCLE K #2723686,US-72,Scottsboro,AL,285,3.26566666,34.64157,-86.050007
66648,CHEVRON,"I-20, EXIT 113",Bessemer,AL,615,3.099,33.40817,-86.966722
66645,ALLSUPS #2390,"I-20/US-84, EXIT 270",Merkel,TX,575,2.87566666,32.467957,-99.983929
66673,MARATHON,SR-72,Huntsville,AL,615,2.979,34.740929,-86.595573
66664,CASEYS #3294,"I-380/SR-27, EXIT 43 & SR-150",Urbana,IA,380,3.449,42.2240056,-91.871412
66659,MARATHON,SR-37,Mitchell                                ,IN,415,3.599,38.735107,-86.492061
66689,ROSCOE TRAVEL PLAZA,"I-20, EXIT 235",Roscoe,TX,575,2.759,32.429912,-100.55297
66669,CIRCLE K #2726032,I-40,Jacksonville,FL,75,3.429,30.288373,-81.633347
66667,CIRCLE K #4701408,"I-36, EXIT 99",Rochelle,IL,520,3.499,41.935613,-89.035073
66670,SPEEDWAY #7930,"I-40, 1126 N MAIN ST",Lillington,NC,63,3.759,35.413037,-78.807495
66668,ACME TRUCK STOP,"I-4, EXIT 96",Orlando                                 ,FL,140,3.399,28.418979,-81.403552
66717,Fast Stop Travel Centers #1131,"I-25/US-87, EXIT 80",Wheatland,WY,795,3.499,41.251104,-110.940066
66676,HUTCH'S #118,"I-40, EXIT 108",Watonga,OK,483,3.099,35.841929,-98.419878
66680,BIG TOP TRAVEL CENTER,"I-20, EXIT 157",Delhi                                   ,LA,760,2.969,32.4571223,-91.4935559
66678,NKS ROYAL TRUCKSTOP,"I-40, EXIT 16",Gallup,NM,580,3.119,35.503978,-108.835514
66725,SPEEDWAY #9662,I-264,Louisville,KY,415,3.029,38.27117,-85.613609
66705,7-ELEVEN,"I-44, EXIT 1/US-287",Wichita Falls,TX,770,2.76066666,33.872799,-98.577052
66683,SUPERSTOP Shell,"I-40, EXIT 192",Stuttgart                               ,AR,695,3.41566666,34.509866,-91.557985
66728,CIRCLE K #2723706,"I-81/US-52, EXIT 72 & I-77, EXIT 41",Wytheville,VA,185,3.349,36.94673,-80.950635
66709,CIRCLE K #2709343,"I-24, EXIT 169",Wildwood,GA,285,3.14566666,34.978294,-85.419631
66693,Allsup Marketplace #2400,"I-40, EXIT 356",San Jon,NM,585,3.059,35.107159,-103.331055
66741,DEANS LANE VALERO,I-295,Monmouth Junction,NJ,230,3.14566666,40.412718704388,-74.522238218709
66715,7-Eleven #34210,"I-25/US-87, EXIT 240 & SR-119",Longmont,CO,800,3.189,40.177549753958,-105.094431248331
66737,THE JUNCTION,US-59 & US-73,Atchison,KS,400,3.279,39.554064,-95.152908
66742,DEEP WATER TRUCK STOP,"I-295, EXIT 2C",Penns Grove,NJ,230,3.279,39.691275,-75.483558
66718,Bartonville SHELL,"I-474, EXIT 6",Peoria,IL,368,4.299,40.650202,-89.652011
66738,TREX MART #9,I-29,Dearborn                                ,MO,400,2.999,39.521949,-94.769909
66747,LOVES TRAVEL STOP #322,"I-90, EXIT 3",Roscoe,IL,290,3.789,42.4554742,-88.9978372
66720,MOUNTAIN ENERGY #126,"I-26, EXIT 13",Hendersonville,NC,210,2.84566666,35.365500142801,-82.482674747671
66739,ZIP TRIP #64,I-29,Brookings                               ,SD,530,3.399,44.307945,-96.798558
66750,LOVES TRAVEL STOP #177,I-35,El Dorado,KS,336,3.25566666,37.817438,-96.858222
66721,USA SPEEDTRAC,"I-49US-167, EXIT 11",Grand Coteau,LA,730,3.399,30.417947,-92.046948
66760,LOVES TRAVEL STOP #326,I-26 EXIT 154A,Orangeburg,SC,135,3.389,33.457938,-80.735372
66751,FAST N FRIENDLY,"I-35, EXIT 132",Emporia                                 ,KS,336,3.65733333,39.115917,-94.648444
66734,Marathon,"I-675, Exit 7",Ellenwood,GA,18,3.009,33.629416,-84.312605
66765,STRIPES #40736,US-77/US-83,Olmito,TX,598,2.999,26.01583,-97.531443
66762,EXXON TIGER MART #44,"US-45,  EXIT 249",Ennis,TX,637,3.099,32.310334,-96.599003
66746,CASEYS #4246,"I-30, EXIT 123",Bryant,AR,695,3.03233333,36.227514938279,-93.188675832058
66767,SPRINT MART #49,"I-22/US-78, EXIT 87 & SR-811",Tupelo,MS,742,2.99233333,34.287864,-88.676073
66773,STRIPES 7FLEET #42475,US-62,Hobbs,NM,700,3.459,32.700807,-103.136211
66749,BIG RIVER #18,"I-310 EXIT 2, & US-61",Saint Rose,LA,725,3.099,29.977301,-90.291212
66771,FLYING J TRAVEL PLAZA #727,"I-69C/US-281, EXIT 8 & FM-1925",Edinburg,TX,639,3.084,26.3363339,-98.1435838
66775,GO MART,US-33 & CR-116,Rockbridge,OH,315,3.499,39.579323,-82.522001
66756,CASEYS #2550,"I-35, EXIT 33 & US-34",Osceola,IA,320,3.339,41.034942,-93.7657
66785,WINFIELD TRUCK STOP,SR-129,Winfield,AL,615,3.659,52.963508,-114.416965
66778,LOVES TRAVEL STOP #169,"I-44, EXIT 179 & US-377/SR-99",Stroud                                  ,OK,560,3.144,35.841097,-98.404633
66761,SPEEDWAY #4589,US-501 & SR-90,Conway,SC,205,3.064,33.859749,-79.056348
66780,DIAMOND #20,"I-65, EXIT 93 & SR-84",Evergreen,AL,720,3.399,31.417691,-87.008977
66763,SPEEDWAY #7998,US-52 & US-74,Wadesboro,NC,46,3.64566666,34.965922,-80.06196
66795,FUEL MART #645,"I-90, EXIT 353",Spencer                                 ,SD,530,3.499,43.727453,-97.58889
66784,Texaco #384529,US-80/SR-8 & SR-14,Selma,AL,720,3.299,32.434442,-87.061404
66769,PETRO STOPPING CENTER #344,"I-95, EXIT 3",Kingsland,GA,75,3.649,30.7939041,-81.6664275
66796,ROYAL FARMS #109,US-13 & SR-404,Bridgeville,DE,243,3.259,38.723854,-75.589332
66786,Circle K #2741791,"I-40, EXIT 175 & SR-31",Lonoke,AR,695,3.139,34.806425,-91.885746
66774,Clark #4667,"I-80/I-90, EXIT 39 & SR-109",Delta,OH,550,3.699,41.573917,-84.003643
66800,CIRCLE K #2743950,I-35,San Antonio,TX,740,2.804,29.482283,-98.459956
66787,TEXACO,"I-59, EXIT 67B",Hattiesburg                             ,MS,620,3.06566666,31.257411,-89.338849
66776,S&G #77,US-224 & US-23,Alvada,OH,411,3.259,41.081666,-83.399654
66802,MOBIL,US-27 & SR-66,Sebring                                 ,FL,140,3.459,27.428652,-81.417421
66788,CIRCLE K #4703626,"I-75, EXIT 60 & SR-68",Sweetwater,TN,285,3.289,35.601396,-84.526654
66799,ONE9 #1403,"I-75/SR-93, EXIT 451 & US-129",Jasper,FL,10,3.259,30.518403054151,-82.948401977739
66803,Stripes,FM-2061 & FM-3072,Pharr,TX,639,3.16566666,26.0926479,-98.2000905
66793,CIRCLE K #2723693,"I-526, EXIT 19 & SR-10-60",Charleston,SC,42,2.97566666,32.861411,-79.908113
66804,PWI #586,"I-80, EXIT 104  & US-191",Rock Springs,WY,835,3.199,41.590479,-109.223373
66799,SHELL DBA ONE9 #1403,"I-75/SR-93, EXIT 451 & US-129",Jasper,FL,10,3.244,30.518403054151,-82.948401977739
66807,QUICK FUEL #5303,"I-35E, EXIT 436A",Dallas,TX,637,3.04566666,32.866037,-96.88374
66815,MAXS #132,US-641 N,Murray,KY,490,3.399,36.641709,-88.309523
66801,SUNSTOP #330,"I-75, EXIT 460 & SR-6",Jennings,FL,75,3.299,30.51505,-83.061774
66809,CASEYS #3449,SR-78,Wapello,IA,380,3.349,41.178962,-91.187081
66816,CIRCLE K #4707082,"I-95, EXIT 132 & SR-139",Fairfield,ME,170,3.899,44.594922,-69.61747
66805,CIRCLE K #2723553,US-27,Ringgold,GA,285,3.07566666,34.965507,-85.194067
66810,QUICK FUEL #3145,SR-83,Bensenville,IL,290,3.509,41.992311,-87.950246
66817,JOLLY TRUCK STOP,US-82/US-287,Wichita Falls,TX,770,2.899,33.869991,-98.347821
66819,ROAD RANGER #265,"I-88, EXIT 54",Dixon,IL,520,3.499,41.822693,-89.475532
66810,QUICK FUEL #3145,SR-83,Bensenville,IL,290,3.449,41.992311,-87.950246
66819,ROAD RANGER #265,"I-88, EXIT 54",Dixon,IL,520,3.479,41.822693,-89.475532
66820,CM BREAUX BRIDGE,"I-10, EXIT 109",Breaux Bridge,LA,600,3.299,30.27636,-91.896904
66810,QUICK FUEL #3145,SR-83,Bensenville,IL,290,3.539,41.992311,-87.950246
66821,DENTON GOOSE CREEK,SR-404/SR-619,Denton                                  ,MD,194,3.259,38.896065,-75.817662
66822,WILD BILL'S,I-78,Sherman                                 ,MS,435,2.919,34.357472,-88.84191
66812,FAMILY EXPRESS #47 (DISCOUNT AVAILABLE),"I-65, EXIT 201 & US-24/US-231",Remington,IN,375,3.55233333,40.765848,-87.153711
66827,FLYING J #860,"QEW, EXIT 5",Fort Erie,ON,430,5.17697241,42.903925,-78.974714
66824,STRIPES #42435,US-87/US-277,San Angelo,TX,740,2.799,31.470289,-100.409963
66813,MCCLURE OIL #59,I-69 EXIT 259,Gas City                                ,IN,457,3.639,40.479881,-85.550976
66827,FLYING J #860,"QEW, EXIT 5",Fort Erie,ON,430,5.17811523,42.903925,-78.974714
66827,FLYING J #860,"QEW, EXIT 5",Fort Erie,ON,430,5.1758301,42.903925,-78.974714
66827,FLYING J #860,"QEW, EXIT 5",Fort Erie,ON,430,5.17963978,42.903925,-78.974714
66827,FLYING J #860,"QEW, EXIT 5",Fort Erie,ON,430,5.18765839,42.903925,-78.974714
66827,FLYING J #860,"QEW, EXIT 5",Fort Erie,ON,430,5.18842336,42.903925,-78.974714
66829,KINGSTON CARDLOCK,"HWY 401, EXIT 611",Kingston                                ,ON,410,3.40169746,44.229907,-76.480456
66829,KINGSTON CARDLOCK,"HWY 401, EXIT 611",Kingston                                ,ON,410,3.39469036,44.229907,-76.480456
66829,KINGSTON CARDLOCK,"HWY 401, EXIT 611",Kingston                                ,ON,410,3.40219907,44.229907,-76.480456
66829,KINGSTON CARDLOCK,"HWY 401, EXIT 611",Kingston                                ,ON,410,3.39543974,44.229907,-76.480456
66831,PETRO-CANADA,HWY 17/ 69,Sudbury                                 ,ON,460,3.47746734,46.24786,-81.760298
66831,PETRO-CANADA,HWY 17/ 69,Sudbury                                 ,ON,460,3.48592833,46.24786,-81.760298
66829,KINGSTON CARDLOCK,"HWY 401, EXIT 611",Kingston                                ,ON,410,3.39394131,44.229907,-76.480456
66831,PETRO-CANADA,HWY 17/ 69,Sudbury                                 ,ON,460,3.48541438,46.24786,-81.760298
66831,PETRO-CANADA,HWY 17/ 69,Sudbury                                 ,ON,460,3.47900265,46.24786,-81.760298
66829,KINGSTON CARDLOCK,"HWY 401, EXIT 611",Kingston                                ,ON,410,3.45216443,44.229907,-76.480456
66834,ROAD RANGER #186,"I-39/US-51, EXIT 27 & SR-2/CR-2200",Minonk,IL,280,3.449,40.912773,-89.053831
66836,FLYING J TRAVEL PLAZA #786,HWY 16,Sherwood Park,AB,80,4.39722401,53.567264,-113.318181
66833,STRIPES #5148,US-281,Pharr,TX,639,3.399,26.0926479,-98.2000905
66843,FLYING J TRAVEL PLAZA #728,"I-10, EXIT 37",El Paso,TX,640,3.09233333,31.6633301,-106.2399313
66836,FLYING J TRAVEL PLAZA #786,HWY 16,Sherwood Park,AB,80,4.39948962,53.567264,-113.318181
66834,ROAD RANGER #186,"I-39/US-51, EXIT 27 & SR-2/CR-2200",Minonk,IL,280,3.339,40.912773,-89.053831
66845,CIRCLE K #2723643,SR-431,Dothan,AL,20,3.58233333,31.25251,-85.392015
66838,RUTTERS #96,US-322 & SR-655,Milroy,PA,14,4.05066666,40.713836,-77.590242
66834,ROAD RANGER #186,"I-39/US-51, EXIT 27 & SR-2/CR-2200",Minonk,IL,280,3.439,40.912773,-89.053831
66846,CIRCLE K #2723664,US-280,Childersburg,AL,615,3.899,33.282291,-86.362116
66847,CIRCLE K #2723667,"I-20, EXIT 185 & SR-21",Oxford,AL,615,2.999,33.601791,-85.832937
66836,FLYING J TRAVEL PLAZA #786,HWY 16,Sherwood Park,AB,80,4.40630048,53.567264,-113.318181
66853,LOVES TRAVEL STOP #327,US-77 & FM-1898,Kingsville,TX,625,3.15566666,27.529892,-97.842195
66848,CIRCLE K #2723695,"I-55, EXIT 265",Senatobia,MS,435,3.199,34.628095,-89.969337
66836,FLYING J TRAVEL PLAZA #786,HWY 16,Sherwood Park,AB,80,4.39625375,53.567264,-113.318181
66854,TA WAPAKONETA TRAVEL CENTER,"I-75, EXIT 111",Wapakoneta                              ,OH,411,3.28233333,40.558452,-84.165325
66856,Speedway #4800,"I-94, EXIT 183",Clearwater,MN,453,3.199,45.366728,-93.975867
66836,FLYING J TRAVEL PLAZA #786,HWY 16,Sherwood Park,AB,80,4.40695023,53.567264,-113.318181
66859,FLYING J TRAVEL PLAZA #791,HWY-11/HWY-12,Saskatoon,SK,575,4.7314019,52.1958257,-106.6685882
66858,LOVES TRAVEL STOP #328,"I-10, EXIT 162",Chandler,AZ,930,3.469,33.279888,-111.962307
66836,FLYING J TRAVEL PLAZA #786,HWY 16,Sherwood Park,AB,80,4.3981947,53.567264,-113.318181
66859,FLYING J TRAVEL PLAZA #791,HWY-11/HWY-12,Saskatoon,SK,575,4.74186729,52.1958257,-106.6685882
66859,FLYING J TRAVEL PLAZA #791,HWY-11/HWY-12,Saskatoon,SK,575,4.51093964,52.1958257,-106.6685882
66844,CIRCLE K #2706984,US-77 & CR-1356,Kingsville,TX,625,2.82233333,27.511998,-97.856254
66859,FLYING J TRAVEL PLAZA #791,HWY-11/HWY-12,Saskatoon,SK,575,4.74116815,52.1958257,-106.6685882
66863,101 TRAVEL PLAZA,"I-40, EXIT 101 & SR-104",Cedar Grove,TN,435,2.999,35.755542,-88.512287
66850,Stripes,ST 77,Riviera,TX,625,3.12566666,27.303811,-97.815388
66859,FLYING J TRAVEL PLAZA #791,HWY-11/HWY-12,Saskatoon,SK,575,4.7303579,52.1958257,-106.6685882
66867,KWIK STAR #212,"US-61, EXIT 156",Maquoketa,IA,335,3.624,42.04906,-90.666274
66859,FLYING J TRAVEL PLAZA #791,HWY-11/HWY-12,Saskatoon,SK,575,4.73244636,52.1958257,-106.6685882
66862,LOVES TRAVEL STOP #330,I-40 EXIT 280 & SR-56,Baxter,TN,460,3.234,36.139857,-85.63033
66868,STRIPES #40604,US-83,Mission,TX,639,2.88233333,26.288411,-98.319279
66876,PILOT TRAVEL CENTERS #156,SR-1633 & SR-813 & SR-9004,Mortons Gap,KY,490,3.629,37.2546512,-87.4482191
66865,FLYING J FUEL STOP #741,US-287/US-281/US-82 & SR-473,Wichita Falls,TX,770,3.12566666,33.90976,-98.500854
66869,SPEEDWAY #4630,US-220 BUS & CR-782,Ridgeway,VA,185,3.409,36.627825,-79.857694
66877,PILOT TRAVEL CENTER #916- TOWN PUMP,US-93 & US-12,Lolo,MT,820,3.609,46.7556295,-114.0823238
66874,FLYING J TRAVEL PLAZA #733,"I-27, EXIT 4 & US-82",Lubbock,TX,700,3.33233333,33.5930939,-101.8416622
66870,PETRO STOPPING CENTER NAPOLEON,"US-24/US-6/CR-3, EXIT 41",Napoleon,OH,550,3.70566666,41.417813,-84.104668
66878,PILOT TRAVEL CENTER #915- TOWN PUMP,"I-90, EXIT 455",Billings,MT,780,3.58066666,45.816254,-108.416876
66880,LOVES TRAVEL STOP #324,I-80 EXIT 242 & SR 339,Mifflinville,PA,138,3.96566666,41.02671,-76.318716
66881,PLAZAGO TRUCKSTOP,US-50/SR-61 & SR-96/SR-14,South Hutchinson,KS,570,3.269,38.008391,-97.941699
66879,TA EXPRESS,"I-40, EXIT 101",Atkins,AR,695,3.34066666,35.22162,-92.825954
66888,LOVES TRAVEL STOP #334,"I-84, EXIT 211 & US-30/SR-24",Heyburn,ID,785,3.89233333,42.56488,-113.740112
66892,LOVES TRAVEL STOP #336,"I-94, EXIT 112",Marshall,MI,385,3.589,42.2798619,-84.9303397
66890,CASEYS #4223,US-25E,Middlesboro,KY,405,3.489,36.602194257001,-83.706234071054
66892,LOVES TRAVEL STOP #336,"I-94, EXIT 112",Marshall,MI,385,3.489,42.2798619,-84.9303397
66893,ONE9 #1291,US-287 & CR-174,Bowie,TX,770,2.91233333,33.466278710199,-94.290082131456
66892,LOVES TRAVEL STOP #336,"I-94, EXIT 112",Marshall,MI,385,3.569,42.2798619,-84.9303397
66899,LOVES TRAVEL STOP #333,"I-77, EXIT 83",Fort Mill,SC,46,3.38066666,35.000638,-80.977974
66894,PILOT TRAVEL CENTERS #259,US-69,Muskogee,OK,560,3.32233333,35.78446,-95.401593
66892,LOVES TRAVEL STOP #336,"I-94, EXIT 112",Marshall,MI,385,3.649,42.2798619,-84.9303397
66900,DODGE CITY PETRO #397,"I-65, EXIT 299 & SR-69",Hanceville,AL,615,3.919,34.052617,-86.871796
66895,TA Express Tonkawa,"I-35, EXIT 40 & US-60",Tonkawa,OK,500,3.294,36.69566,-97.350643
66906,LOVES TRAVEL STOP #331,"I-45, EXIT 272",Hutchins,TX,630,3.10233333,32.624444,-96.693596
66905,CIRCLE K #4707212,SR-27,Raymond,NH,170,3.759,43.039255,-71.161443
66897,FLYING J TRAVEL PLAZA #604,"I-65, EXIT 158",Hope Hull,AL,720,3.309,33.5620988,-86.8306827
66911,LOVES TRAVEL STOP #343,"I-20 & I-59, EXIT 165",Toomsuba,MS,705,3.009,32.4120054,-88.5056052
66908,CIRCLE K #2723708,"I-81, EXIT 77",Wytheville,VA,65,3.36566666,36.94673,-80.950635
66898,PILOT TRAVEL CENTERS #384,"I-95, EXIT 58",Colonial Heights,VA,180,3.799,37.3114791,-77.3910834
66912,LOVES TRAVEL STOP #335,"I-15, EXIT 62 & SR-130",Cedar City,UT,910,3.677,37.677344,-113.061742
66915,CIRCLE K #2723716,"I-81, EXIT 84",Max Meadows,VA,185,3.46233333,36.95199,-80.881244
66902,CIRCLE K #4707239,SR-103,Warner,NH,170,3.93233333,43.289543,-71.834042
66912,LOVES TRAVEL STOPS #335,"I-15, EXIT 62 & SR-130",Cedar City,UT,910,3.649,37.725799,-113.051423
66921,LOVES TRAVEL STOP #338,"I-95/SR-405, EXIT 90 & SR-144",Richmond Hill,GA,195,3.364,31.96067,-81.331652
66914,FLYING J TRAVEL PLAZA #683,"I-95, EXIT 106",Kenly,NC,205,3.709,35.5741247,-78.145926
66918,MINIT MART #647,"I-39, EXIT 35 & SR-17",Wenona,IL,280,3.549,41.0571763,-89.0536061
66922,LOVES TRAVEL STOP #339,"I-20, EXIT 115 & FM-1882",Odessa,TX,710,3.549,31.834230507647,-102.361921990459
66918,MINIT MART #647,"I-39, EXIT 35 & SR-17",Wenona,IL,280,3.499,41.0571763,-89.0536061
66922,LOVES TRAVEL STOPS #339,"I-20, EXIT 115 & FM-1882",Odessa,TX,710,3.549,31.855798,-102.346012
66925,FLYING J TRAVEL PLAZA #714,"I-77, EXIT 73",Rock Hill,SC,46,3.399,34.856689,-81.005187
66920,7-ELEVEN #35562,"I-85, EXIT 32",Charlotte,NC,46,3.379,35.232569836608,-80.835652260715
66923,LOVES TRAVEL STOP #765,"I-85, EXIT 147",Commerce,GA,16,3.21066666,34.2276176,-83.4986064
66929,FLYING J TRAVEL PLAZA #642,"I-255,  EXIT 17",East Saint Louis                        ,IL,540,3.599,38.622934,-90.154935
66927,PILOT TRAVEL CENTERS #41,I-64 EXIT 113 SE QUAD,Mount Sterling                          ,KY,410,3.769,38.0857271,-83.8994466
66927,PILOT TRAVEL CENTER #41,I-64 EXIT 113 SE QUAD,Mount Sterling                          ,KY,410,3.759,38.0857271,-83.8994466
66929,FLYING J TRAVEL PLAZA #642,"I-255,  EXIT 17",East Saint Louis                        ,IL,540,3.389,38.622934,-90.154935
66929,FLYING J TRAVEL PLAZA #642,"I-255,  EXIT 17",East Saint Louis                        ,IL,540,3.499,38.622934,-90.154935
66928,FLYING J TRAVEL PLAZA #730,"I-35/US-83, EXIT 13",Laredo,TX,693,3.599,27.685291,-99.465036
66929,FLYING J TRAVEL PLAZA #642,"I-255,  EXIT 17",East Saint Louis                        ,IL,540,3.699,38.622934,-90.154935
66937,LOVES TRAVEL STOP #341,"I-44, EXIT 189",Rolla,MO,540,3.30066666,37.9817197,-91.7194359
66931,CASEYS #3896,"I-380, EXIT 35",Center Point,IA,380,3.449,42.192674,-91.782743
66932,CIRCLE K #4701444,US-34 & SR-164,Monmouth,IL,345,3.399,40.923273,-90.648317
66946,FLYING J TRAVEL PLAZA #788,TCH-1 & HWY-334,Headingley                              ,MB,900,4.6295456,49.87759,-97.3396476
66932,CIRCLE K #4701444,US-34 & SR-164,Monmouth,IL,345,3.449,40.923273,-90.648317
66935,FRANCIS CREEK TRAVEL PLAZA,SR-41,Francis Creek,WI,444,3.384,44.197799,-87.728036
66941,PILOT TRAVEL CENTERS #367,"I-30, EXIT 87 & 88",Caddo Mills,TX,630,3.169,33.043735,-96.178469
66939,KWIK TRIP #416,SR-172 & CR-GV,De Pere,WI,582,3.39066666,44.449666,-88.08048
66942,MAVERIK COUNTRY STORE #612,"I-15, EXIT 362",Brigham City,UT,835,3.449,41.799908,-111.832766
66944,LOVES TRAVEL STOP #316,"I-95, EXIT 273 & US-1",Ormond Beach,FL,75,3.477,29.3396429,-81.1345362
66944,LOVES TRAVEL STOPS #316,"I-95, EXIT 273 & US-1",Ormond Beach,FL,75,3.489,29.3396429,-81.1345362
66946,FLYING J TRAVEL PLAZA #788,TCH-1 & HWY-334,Headingley                              ,MB,900,4.62000927,49.87759,-97.3396476
66945,PILOT TRAVEL CENTERS #159,"I-64, EXIT 211",Providence Forge,VA,180,3.899,37.5001413,-77.0897132
66946,FLYING J TRAVEL PLAZA #788,TCH-1 & HWY-334,Headingley                              ,MB,900,4.62102914,49.87759,-97.3396476
66947,FLYING J TRAVEL PLAZA #804,"HWY 101,  HWY 90",Winnipeg,MB,900,4.62102914,49.57014,-97.19019
66946,FLYING J TRAVEL PLAZA #788,TCH-1 & HWY-334,Headingley                              ,MB,900,4.61898985,49.87759,-97.3396476
66947,FLYING J TRAVEL PLAZA #804,"HWY 101,  HWY 90",Winnipeg,MB,900,4.61898985,49.57014,-97.19019
66948,CIRCLE K #4707618,"I-481, EXIT 8 & CR-82",East Syracuse,NY,220,3.799,43.127315,-76.078603
66946,FLYING J TRAVEL PLAZA #788,TCH-1 & HWY-334,Headingley                              ,MB,900,4.63022827,49.87759,-97.3396476
66951,BERKLYS TRAVEL CENTER #3,US-377/US-87,Brady,TX,575,3.61566666,31.10671,-99.33317
66955,LOVES TRAVEL STOP #349,"I-8, EXIT 3",Yuma,AZ,900,3.50233333,33.279888,-111.962307
66946,FLYING J TRAVEL PLAZA #788,TCH-1 & HWY-334,Headingley                              ,MB,900,4.62238967,49.87759,-97.3396476
66953,LOVES TRAVEL STOP #355,"I-65, EXIT 16",Memphis,IN,415,3.949,38.48988,-85.767813
66957,LOVES TRAVEL STOP #346,I-65 EXIT 46 & SR-99,Columbia,TN,460,3.789,35.6435312,-86.8916397
66947,FLYING J TRAVEL PLAZA #804,"HWY 101,  HWY 90",Winnipeg,MB,900,4.62238967,49.57014,-97.19019
66956,LOVES TRAVEL STOP #348,"I-69/I-24, EXIT 27 & US-62",Calvert City,KY,490,3.689,37.003736,-88.318732
66958,FLYING J FUEL STOP #813,HWY 2,Airdrie                                 ,AB,50,4.40695023,51.292696,-113.998275
66947,FLYING J TRAVEL PLAZA #804,"HWY 101,  HWY 90",Winnipeg,MB,900,4.62000927,49.57014,-97.19019
66958,FLYING J FUEL STOP #813,HWY 2,Airdrie                                 ,AB,50,4.59317483,51.292696,-113.998275
66959,PILOT TRAVEL CENTERS #388,"I-20 & I-59, EXIT 151",Meridian,MS,705,2.979,32.3456337,-88.7275745
66947,FLYING J TRAVEL PLAZA #804,"HWY 101,  HWY 90",Winnipeg,MB,900,4.63022827,49.57014,-97.19019
66958,FLYING J FUEL STOP #813,HWY 2,Airdrie                                 ,AB,50,4.59114784,51.292696,-113.998275
66962,PILOT TRAVEL CENTERS #242,"I-74, EXIT 109",Shelbyville,IN,375,3.999,39.58348,-85.81804
66947,FLYING J TRAVEL PLAZA #804,"HWY 101,  HWY 90",Winnipeg,MB,900,4.6295456,49.57014,-97.19019
66958,FLYING J FUEL STOP #813,HWY 2,Airdrie                                 ,AB,50,4.39722401,51.292696,-113.998275
66962,PILOT TRAVEL CENTER #242,"I-74, EXIT 109",Shelbyville,IN,375,3.999,39.58348,-85.81804
66954,LOVES TRAVEL STOP #344,I-240 EXIT 21 & US-78/SR-4,Memphis,TN,435,3.249,38.48988,-85.767813
66961,CIRCLE K #2707020,"I-4, EXIT 32 & US-98/SR-700/SR-35",Lakeland,FL,225,3.414,28.044709,-81.907486
66963,SPARTA TRAVEL CENTER,"I-90, EXIT 28",Sparta,WI,420,3.179,43.943617,-90.768987
66958,FLYING J FUEL STOP #813,HWY 2,Airdrie                                 ,AB,50,4.60163996,51.292696,-113.998275
66964,PILOT TRAVEL CENTERS #239,US-30/US-23,Upper Sandusky,OH,411,3.899,40.8339428,-83.2454267
66967,FLYING J #461,"HWY-401, EXIT 56 & HWY-42",Tilbury,ON,620,4.45292033,42.263491,-82.461239
66958,FLYING J FUEL STOP #813,HWY 2,Airdrie                                 ,AB,50,4.59452716,51.292696,-113.998275
66966,LOVES TRAVEL STOP #352,I-71 EXIT 65,Jeffersonville,OH,315,3.42233333,39.620855,-83.612781
66967,FLYING J #461,"HWY-401, EXIT 56 & HWY-42",Tilbury,ON,620,4.45193778,42.263491,-82.461239
66965,EATONTON TRAVEL CENTER,US-441/US/129/SR-24,Eatonton,GA,67,3.249,33.348307,-83.394132
66967,FLYING J #461,"HWY-401, EXIT 56 & HWY-42",Tilbury,ON,620,4.46211176,42.263491,-82.461239
66968,FLYING J TRAVEL PLAZA #675,US-136 & SR-27,Wayland,MO,345,3.30566666,40.3952599,-91.5691986
66967,FLYING J #461,"HWY-401, EXIT 56 & HWY-42",Tilbury,ON,620,4.45390331,42.263491,-82.461239
66967,FLYING J #461,"HWY-401, EXIT 56 & HWY-42",Tilbury,ON,620,4.45521463,42.263491,-82.461239
66972,PETRO STOPPING CENTER #339,"I-90, EXIT 272",Spokane,WA,970,3.999,47.591313,-117.560404
66967,FLYING J #461,"HWY-401, EXIT 56 & HWY-42",Tilbury,ON,620,4.46276974,42.263491,-82.461239
66973,FLYING J TRAVEL PLAZA #835,HWY 59 & WARMAN RD,Winnipeg                                ,MB,900,4.61898985,49.57014,-97.19019
66972,PETRO STOPPING CENTER #339,"I-90, EXIT 272",Spokane,WA,970,3.959,47.591313,-117.560404
66973,FLYING J TRAVEL PLAZA #835,HWY 59 & WARMAN RD,Winnipeg                                ,MB,900,4.63022827,49.57014,-97.19019
66973,FLYING J TRAVEL PLAZA #835,HWY 59 & WARMAN RD,Winnipeg                                ,MB,900,4.6295456,49.57014,-97.19019
66973,FLYING J TRAVEL PLAZA #835,HWY 59 & WARMAN RD,Winnipeg                                ,MB,900,4.62000927,49.57014,-97.19019
66973,FLYING J TRAVEL PLAZA #835,HWY 59 & WARMAN RD,Winnipeg                                ,MB,900,4.62238967,49.57014,-97.19019
66976,FLYING J FUEL STOP #799,"HWY 1, LICKMAN EXIT",Chilliwack                              ,BC,800,4.74186729,49.3655458,-121.4835782
66976,FLYING J FUEL STOP #799,"HWY 1, LICKMAN EXIT",Chilliwack                              ,BC,800,4.73244636,49.3655458,-121.4835782
66973,FLYING J TRAVEL PLAZA #835,HWY 59 & WARMAN RD,Winnipeg                                ,MB,900,4.62102914,49.57014,-97.19019
66977,FLYING J TRAVEL PLAZA #827,HWY 1,Abbotsford                              ,BC,800,4.74186729,49.367428,-121.4955313
66976,FLYING J FUEL STOP #799,"HWY 1, LICKMAN EXIT",Chilliwack                              ,BC,800,4.7314019,49.3655458,-121.4835782
66976,FLYING J FUEL STOP #799,"HWY 1, LICKMAN EXIT",Chilliwack                              ,BC,800,4.74116815,49.3655458,-121.4835782
66976,FLYING J FUEL STOP #799,"HWY 1, LICKMAN EXIT",Chilliwack                              ,BC,800,4.7303579,49.3655458,-121.4835782
66978,FLYING J FUEL STOP #805,HWY 27 & ALBION RD,Etobicoke,ON,720,4.45292033,43.643612,-79.565253
66976,FLYING J FUEL STOP #799,"HWY 1, LICKMAN EXIT",Chilliwack                              ,BC,800,4.73383969,49.3655458,-121.4835782
66978,FLYING J FUEL STOP #805,HWY 27 & ALBION RD,Etobicoke,ON,720,4.46276974,43.643612,-79.565253
66977,FLYING J TRAVEL PLAZA #827,HWY 1,Abbotsford                              ,BC,800,4.73244636,49.367428,-121.4955313
66977,FLYING J TRAVEL PLAZA #827,HWY 1,Abbotsford                              ,BC,800,4.74116815,49.367428,-121.4955313
66979,FLYING J CARDLOCK #820,HWY 40 S,Grande Prairie,AB,80,5.01246474,55.163688,-118.821862
66977,FLYING J TRAVEL PLAZA #827,HWY 1,Abbotsford                              ,BC,800,4.7303579,49.367428,-121.4955313
66978,FLYING J FUEL STOP #805,HWY 27 & ALBION RD,Etobicoke,ON,720,4.46211176,43.643612,-79.565253
66979,FLYING J CARDLOCK #820,HWY 40 S,Grande Prairie,AB,80,5.02096483,55.163688,-118.821862
66977,FLYING J TRAVEL PLAZA #827,HWY 1,Abbotsford                              ,BC,800,4.73383969,49.367428,-121.4955313
66978,FLYING J FUEL STOP #805,HWY 27 & ALBION RD,Etobicoke,ON,720,4.45193778,43.643612,-79.565253
66979,FLYING J CARDLOCK #820,HWY 40 S,Grande Prairie,AB,80,5.00988347,55.163688,-118.821862
66977,FLYING J TRAVEL PLAZA #827,HWY 1,Abbotsford                              ,BC,800,4.7314019,49.367428,-121.4955313
66979,FLYING J CARDLOCK #820,HWY 40 S,Grande Prairie,AB,80,5.00877802,55.163688,-118.821862
66981,FLYING J CARDLOCK #830,ALASKY HWYN & 17TH ST,Dawson Creek,BC,80,5.17811523,55.760827,-120.235658
66978,FLYING J FUEL STOP #805,HWY 27 & ALBION RD,Etobicoke,ON,720,4.45390331,43.643612,-79.565253
66981,FLYING J CARDLOCK #830,ALASKY HWYN & 17TH ST,Dawson Creek,BC,80,5.1758301,55.760827,-120.235658
66981,FLYING J CARDLOCK #830,ALASKY HWYN & 17TH ST,Dawson Creek,BC,80,5.18765839,55.760827,-120.235658
66978,FLYING J FUEL STOP #805,HWY 27 & ALBION RD,Etobicoke,ON,720,4.45521463,43.643612,-79.565253
66983,FLYING J FUEL STOP #801,HWY 97 SOUTH,Prince George                           ,BC,850,4.953094,53.913554,-122.750218
66981,FLYING J CARDLOCK #830,ALASKY HWYN & 17TH ST,Dawson Creek,BC,80,5.17963978,55.760827,-120.235658
66979,FLYING J CARDLOCK #820,HWY 40 S,Grande Prairie,AB,80,5.0109894,55.163688,-118.821862
66983,FLYING J FUEL STOP #801,HWY 97 SOUTH,Prince George                           ,BC,850,4.95418716,53.913554,-122.750218
66983,FLYING J FUEL STOP #801,HWY 97 SOUTH,Prince George                           ,BC,850,4.96441327,53.913554,-122.750218
66979,FLYING J CARDLOCK #820,HWY 40 S,Grande Prairie,AB,80,5.02022455,55.163688,-118.821862
66984,FLYING J TRAVEL PLAZA #807,HWY 401,Mississauga,ON,720,4.45292033,43.58882,-79.644378
66983,FLYING J FUEL STOP #801,HWY 97 SOUTH,Prince George                           ,BC,850,4.96514532,53.913554,-122.750218
66981,FLYING J CARDLOCK #830,ALASKY HWYN & 17TH ST,Dawson Creek,BC,80,5.18842336,55.760827,-120.235658
66986,FLYING J CARDLOCK #832,HWY 1,New Westminster,BC,800,5.17697241,49.20686,-122.911229
66984,FLYING J TRAVEL PLAZA #807,HWY 401,Mississauga,ON,720,4.45193778,43.58882,-79.644378
66981,FLYING J CARDLOCK #830,ALASKY HWYN & 17TH ST,Dawson Creek,BC,80,5.17697241,55.760827,-120.235658
66986,FLYING J CARDLOCK #832,HWY 1,New Westminster,BC,800,5.17963978,49.20686,-122.911229
66983,FLYING J FUEL STOP #801,HWY 97 SOUTH,Prince George                           ,BC,850,4.95528079,53.913554,-122.750218
66986,FLYING J CARDLOCK #832,HWY 1,New Westminster,BC,800,5.18842336,49.20686,-122.911229
66986,FLYING J CARDLOCK #832,HWY 1,New Westminster,BC,800,5.17811523,49.20686,-122.911229
66983,FLYING J FUEL STOP #801,HWY 97 SOUTH,Prince George                           ,BC,850,4.95673973,53.913554,-122.750218
66984,FLYING J TRAVEL PLAZA #807,HWY 401,Mississauga,ON,720,4.45521463,43.58882,-79.644378
66984,FLYING J TRAVEL PLAZA #807,HWY 401,Mississauga,ON,720,4.46211176,43.58882,-79.644378
66984,FLYING J TRAVEL PLAZA #807,HWY 401,Mississauga,ON,720,4.46276974,43.58882,-79.644378
66988,FLYING J CARDLOCK #821,HWY-3 & HWY-4,Lethbridge,AB,50,4.62000927,49.69349,-112.84184
66984,FLYING J TRAVEL PLAZA #807,HWY 401,Mississauga,ON,720,4.45390331,43.58882,-79.644378
66991,FLYING J TRAVEL PLAZA #793,HWY 1,Calgary,AB,50,4.39722401,50.9482185,-113.9806042
66991,FLYING J TRAVEL PLAZA #793,HWY 1,Calgary,AB,50,4.59114784,50.9482185,-113.9806042
66986,FLYING J CARDLOCK #832,HWY 1,New Westminster,BC,800,5.18765839,49.20686,-122.911229
66986,FLYING J CARDLOCK #832,HWY 1,New Westminster,BC,800,5.1758301,49.20686,-122.911229
66991,FLYING J TRAVEL PLAZA #793,HWY 1,Calgary,AB,50,4.59317483,50.9482185,-113.9806042
66987,LOVES TRAVEL STOP #354,"US-78 & I-20, EXIT 172",Thomson,GA,135,3.849,33.51431,-82.50368
66992,FLYING J CARDLOCK #814,HWY 1,Calgary,AB,50,4.59452716,51.075,-114.005
66992,FLYING J CARDLOCK #814,HWY 1,Calgary,AB,50,4.59317483,51.075,-114.005
66988,FLYING J CARDLOCK #821,HWY-3 & HWY-4,Lethbridge,AB,50,4.62102914,49.69349,-112.84184
66992,FLYING J CARDLOCK #814,HWY 1,Calgary,AB,50,4.59114784,51.075,-114.005
66992,FLYING J CARDLOCK #814,HWY 1,Calgary,AB,50,4.60163996,51.075,-114.005
66988,FLYING J CARDLOCK #821,HWY-3 & HWY-4,Lethbridge,AB,50,4.63022827,49.69349,-112.84184
66992,FLYING J CARDLOCK #814,HWY 1,Calgary,AB,50,4.60231851,51.075,-114.005
66993,PILOT TRAVEL CENTERS #198,US-30 & US-31,Plymouth,IN,465,3.869,41.34168,-86.263719
66988,FLYING J CARDLOCK #821,HWY-3 & HWY-4,Lethbridge,AB,50,4.61898985,49.69349,-112.84184
66992,FLYING J CARDLOCK #814,HWY 1,Calgary,AB,50,4.59216111,51.075,-114.005
66993,PILOT TRAVEL CENTER #198,US-30 & US-31,Plymouth,IN,465,3.859,41.34168,-86.263719
66988,FLYING J CARDLOCK #821,HWY-3 & HWY-4,Lethbridge,AB,50,4.6295456,49.69349,-112.84184
66994,PILOT TRAVEL CENTERS #303,US-24/US-6 & SR-108,Napoleon                                ,OH,550,3.71066666,41.41677,-84.10512
66997,LOVES TRAVEL STOP #289,"I-20, EXIT 49 & SR-531",Minden,LA,745,3.149,32.58212,-93.24938
66988,FLYING J CARDLOCK #821,HWY-3 & HWY-4,Lethbridge,AB,50,4.62238967,49.69349,-112.84184
67007,FLYING J TRAVEL PLAZA #795,HWY 2,Nisku                                   ,AB,80,4.40630048,50.0530486,-110.7326567
67007,FLYING J TRAVEL PLAZA #795,HWY 2,Nisku                                   ,AB,80,4.39722401,50.0530486,-110.7326567
66991,FLYING J TRAVEL PLAZA #793,HWY 1,Calgary,AB,50,4.59452716,50.9482185,-113.9806042
67007,FLYING J TRAVEL PLAZA #795,HWY 2,Nisku                                   ,AB,80,4.39948962,50.0530486,-110.7326567
67007,FLYING J TRAVEL PLAZA #795,HWY 2,Nisku                                   ,AB,80,4.40695023,50.0530486,-110.7326567
66991,FLYING J TRAVEL PLAZA #793,HWY 1,Calgary,AB,50,4.60163996,50.9482185,-113.9806042
67007,FLYING J TRAVEL PLAZA #795,HWY 2,Nisku                                   ,AB,80,4.39625375,50.0530486,-110.7326567
67008,TA ST LOUIS EAST TRAVEL CENTER,"I-55, EXIT 18",Troy,IL,574,3.619,38.729093,-89.883221
66991,FLYING J TRAVEL PLAZA #793,HWY 1,Calgary,AB,50,4.60231851,50.9482185,-113.9806042
67008,TA ST LOUIS EAST TRAVEL CENTER,"I-55, EXIT 18",Troy,IL,574,3.489,38.729093,-89.883221
67007,FLYING J TRAVEL PLAZA #795,HWY 2,Nisku                                   ,AB,80,4.3981947,50.0530486,-110.7326567
66995,PILOT TRAVEL CENTERS #322,"I-86, EXIT 37",Bath,NY,190,4.499,42.377631,-77.363764
67008,TA ST LOUIS EAST TRAVEL CENTER,"I-55, EXIT 18",Troy,IL,574,3.379,38.729093,-89.883221
67008,TA ST LOUIS EAST TRAVEL CENTER,"I-55, EXIT 18",Troy,IL,574,3.439,38.729093,-89.883221
67011,FLYING J CARDLOCK #844,HWY 16,Yorkton                                 ,SK,550,4.90860199,50.46409,-104.562691
67008,TA ST LOUIS EAST TRAVEL CENTER,"I-55, EXIT 18",Troy,IL,574,3.439,38.729093,-89.883221
67009,PILOT TRAVEL CENTER #407,"I-35, EXIT 194",Clear Lake,IA,433,3.659,43.145133,-93.358466
67011,FLYING J CARDLOCK #844,HWY 16,Yorkton                                 ,SK,550,4.89740997,50.46409,-104.562691
67008,TA ST LOUIS EAST TRAVEL CENTER,"I-55, EXIT 18",Troy,IL,574,3.629,38.729093,-89.883221
67009,PILOT TRAVEL CENTERS #407,"I-35, EXIT 194",Clear Lake,IA,433,3.659,43.145133,-93.358466
67014,FLYING J FUEL STOP #803,HWY 1 EAST,Portage La Prairie                      ,MB,900,4.61898985,49.972766,-98.290463
67011,FLYING J CARDLOCK #844,HWY 16,Yorkton                                 ,SK,550,4.90101472,50.46409,-104.562691
67011,FLYING J CARDLOCK #844,HWY 16,Yorkton                                 ,SK,550,4.89957219,50.46409,-104.562691
67016,FLYING J CARDLOCK #842,HWY 11,Regina,SK,550,4.7314019,50.4653677,-104.5651092
67011,FLYING J CARDLOCK #844,HWY 16,Yorkton                                 ,SK,550,4.89849084,50.46409,-104.562691
67014,FLYING J FUEL STOP #803,HWY 1 EAST,Portage La Prairie                      ,MB,900,4.63022827,49.972766,-98.290463
67016,FLYING J CARDLOCK #842,HWY 11,Regina,SK,550,4.73383969,50.4653677,-104.5651092
67014,FLYING J FUEL STOP #803,HWY 1 EAST,Portage La Prairie                      ,MB,900,4.62238967,49.972766,-98.290463
67011,FLYING J CARDLOCK #844,HWY 16,Yorkton                                 ,SK,550,4.90932581,50.46409,-104.562691
67018,FLYING J CARDLOCK #822,HWY 16,Lloydminster,AB,80,4.57440876,53.284256,-110.012364
67014,FLYING J FUEL STOP #803,HWY 1 EAST,Portage La Prairie                      ,MB,900,4.6295456,49.972766,-98.290463
67014,FLYING J FUEL STOP #803,HWY 1 EAST,Portage La Prairie                      ,MB,900,4.62000927,49.972766,-98.290463
67018,FLYING J CARDLOCK #822,HWY 16,Lloydminster,AB,80,4.57373432,53.284256,-110.012364
67014,FLYING J FUEL STOP #803,HWY 1 EAST,Portage La Prairie                      ,MB,900,4.62102914,49.972766,-98.290463
67016,FLYING J CARDLOCK #842,HWY 11,Regina,SK,550,4.74186729,50.4653677,-104.5651092
67018,FLYING J CARDLOCK #822,HWY 16,Lloydminster,AB,80,4.56431296,53.284256,-110.012364
67016,FLYING J CARDLOCK #842,HWY 11,Regina,SK,550,4.74116815,50.4653677,-104.5651092
67016,FLYING J CARDLOCK #842,HWY 11,Regina,SK,550,4.73244636,50.4653677,-104.5651092
67019,FLYING J CARDLOCK #829,HWY 3,Creston                                 ,BC,50,5.15177727,49.537083,-115.752697
67016,FLYING J CARDLOCK #842,HWY 11,Regina,SK,550,4.7303579,50.4653677,-104.5651092
67019,FLYING J CARDLOCK #829,HWY 3,Creston                                 ,BC,50,5.1605136,49.537083,-115.752697
67019,FLYING J CARDLOCK #829,HWY 3,Creston                                 ,BC,50,5.14912426,49.537083,-115.752697
67020,FLYING J CARDLOCK #828,HWY 95A,Cranbrook,BC,50,5.01246474,49.537083,-115.752697
67018,FLYING J CARDLOCK #822,HWY 16,Lloydminster,AB,80,4.56532053,53.284256,-110.012364
67019,FLYING J CARDLOCK #829,HWY 3,Creston                                 ,BC,50,5.14798808,49.537083,-115.752697
67020,FLYING J CARDLOCK #828,HWY 95A,Cranbrook,BC,50,5.00988347,49.537083,-115.752697
67018,FLYING J CARDLOCK #822,HWY 16,Lloydminster,AB,80,4.56330583,53.284256,-110.012364
67020,FLYING J CARDLOCK #828,HWY 95A,Cranbrook,BC,50,5.0109894,49.537083,-115.752697
67020,FLYING J CARDLOCK #828,HWY 95A,Cranbrook,BC,50,5.00877802,49.537083,-115.752697
67018,FLYING J CARDLOCK #822,HWY 16,Lloydminster,AB,80,4.56666465,53.284256,-110.012364
67024,FLYING J FUEL STOP #811,HWY-1,Moose Jaw,SK,550,4.62000927,50.427092,-105.545469
67020,FLYING J CARDLOCK #828,HWY 95A,Cranbrook,BC,50,5.02096483,49.537083,-115.752697
67019,FLYING J CARDLOCK #829,HWY 3,Creston                                 ,BC,50,5.15975275,49.537083,-115.752697
67024,FLYING J FUEL STOP #811,HWY-1,Moose Jaw,SK,550,4.61898985,50.427092,-105.545469
67024,FLYING J FUEL STOP #811,HWY-1,Moose Jaw,SK,550,4.6295456,50.427092,-105.545469
67019,FLYING J CARDLOCK #829,HWY 3,Creston                                 ,BC,50,5.15026093,49.537083,-115.752697
67024,FLYING J FUEL STOP #811,HWY-1,Moose Jaw,SK,550,4.62238967,50.427092,-105.545469
67024,FLYING J FUEL STOP #811,HWY-1,Moose Jaw,SK,550,4.63022827,50.427092,-105.545469
67020,FLYING J CARDLOCK #828,HWY 95A,Cranbrook,BC,50,5.02022455,49.537083,-115.752697
67027,FLYING J FUEL STOP #806,HWY 11,Kapuskasing,ON,460,5.28953245,49.415094,-82.431045
67031,FLYING J CARDLOCK #798,HWY 91,Delta,BC,800,5.17963978,49.537083,-115.752697
67024,FLYING J FUEL STOP #811,HWY-1,Moose Jaw,SK,550,4.62102914,50.427092,-105.545469
67027,FLYING J FUEL STOP #806,HWY 11,Kapuskasing,ON,460,5.2910898,49.415094,-82.431045
67031,FLYING J CARDLOCK #798,HWY 91,Delta,BC,800,5.18765839,49.537083,-115.752697
67027,FLYING J FUEL STOP #806,HWY 11,Kapuskasing,ON,460,5.30006238,49.415094,-82.431045
67027,FLYING J FUEL STOP #806,HWY 11,Kapuskasing,ON,460,5.28719815,49.415094,-82.431045
67034,LOVES TRAVEL STOP #356,"I-75, EXIT 167",North Baltimore,OH,550,3.34733333,41.1732381,-83.6522107
67030,LOVES TRAVEL STOP #337,"I-90 & I-35, EXIT 11",Albert Lea,MN,515,4.089,43.659716,-93.315324
67027,FLYING J FUEL STOP #806,HWY 11,Kapuskasing,ON,460,5.29928094,49.415094,-82.431045
67039,ROAD RANGER #145,"I-44, EXIT 275",Fenton,MO,540,3.359,38.5435,-90.439983
67031,FLYING J CARDLOCK #798,HWY 91,Delta,BC,800,5.18842336,49.537083,-115.752697
67027,FLYING J FUEL STOP #806,HWY 11,Kapuskasing,ON,460,5.28836504,49.415094,-82.431045
67031,FLYING J CARDLOCK #798,HWY 91,Delta,BC,800,5.17811523,49.537083,-115.752697
67038,PILOT TRAVEL CENTER #260,US-82/SR-520 & SR-300,Albany,GA,10,3.799,31.5809011,-84.0854989
67031,FLYING J CARDLOCK #798,HWY 91,Delta,BC,800,5.17697241,49.537083,-115.752697
67040,FLYING J TRAVEL PLAZA #603,US-431/SR-210 & US-231/SR-1,Dothan,AL,20,3.999,33.5620988,-86.8306827
67038,PILOT TRAVEL CENTERS #260,US-82/SR-520 & SR-300,Albany,GA,10,3.799,31.5809011,-84.0854989
67031,FLYING J CARDLOCK #798,HWY 91,Delta,BC,800,5.1758301,49.537083,-115.752697
67044,PILOT TRAVEL CENTER #1212,"I-10, EXIT 45",Salome,AZ,930,3.959,35.238602,-111.822032
67041,CIRCLE K #4707040,"I-95, EXIT 133 & US-201",Skowhegan,ME,170,3.72566666,44.78544,-69.731939
67037,LOVES TRAVEL STOP #332,I-71 EXIT 204,Burbank,OH,305,3.689,40.996186,-81.9959664
67044,PILOT #1212,"I-10, EXIT 45",Salome,AZ,930,3.959,33.633544,-113.768442
67049,FLYING J TRAVEL PLAZA #785,"HWY 2, EXIT 240",Calgary                                 ,AB,50,4.59114784,50.9482185,-113.9806042
67047,Circle K #2746490,"I-90, EXIT 332",Mitchell,SD,455,3.064,43.693401,-98.01522
67049,FLYING J TRAVEL PLAZA #785,"HWY 2, EXIT 240",Calgary                                 ,AB,50,4.59317483,50.9482185,-113.9806042
67054,LOVES TRAVEL STOPS #436,"I-80, EXIT 118",Salt Lake City,UT,835,3.649,40.7699088,-111.9410218
67049,FLYING J TRAVEL PLAZA #785,"HWY 2, EXIT 240",Calgary                                 ,AB,50,4.60163996,50.9482185,-113.9806042
67049,FLYING J TRAVEL PLAZA #785,"HWY 2, EXIT 240",Calgary                                 ,AB,50,4.59216111,50.9482185,-113.9806042
67058,PILOT TRAVEL CENTER #368,"I-72, EXIT 144",Decatur                                 ,IL,280,3.559,39.4190424,-87.6953213
67051,PILOT TRAVEL CENTERS #208,"I-44, EXIT 257",Pacific                                 ,MO,540,3.324,38.486989,-90.758125
67049,FLYING J TRAVEL PLAZA #785,"HWY 2, EXIT 240",Calgary                                 ,AB,50,4.60231851,50.9482185,-113.9806042
67054,LOVES TRAVEL STOP #436,"I-80, EXIT 118",Salt Lake City,UT,835,3.777,40.7699088,-111.9410218
67049,FLYING J TRAVEL PLAZA #785,"HWY 2, EXIT 240",Calgary                                 ,AB,50,4.59452716,50.9482185,-113.9806042
67063,PILOT TRAVEL CENTERS #330,"I-35, EXIT 184 SW",New Braunfels,TX,740,3.399,29.6776807,-98.1584213
67058,PILOT TRAVEL CENTER #368,"I-72, EXIT 144",Decatur                                 ,IL,280,3.459,39.4190424,-87.6953213
67053,TA LAREDO TRAVEL CENTER,"I-35/US-83, EXIT 13",Laredo,TX,693,3.649,27.759551,-99.437126
67064,LOVES TRAVEL STOP #385,"I-40, EXIT 101 & US-281",Hinton,OK,483,3.38566666,35.526501,-98.351607
67058,PILOT TRAVEL CENTERS #368,"I-72, EXIT 144",Decatur                                 ,IL,280,3.499,39.4190424,-87.6953213
67055,FLYING J TRAVEL PLAZA #641,I-15,Mccammon,ID,825,3.749,42.6597039,-112.205366
67066,LOVES TRAVEL STOP #361,"I-80, EXIT 168",Newton,IA,320,3.76233333,41.680208,-92.997764
67067,LOVES TRAVEL STOP #377,"I-76/US-6, EXIT 31 & SR-52",Hudson,CO,800,3.459,40.0776593,-104.6487978
67056,Arco,US-2 & US-59,Erskine,MN,355,3.399,47.662472,-95.985019
67071,FAS MART #5154,"I-270, EXIT 3 & SR-3",Hartford,IL,574,3.279,38.814233,-90.097656
67071,FAS MART #5154,"I-270, EXIT 3 & SR-3",Hartford,IL,574,3.299,38.814233,-90.097656
67057,PILOT TRAVEL CENTERS #146,"I-90, EXIT 12",Castleton On Hudson,NY,12,3.999,42.498623,-73.6736609
67076,CASH MAGIC LUCKY MAGNOLIA,SR-63/SR-16,Denham Springs,LA,600,3.399,30.4813946,-90.9559705
67073,PILOT TRAVEL CENTERS #81,"I-79, EXIT 99",Portersville,PA,165,4.259,40.9643308,-80.1409047
67058,PILOT TRAVEL CENTERS #368,"I-72, EXIT 144",Decatur                                 ,IL,280,3.599,39.4190424,-87.6953213
67075,CM FOREST GOLD,SR-16,Amite,LA,600,3.399,30.7157,-90.5681
67082,PILOT TRAVEL CENTERS #179,"I-81, EXIT 5-B",Hagerstown,MD,22,3.959,39.629796,-77.78278
67060,PILOT TRAVEL CENTERS #151,"I-5, EXIT 99NE",Olympia,WA,977,4.599,46.9529427,-122.9344369
67077,CASH MAGIC BROUSSARD SOUTH,US-90,Broussard,LA,600,3.399,30.081179,-91.940567
67065,TA GREENWOOD TRAVEL CENTER,"I-20, EXIT 5 & US-79",Greenwood,LA,745,3.16566666,32.446027,-93.949269
67078,CASH MAGIC SILVER FOX,SR-63/SR-16,Denham Springs,LA,600,3.399,30.650985,-90.903251
67069,FLYING J FUEL STOP #621,"I-70, EXIT 359 & US-24",Limon,CO,800,3.899,39.275487,-103.708996
67081,LOVES TRAVEL STOP #376,"I-85/SR-403, EXIT 28 & SR-54/SR-100",Hogansville,GA,18,3.689,33.159546,-84.871349
67069,FLYING J TRAVEL PLAZA #621,"I-70, EXIT 359 & US-24",Limon,CO,800,3.874,39.27512,-103.708707
67088,PILOT #4580,"I-26, EXIT 82",Prosperity,SC,30,3.42566666,34.240408,-81.459305
67070,CASEYS #4225,"SR-155N, EXIT 26-A",Nashville,TN,460,3.06233333,36.201024195059,-86.596299863677
67096,SPEEDWAY #6997,I-95/US-301,Fayetteville,NC,63,3.39566666,35.047618,-78.864763
67092,SPEEDWAY #8288,US-64 & SR-149,Plymouth,NC,177,3.20733333,35.834837,-76.765252
67085,PILOT TRAVEL CENTERS #210,"I-287, EXIT 66 & SR-17",Mahwah,NJ,105,3.899,41.092486,-74.155647
67097,SPEEDWAY #8298,SR-11/SR-55,Kinston,NC,205,3.353,35.263148,-77.641109
67094,SPEEDWAY #7943,US-64/SR-49 & US-220,Asheboro,NC,65,3.54233333,35.687545,-79.820549
67086,SPEEDWAY #7945,SR-24,Swansboro,NC,205,3.699,34.696759,-77.139454
67103,SPEEDWAY #8225,US-13/US-17 & US-64,Williamston,NC,205,3.849,35.849098,-77.049994
67101,SPEEDWAY #7974,US-601 & SR-24/SR-27,Midland,NC,46,3.429,35.251039,-80.50174
67087,SPEEDWAY #8189,"I-40, EXIT 408 & SR-210 & US-117",Rocky Point,NC,245,3.60566666,34.43912,-77.880064
67107,SPEEDWAY/7fleet #4595,US-501 & SR-544,Conway,SC,205,3.089,33.859749,-79.056348
67106,PILOT TRAVEL CENTER #4656,"I-295, EXIT 3-A & US-460",Disputanta,VA,180,3.57233333,37.1842977,-77.3184123
67090,LOVES TRAVEL STOP #373,US-69 & PLATTER RD,Calera,OK,253,3.229,33.881278,-96.500387
67108,SPEEDWAY/7fleet #4594,SR-90,Longs,SC,205,3.309,33.855011,-78.815203
67113,COLUMBUS WEST TRAVEL CENTER,"US-151, EXIT 118",Columbus,WI,420,3.119,43.3533943,-89.0370184
67091,SPEEDWAY #7903,SR-211,Raeford,NC,63,3.699,34.988745,-79.25113
67115,CIRCLE K #3912,"I-24/SR-27, EXIT 155 & SR-28",Jasper,TN,285,2.889,35.074076,-85.616587
67114,SPEEDWAY #1415,"I-57, EXIT 306 & US-45/US-52",Kankakee,IL,280,3.339,41.118244,-87.897214
67095,SPEEDWAY #8297,US-17 & US-17 BYP,Chocowinity,NC,205,3.13233333,35.519043,-77.092166
67120,LOVES TRAVEL STOP #379,"I-10 & CR 255, EXIT 262 SW",Lee,FL,20,3.789,26.7132039,-81.8141157
67117,MCCLURE OIL #65,US-31 & SR-38,Cicero                                  ,IN,375,3.889,40.100981,-86.127412
67109,SPEEDWAY #4676,US-13/SR-32,Suffolk,VA,130,3.799,36.689465,-76.608953
67121,BETTY BEAVERS TRUCKSTOP,"I-88, EXIT 12 & CR-48",Otego                                   ,NY,12,3.819,44.281757,-73.538671
67125,LOVES TRAVEL STOP #370,I-80 EXIT 234,Hubbard,OH,573,3.46566666,41.17322,-80.56975
67114,SPEEDWAY #1415,"I-57, EXIT 306 & US-45/US-52",Kankakee,IL,280,3.379,41.118244,-87.897214
67122,WORKMANS TRAVEL CENTER,"I-540, EXIT 24 & SR-282",Alma,AR,735,3.37233333,35.523772,-93.86415
67126,PILOT TRAVEL CENTERS #366,"I-40, EXIT 85 CHRISTMASVILLE RD",Jackson,TN,435,3.509,35.682815,-88.777142
67118,ABELS QUIK SHOP #20,US-36 & CR-437,Hannibal,MO,540,3.06566666,39.704996,-91.3853861
67129,PILOT TRAVEL CENTERS #920,"I-70, EXIT 54",Colby,KS,525,3.649,39.364639,-101.032478
67127,LOVES TRAVEL STOP #381,"I-65, EXIT 322 & CR-55",Falkville,AL,615,3.849,34.368774,-86.908456
67119,EASTWAY TRUCKSTOP,SR-80,Somerset,KY,410,3.599,37.0920786,-84.6046682
67130,Pilot Travel Center #473,"I-55, EXIT 248 & US-6",Channahon                               ,IL,290,3.459,39.4190424,-87.6953213
67130,Pilot Travel Centers #473,"I-55, EXIT 248 & US-6",Channahon                               ,IL,290,3.499,39.4190424,-87.6953213
67129,PILOT TRAVEL CENTER #920,"I-70, EXIT 54",Colby,KS,525,3.634,39.364639,-101.032478
67133,LOVES TRAVEL STOP #365,I-80 EXIT 352,Wells,NV,835,3.71566666,41.0989571,-114.9599457
67130,Pilot Travel Centers #473,"I-55, EXIT 248 & US-6",Channahon                               ,IL,290,3.359,39.4190424,-87.6953213
67130,Pilot Travel Centers #473,"I-55, EXIT 248 & US-6",Channahon                               ,IL,290,3.399,39.4190424,-87.6953213
67130,Pilot Travel Center #473,"I-55, EXIT 248 & US-6",Channahon                               ,IL,290,3.599,39.4190424,-87.6953213
67150,Maverik Country Store #5119,"US-30, EXIT 150",Ames,IA,320,3.08233333,41.877146,-93.56727
67130,Pilot Travel Center #473,"I-55, EXIT 248 & US-6",Channahon                               ,IL,290,3.399,39.4190424,-87.6953213
67155,PILOT TRAVEL CENTER #1219,"I-70, EXIT 61",Vandalia,IL,540,3.699,38.9708628,-89.137286
67140,Maverik Country Store #5069,I-35 EXIT 133,Ellsworth,IA,320,3.09566666,42.310509,-93.575597
67137,PILOT TRAVEL CENTERS #485,"I-80, EXIT 173",Winnemucca                              ,NV,966,3.77066666,40.930969,-117.803872
67141,KUM & GO #0022,"I-80, EXIT 182 & SR-146",Grinnell,IA,320,3.19733333,41.700161,-92.726038
67155,PILOT TRAVEL CENTER #1219,"I-70, EXIT 61",Vandalia,IL,540,3.759,38.9708628,-89.137286
67138,Kum N Go #0561,US-65 & SR-744,Springfield,MO,535,2.899,37.215521,-93.292361
67155,PILOT #1219,"I-70, EXIT 61",Vandalia,IL,540,3.699,38.971011,-89.135974
67160,LOVES TRAVEL STOP #378,"I-77, EXIT 132 ",Ripley,WV,44,3.621,38.7578327,-81.6893926
67139,LOVES TRAVEL STOP #383,I-71 EXIT 55 & SR-1039,Sparta,KY,415,3.749,38.693708,-84.938646
67160,LOVES TRAVEL STOPS #378,"I-77, EXIT 132 ",Ripley,WV,44,3.589,38.7578327,-81.6893926
67164,FLYING J TRAVEL PLAZA #510,"I-15 , EXIT 188",Scipio,UT,835,3.689,39.687072,-111.834716
67143,ALL AMERICAN STORES #7,US-30,Fort Wayne,IN,370,3.559,41.139118,-85.161597
67162,PILOT TRAVEL CENTERS #495,"I-80 , EXIT 201",Brooklyn,IA,380,3.78566666,41.6974218,-92.3584634
67163,LOVES TRAVEL STOP #358,"I-78, EXIT 23",Hamburg,PA,208,3.85733333,40.517477,-76.111512
67149,HOOPS TRAVEL CENTER,I-39 & SR-21,Coloma,WI,395,3.18233333,44.035546,-89.533956
67162,PILOT TRAVEL CENTER #495,"I-80 , EXIT 201",Brooklyn,IA,380,3.699,41.6974218,-92.3584634
67166,Circle K #4705726,US-33,Carroll,OH,315,3.24566666,40.574416,-81.088316
67151,CASEYS #2523,"SR-163, EXIT 29 & SR-14",Monroe,IA,320,3.199,41.13382,-92.906404
67165,SOMERSET TRAVEL CENTER,"I-76 , EXIT 110",Somerset,PA,14,4.219,40.020964,-79.084846
67167,LOVES TRAVEL STOP #372,"I-84, EXIT 374",Ontario,OR,982,3.689,44.045385,-116.976566
67158,GOLDEN GATE AUTO TRUCK PLAZA,"I-80 , EXIT 32",Sparks,NV,966,3.539,41.101547,-114.957772
67170,FAST TRACK #410,"I-10, EXIT 258",Madison                                 ,FL,20,3.749,30.397582,-83.358855
67169,JD ORANGEBURG,US-301/US-601/SR-4,Orangeburg,SC,135,3.34233333,33.487414,-80.863927
67168,LOVES TRAVEL STOP #455,"I-70, EXIT 145",Ellis,KS,525,3.623,38.001181,-100.996287
67175,KWIK STAR #428,SR-9,Cresco,IA,515,3.524,43.371158,-92.120171
67178,KWIK STAR #701,US-63,Denver,IA,565,3.499,42.671352,-92.337251
67168,LOVES TRAVEL STOPS #455,"I-70, EXIT 145",Ellis,KS,525,3.689,38.94738,-99.560988
67182,KWIK STAR #817,US-52 & SR-24,Calmar,IA,565,3.579,43.1827153,-91.8646207
67200,KWIK TRIP #319,SR-13,Spencer,WI,395,3.47566666,44.75358,-90.29143
67174,KWIK STAR #419,"US-218, EXIT 218",Charles City,IA,433,3.539,43.0475418,-92.6724952
67186,KWIK TRIP #424,SR-15 & CR-26,Fairmont,MN,425,3.399,43.651497,-94.446346
67204,KWIK TRIP #337,SR-65,New Richmond,WI,451,3.499,45.10375,-92.536938
67185,KWIK TRIP #385,SR-19/SR-3,Northfield,MN,451,3.499,44.454406,-93.167103
67192,KWIK TRIP #464,US-63,Rochester,MN,515,3.54066666,44.0926016,-92.510071
67209,KWIK TRIP #386,SR-64,Merrill,WI,395,3.499,45.178999,-89.65294
67202,KWIK TRIP #328,US-53 & SR-95,Blair,WI,295,3.23733333,44.290278,-91.241081
67193,KWIK TRIP #609,SR-16 & SR-43,Rushford,MN,515,3.499,43.805252,-91.754648
67206,KWIK TRIP #352,US-53,Chippewa Falls,WI,295,3.40733333,44.921458,-91.368553
67195,KWIK TRIP #646,US-169 & CR-53,Blue Earth,MN,425,3.324,43.637311,-94.090134
67226,KWIK TRIP #494,US-53 & SR-35,Onalaska,WI,515,3.33566666,43.949851,-91.260096
67207,KWIK TRIP #354,SR-26,Watertown,WI,420,3.37233333,43.207075,-88.70834
67196,KWIK TRIP #753,US-14 & SR-42,Eyota,MN,515,3.61566666,43.997623,-92.2481
67230,KWIK TRIP #750,US-14/US-61/SR-35,La Crosse,WI,515,3.299,43.841837,-91.260901
67208,KWIK TRIP #363,US-14 & CR-O,Richland Center,WI,420,3.389,43.314711,-90.351091
67234,KWIK TRIP #847,SR-33 & SR-82/SR-80,Wonewoc,WI,395,3.499,43.68154,-90.26579
67211,KWIK TRIP #392,SR-49/SR-23,Ripon,WI,582,3.39066666,43.853627,-88.861708
67219,KWIK TRIP #455,US-8 & SR-27,Ladysmith,WI,295,3.27233333,45.464376,-91.111795
67233,KWIK TRIP #807,US-10,Brillion,WI,582,3.36566666,44.182622,-88.065182
67220,KWIK TRIP #456,"US-18/151, EXIT 79 & CR-PB",Verona,WI,420,3.579,43.059824,-89.575846
67235,FLYING J TRAVEL PLAZA #507,I-35,Jarrell,TX,765,3.22066666,29.446369,-98.362307
67221,KWIK TRIP #457,"I-41/US-41, EXIT 116 & SR-44/SR-91",Oshkosh,WI,582,3.29066666,44.100798,-88.541833
67245,SPEEDWAY #4582,US-378,Conway,SC,205,3.089,33.859749,-79.056348
67237,OUTPOST TRAVEL CENTER,US-79 & CR-111,Minden,LA,745,3.13233333,32.683131,-93.192392
67223,KWIK TRIP #476,"US-53, EXIT 140",Rice Lake,WI,295,3.43233333,45.481264,-91.733808
67246,SPEEDWAY #7941,US-17 & SR-24,Jacksonville,NC,245,3.32566666,34.74612,-77.483538
67241,RELAY STATION 3,SR-175,Frierson,LA,745,3.259,32.2139046,-93.7057776
67229,KWIK TRIP #740,SR-15,Hortonville,WI,582,3.509,44.336064,-88.630999
67247,CIRCLE K #4707512,"I-93, EXIT 47",Methuen,MA,170,3.799,42.729759,-71.210215
67239,RELAY STATION,SR-1,Shreveport,LA,745,3.13233333,32.37905,-93.659796
67242,SPEEDWAY #6940,"I-77, EXIT 85 & SR-268",Elkin,NC,65,2.859,36.279469,-80.8253
67248,SPEEDWAY #6962,"I-40, EXIT 303",Garner,NC,177,2.92066666,35.60917,-78.56166
67255,LOVES TRAVEL STOP #393,"I-55, EXIT 13",Mccomb,MS,620,3.239,31.18953,-90.48618
67243,LOVES TRAVEL STOP #386,"I-40, EXIT 9 & SR-95",Lake Havasu City,AZ,910,3.92233333,34.724236,-114.315785
67262,PILOT TRAVEL CENTER #497,"I-20, EXIT 165",Lincoln,AL,615,3.109,33.5930467,-86.1591855
67273,LOVES TRAVEL STOP #396,I-26 EXIT 76,Newberry,SC,30,3.41566666,34.278686,-81.610092
67262,PILOT TRAVEL CENTERS #497,"I-20, EXIT 165",Lincoln,AL,615,3.199,33.5930467,-86.1591855
67279,LOVES TRAVEL STOP #391,"I-74, EXIT 123",Saint Paul,IN,375,3.989,39.450524,-85.626314
67275,KWIK TRIP #481,US-61,Red Wing                                ,MN,451,3.324,44.563052,-92.541107
67264,CIRCLE K #4707016,US-1,Princeton,ME,170,3.88233333,45.22232,-67.569361
67281,PARKERS SURRENCY #208,US-341/SR-27 & SR-121,Surrency,GA,195,3.58566666,31.71561922255,-82.156022136805
67282,RUTTERS #65,"I-81, EXIT 14 & US-11",Chambersburg,PA,70,4.399,39.937289,-77.6597109
67265,CIRCLE K #4707048,US-2,Lincoln,ME,170,3.73233333,45.36222,-68.515595
67283,PILOT #4597,"I-40, EXIT 258/SR-53",Gordonsville,TN,460,3.24566666,36.177276,-85.948796
67284,LOVES TRAVEL STOP #390,"I-80, EXIT 179",North Platte,NE,475,3.45566666,41.102715,-100.723809
67269,ONVO TRAVEL PLAZA - GOULDSBORO,"I-380, EXIT 13 & SR-507",Gouldsboro,PA,200,3.58566666,41.232995,-75.496321
67285,CASEY'S #4504,"I-35, EXIT 159 & CR-C47",Dows,IA,433,3.299,42.659252,-93.501069
67293,KWIK TRIP #367,SR-33/CR-A,Fox Lake,WI,582,3.24566666,43.566896,-88.916264
67271,KWIK TRIP #330,US-169 & SR-25,Belle Plaine,MN,451,3.379,44.623406,-93.757469
67292,LOVES TRAVEL STOP #304,"I-59, EXIT 174",Steele,AL,615,3.989,33.933611,-86.191264
67297,BAR-B,I-20 EXIT 370 & FM-919,Gordon                                  ,TX,637,2.93233333,32.549241,-98.369464
67272,PILOT TRAVEL CENTER #922- TOWN PUMP,US-2 & SR-40,Columbia Falls                          ,MT,820,3.649,48.370663,-114.186638
67296,LOVES TRAVEL STOP #340,"I-15, EXIT 64 & US-93",Las Vegas,NV,910,3.689,35.6199925,-105.2078476
67303,KUM & GO #0615,"I-29, EXIT 15",Elk Point,SD,527,3.07233333,42.669421,-96.664279
67274,KWIK STAR #790,"US-20, EXIT 275 & SR-13",Manchester,IA,335,3.56233333,42.4833298,-91.4706421
67302,KUM & GO #0187,"I-90, EXIT 87",Sherburn,MN,440,3.18733333,43.66162,-94.732802
67306,150 QUICK STOP,US-150/SR-605,Bardstown,KY,415,3.17233333,37.78258,-85.396094
67294,MAPLEFIELDS,"I-87, EXIT 42/SR-11",Champlain,NY,300,3.799,44.979826,-73.454266
67304,JACKRABBIT JUNCTION,"SR-60, EXIT 51 & CR-A22",Sibley                                  ,IA,521,3.26566666,43.402591,-95.72184
67316,LOVES TRAVEL STOP #302,US-287 & US-412,Boise City,OK,585,3.40233333,36.7291,-102.4999
67298,SPEEDWAY #5360,US-42,London,OH,315,3.099,39.949905,-83.382786
67307,CMS FUELING CENTER,I-69 EXIT 153 AT MILE 153,Lapeer                                  ,MI,342,3.899,43.034933,-83.360843
67322,LOVES TRAVEL STOP #398,"US-78, EXIT 81 & SR-178",Tupelo,MS,435,3.88233333,34.3163882,-88.7911673
67305,RELAY STATION,"I-20, EXIT 3",Bethany,LA,745,3.12233333,32.397687,-94.005205
67308,FUEL STAR,SR-48,New Orleans,LA,619,3.279,29.972116,-90.095672
67323,PUMP & PANTRY #13,US-281/SR-92,Saint Paul,NE,330,3.30733333,41.211117,-98.450951
67311,HOLIDAY STATIONSTORE #2746409,US-53 & CR-13,Duluth,MN,334,3.499,46.756814,-92.144636
67313,Majors 660 Diboll Truck Plaza,US-59,Diboll                                  ,TX,610,2.83233333,31.1871259,-94.7816985
67327,FLYING J #796,"QEW 2, EXIT 401",Red Deer                                ,AB,80,4.51093964,52.28738,-113.84929
67312,RHODES 101 STOP #790,"I-55, EXIT 91",Scott City                              ,MO,275,3.424,37.215273,-89.534639
67325,LOVES TRAVEL STOP #225,"I-65, EXIT 93 & US-84",Evergreen,AL,720,3.339,31.4197414,-87.0080914
67327,FLYING J #796,"QEW 2, EXIT 401",Red Deer                                ,AB,80,4.51858925,52.28738,-113.84929
67321,LOVES TRAVEL STOP #388,"I-55, EXIT 246 & SR-35",Batesville,MS,655,3.46066666,34.316030920457,-89.735398885104
67328,FLYING J #792,TCH 1 & HWY-542,Brooks                                  ,AB,50,4.74116815,50.5728378,-111.8675537
67327,FLYING J #796,"QEW 2, EXIT 401",Red Deer                                ,AB,80,4.7303579,52.28738,-113.84929
67327,FLYING J #796,"QEW 2, EXIT 401",Red Deer                                ,AB,80,4.7314019,52.28738,-113.84929
67328,FLYING J #792,TCH 1 & HWY-542,Brooks                                  ,AB,50,4.74186729,50.5728378,-111.8675537
67328,FLYING J #792,TCH 1 & HWY-542,Brooks                                  ,AB,50,4.7303579,50.5728378,-111.8675537
67327,FLYING J #796,"QEW 2, EXIT 401",Red Deer                                ,AB,80,4.73244636,52.28738,-113.84929
67328,FLYING J #792,TCH 1 & HWY-542,Brooks                                  ,AB,50,4.73383969,50.5728378,-111.8675537
67327,FLYING J #796,"QEW 2, EXIT 401",Red Deer                                ,AB,80,4.74116815,52.28738,-113.84929
67329,LOVES TRAVEL STOP #387,"I-85, EXIT 4",Fair Play,SC,16,3.21233333,34.504908,-82.961337
67328,FLYING J #792,TCH 1 & HWY-542,Brooks                                  ,AB,50,4.73244636,50.5728378,-111.8675537
67328,FLYING J #792,TCH 1 & HWY-542,Brooks                                  ,AB,50,4.7314019,50.5728378,-111.8675537
67334,KWIK TRIP #338,US-51,Plover,WI,395,3.299,44.468786,-89.545732
67333,PILOT #880,"I-84, EXIT 1",Montague,NJ,105,3.999,41.3140685,-74.7575926
67331,LOVES TRAVEL STOP #227,"I-20 /I-59, EXIT 100 & SR-216",Mc Calla,AL,615,3.159,33.278757,-87.098926
67338,HUTCH'S #114,US-81,Enid,OK,337,2.999,36.360451,-97.890923
67335,TOP STOP MARKET,"I-24, EXIT 111",Manchester,TN,285,3.01566666,35.477328,-86.080874
67340,MCCLURE,I-74 EXIT  34,Crawfordsville                          ,IN,375,3.61566666,40.07658,-86.901169
67350,DE PERE SUPER STORE,US-41,De Pere,WI,360,3.25566666,44.4529162,-88.0931506
67336,LOVES TRAVEL STOPS #342,"I-37, EXIT 72 & US-281",Three Rivers,TX,740,3.089,28.521175,-98.18527
67342,One9 #1414,"I-81, EXIT 128",Elliston,VA,185,3.24233333,37.2261483,-80.2125
67336,LOVES TRAVEL STOP #342,"I-37, EXIT 72 & US-281",Three Rivers,TX,740,3.169,28.521175,-98.18527
67358,KWIK TRIP #453,SR-35/SR-65,River Falls,WI,451,3.44733333,44.844939,-92.62845
67337,KWIK TRIP #422,"I-94, EXIT 322",Oak Creek,WI,444,3.744,42.902193,-87.926331
67359,SAGE HILL TRAVEL CENTER,"I-15, EXIT 89 & US-91",Blackfoot                               ,ID,825,3.569,43.589411881214,-112.691590485877
67341,CASEYS #3898,"US-151, EXIT 49 & CR-E34",Anamosa,IA,380,3.359,42.108238,-91.285511
67361,SUMNER TRUCK STOP,SR-167,Sumner,WA,977,4.299,47.196493571736,-122.238619889224
67343,EAGLE EXPRESS,US-41,Peshtigo,WI,360,3.399,45.0495338,-87.7967005
67365,KWIK TRIP #491,US-151,Manitowoc,WI,582,3.38233333,44.07326,-87.700085
67366,KWIK TRIP #499,"I-43, EXIT 57",New Berlin,WI,444,3.49066666,42.944972,-88.110171
67344,DODGE CITY SHELL,"I-65, EXIT 299",Hanceville,AL,615,3.95233333,34.049169,-86.870795
67345,STEELE SERVICE STATION,"I-59, EXIT 174",Steele,AL,587,3.889,33.934765,-86.195152
67367,KWIK TRIP #757,US-14/US-61/SR-27,Viroqua,WI,515,3.359,43.550421,-90.888365
67369,KENOSHA TRAVEL PLAZA,"I-94, EXIT 340/US-41 & SR-142",Kenosha,WI,444,3.719,42.614985,-87.949611
67348,LOVES TRAVEL STOP #389,I-90 EXIT 241,Conneaut,OH,305,3.849,41.913200598468,-80.570121421583
67356,PRIDE CONVENIENCE STORE,"I-91, EXIT 8 & US-20",Springfield,MA,100,3.559,42.116203,-72.524955
67382,CORNER PANTRY TRAVEL PLAZA,SR-79 & SR-40,Hermosa,SD,506,3.299,42.525436,-96.497988
67357,LOVES TRAVEL STOP #353,"I-29, EXIT 62",Fargo,ND,341,3.52566666,48.242623,-103.623197
67383,FRIENDSHIP FOOD MART #96,SR-101/SR- 2,Sandusky,OH,550,3.529,41.420296,-82.758008
67360,BP,"I-95/SR-405, EXIT 49 & SR-251",Darien                                  ,GA,195,3.539,31.398794,-81.450469
67389,COUCHE-TARD,"H-20, EXIT 145",Saint-Liboire,QC,300,4.73244636,45.651107,-72.759029
67389,COUCHE-TARD,"H-20, EXIT 145",Saint-Liboire,QC,300,4.7314019,45.651107,-72.759029
67362,TA Glenrio,"I-40, Exit 369 & SR-392",San Jon,NM,585,3.899,35.1778932,-103.050386
67389,COUCHE-TARD,"H-20, EXIT 145",Saint-Liboire,QC,300,4.74116815,45.651107,-72.759029
67389,COUCHE-TARD,"H-20, EXIT 145",Saint-Liboire,QC,300,4.74186729,45.651107,-72.759029
67364,KWIK TRIP #373,"I-94, EXIT 295",Waukesha,WI,444,3.45733333,43.058831,-88.204738
67394,Circle K #2745133,US-23 & SR-38,Waycross,GA,75,3.399,31.209558,-82.382817
67368,KWIK TRIP #653,"I-39, EXIT 87 & US-51/SR-16",Portage,WI,420,3.274,43.534271,-89.443498
67396,Q C MART,US-61 & CR-E63,Welton,IA,270,3.699,41.9022303,-90.5909277
67371,PARAMOUNT TRAVEL PLAZA,"I-30, EXIT 46 & SR-19",Prescott,AR,635,3.379,33.802494,-93.380938
67397,EXPRESS LANE #51,I-80 EXIT 93 ROUTE 71,Ottawa                                  ,IL,290,3.899,41.32926,-88.836549
67370,CIRCLE M #43,US-441/US-23/SR-15,Rabun Gap                               ,GA,30,3.549,34.9570792,-83.3864155
67398,CASEYS #3998,SR-13 & HWY-C,Lowry City                              ,MO,400,3.249,38.136901,-93.723713
67380,MILLERS TRAVEL CENTER,"I-80, EXIT 1",Wendover,UT,835,3.599,40.735579,-114.042107
67402,TA EXPRESS HOT SPRINGS,US-395/US-18 & SR-79,Hot Springs,SD,506,3.299,43.398866,-103.395907
67381,ENMARKET #875,US-78 & US-21,Branchville,SC,195,3.26566666,33.250444,-80.816615
67404,Meskwaki Travel Plaza,HIGHWAY 30 E,Tama,IA,486,3.234,41.99845,-92.674641
67389,COUCHE-TARD,"H-20, EXIT 145",Saint-Liboire,QC,300,4.7303579,45.651107,-72.759029
67406,GETGO #3701,"I-99, EXIT 23",East Freedom                            ,PA,14,4.099,40.36742,-78.431039
67405,ANTELOPE TRUCK STOP,"I-80, EXIT 386",Burns                                   ,WY,795,3.199,41.194035903278,-104.360303243875
67389,COUCHE-TARD,"H-20, EXIT 145",Saint-Liboire,QC,300,4.73383969,45.651107,-72.759029
67408,STOCKTON TRAVEL CENTER,US-20/SR-78,Stockton                                ,IL,520,3.599,42.3579101,-89.998413
67414,PILOT TRAVEL CENTERS #590,"I-94, EXIT 100",Alexandria,MN,250,3.46566666,45.8614833,-95.4226149
67391,SHOEMAKERS SHELL TRAVEL CENTER,I-80 EXIT 395 AT MILE 395,Lincoln,NE,413,3.349,40.813599,-96.70261
67410,STRIPES #40532,US-83 & US-277,Carrizo Springs,TX,740,3.349,28.520336,-99.856798
67416,CASEYS #4025,US-61/SR-92,Muscatine                               ,IA,380,3.299,41.569908264079,-91.259974008223
67393,LOVES TRAVEL STOP #280,"I-10, EXIT 114",Buckeye,AZ,930,3.569,33.431192,-112.591798
67417,QUIKTRIP #444,"I-10 EXIT, 139",Phoenix,AZ,930,3.369,33.472586,-111.986626
67395,KUM & GO #0267,"I-80, EXIT 267 & SR 38",Tipton,IA,380,2.98233333,41.647782,-91.115494
67419,LOVES TRAVEL STOP #359,"I-75, EXIT 283",Cartersville,GA,18,3.55566666,34.118942,-84.743301
67397,EXPRESS LANE #51,I-80 EXIT 93 ROUTE 71,Ottawa                                  ,IL,290,3.599,41.32926,-88.836549
67422,KUM & GO #0137,"I-80, EXIT 237",Tiffin,IA,380,3.099,41.696895,-91.665721
67400,SPEEDWAY #3547,I-75 & 696,Lima,OH,411,3.499,40.8334076,-83.9574112
67423,FIRELAKE GRAND TRAVEL PLAZA,"I-40, EXIT 178 & SR-102",Shawnee,OK,483,2.899,35.380935,-97.055986
67427,CASEYS #2907,I-57 & I-62,Charleston,MO,275,3.044,36.920928,-89.350081
67401,QUIKTRIP #973,"I-45, EXIT 272",Hutchins,TX,630,2.88233333,32.631682,-96.702026
67424,FLORIDA 595 TRUCK STOP,"I-595/SR-84, EXIT 9 & US-441",Fort Lauderdale,FL,64,3.769,26.0863632,-80.2108999
67409,XTRA MART #7025,SR-146,Sutton,MA,175,3.649,42.174209,-71.753536
67425,LITTLEFIELD EXPRESS #15,"US-67, EXIT 55 & SR-258",Bald Knob,AR,695,3.309,35.323597,-91.560738
67432,PILOT TRAVEL CENTERS #471,US-27 & US-17,Haines City,FL,140,3.559,28.11837,-81.639372
67411,LOVES TRAVEL STOP #226,"I-25, EXIT 104",Pueblo,CO,803,3.619,39.1168789,-108.6463877
67426,Spearville Truck Stop,"I-56, 126 RD",Spearville                              ,KS,570,3.46566666,37.85605,-99.752416
67418,KUM & GO #0080,"US-218/SR-27, EXIT 80 & SR-22",Riverside,IA,380,3.09733333,41.487522,-91.554031
67428,CONOCO,"I-95, EXIT 12",Carteret                                ,NJ,79,3.499,40.571083,-74.220561
67438,LOVES TRAVEL STOP #363,"I-75, EXIT 358 & SR-326",Ocala,FL,225,3.353,29.268355,-82.197986
67420,LOVES TRAVEL STOP #369,I-40 EXIT 163 & SR-48,Dickson,TN,460,3.17566666,35.992045,-87.488233
67429,7-ELEVEN #40396,"NJTP, EXIT 8A",Monroe Township,NJ,115,3.559,40.378035088246,-74.406975914914
67421,LOVES TRAVEL STOP #375,US-79/SR-6 & FM-485,Hearne,TX,670,3.489,30.8954105,-96.6027583
67435,7 ELEVEN #40122,I-95 MM2,Newark,DE,160,3.459,39.678137,-75.762375
67431,SPARKYS ONE STOP #32,I-30 & CR 33,Carroll,IA,320,3.23233333,42.065131,-94.843276
67436,7-ELEVEN #40069,"I-81, EXIT 29",Shippensburg,PA,70,3.42233333,40.050748138523,-77.520371132215
67432,PILOT TRAVEL CENTER #471,US-27 & US-17,Haines City,FL,140,3.569,28.11837,-81.639372
67439,LOVES TRAVEL STOPS #380,US-287/SR-114,Rhome,TX,630,3.089,33.056386,-97.483981
67453,PETRO-CANADA,HWY 63 N,Fort Mcmurray                           ,AB,85,3.90457465,56.439858,-111.177966
67434,SHELL FOOD MART,"I-35, EXIT 54",Cameron,MO,400,2.99066666,39.7525,-94.214996
67439,LOVES TRAVEL STOP #380,US-287/SR-114,Rhome,TX,630,3.161,33.2219486,-97.7382775
67453,PETRO-CANADA,HWY 63 N,Fort Mcmurray                           ,AB,85,3.90399897,56.439858,-111.177966
67437,CANDIA FIRST STOP,"SR-101, EXIT 3",Candia                                  ,NH,170,3.899,43.042457,-71.305314
67440,PILOT TRAVEL CENTERS #503,"I-79, EXIT 146 & CR-77",Morgantown,WV,165,4.059,39.5388349,-79.994816
67455,PETRO-CANADA,HWY 16 E,Lloydminster                            ,AB,80,3.95078155,53.277514,-110.047219
67438,LOVES TRAVEL STOPS #363,"I-75, EXIT 358 & SR-326",Ocala,FL,225,3.329,29.268355,-82.197986
67442,PILOT #4598,I-75 EXIT 56,Niota,TN,285,3.599,35.544705,-84.565563
67455,PETRO-CANADA,HWY 16 E,Lloydminster                            ,AB,80,3.96039416,53.277514,-110.047219
67453,PETRO-CANADA,HWY 63 N,Fort Mcmurray                           ,AB,85,3.95368953,56.439858,-111.177966
67443,PILOT #4599,"I-24, EXIT 135",Monteagle,TN,285,3.33566666,35.232649,-85.825645
67459,PETRO-CANADA,HWY 43,Valleyview                              ,AB,80,3.95981025,55.057002,-117.281574
67453,PETRO-CANADA,HWY 63 N,Fort Mcmurray                           ,AB,85,3.81157149,56.439858,-111.177966
67455,PETRO-CANADA,HWY 16 E,Lloydminster                            ,AB,80,3.95981025,53.277514,-110.047219
67459,PETRO-CANADA,HWY 43,Valleyview                              ,AB,80,3.96039416,55.057002,-117.281574
67453,PETRO-CANADA,HWY 63 N,Fort Mcmurray                           ,AB,85,3.97950166,56.439858,-111.177966
67455,PETRO-CANADA,HWY 16 E,Lloydminster                            ,AB,80,3.95252583,53.277514,-110.047219
67460,PETRO-CANADA,HWY 1,Abbotsford                              ,BC,800,4.22920168,49.056968,-122.448333
67453,PETRO-CANADA,HWY 63 N,Fort Mcmurray                           ,AB,85,3.8132543,56.439858,-111.177966
67459,PETRO-CANADA,HWY 43,Valleyview                              ,AB,80,3.67317193,55.057002,-117.281574
67459,PETRO-CANADA,HWY 43,Valleyview                              ,AB,80,3.95078155,55.057002,-117.281574
67459,PETRO-CANADA,HWY 43,Valleyview                              ,AB,80,3.95252583,55.057002,-117.281574
67463,PETRO-CANADA,"HWY 1, EXIT 109 N",Chilliwack                              ,BC,800,4.25704369,49.155354,-121.960427
67459,PETRO-CANADA,HWY 43,Valleyview                              ,AB,80,3.67506448,55.057002,-117.281574
67460,PETRO-CANADA,HWY 1,Abbotsford                              ,BC,800,4.23949171,49.056968,-122.448333
67469,PETRO-CANADA,HWY 1 N,Brandon                                 ,MB,900,3.73711612,49.841997,-99.972574
67460,PETRO-CANADA,HWY 1,Abbotsford                              ,BC,800,4.23106887,49.056968,-122.448333
67460,PETRO-CANADA,HWY 1,Abbotsford                              ,BC,800,4.09933844,49.056968,-122.448333
67469,PETRO-CANADA,HWY 1 N,Brandon                                 ,MB,900,3.72969139,49.841997,-99.972574
67463,PETRO-CANADA,"HWY 1, EXIT 109 N",Chilliwack                              ,BC,800,4.00941454,49.155354,-121.960427
67463,PETRO-CANADA,"HWY 1, EXIT 109 N",Chilliwack                              ,BC,800,4.32322097,49.155354,-121.960427
67476,PETRO-CANADA,"HWY 401, EXIT 275 N",Kitchener                               ,ON,430,3.39394131,43.38648,-80.412806
67463,PETRO-CANADA,"HWY 1, EXIT 109 N",Chilliwack                              ,BC,800,4.31463179,49.155354,-121.960427
67463,PETRO-CANADA,"HWY 1, EXIT 109 N",Chilliwack                              ,BC,800,4.25798323,49.155354,-121.960427
67476,PETRO-CANADA,"HWY 401, EXIT 275 N",Kitchener                               ,ON,430,3.34071441,43.38648,-80.412806
67469,PETRO-CANADA,HWY 1 N,Brandon                                 ,MB,900,3.70020344,49.841997,-99.972574
67463,PETRO-CANADA,"HWY 1, EXIT 109 N",Chilliwack                              ,BC,800,4.3504892,49.155354,-121.960427
67469,PETRO-CANADA,HWY 1 N,Brandon                                 ,MB,900,3.73656513,49.841997,-99.972574
67469,PETRO-CANADA,HWY 1 N,Brandon                                 ,MB,900,3.56361446,49.841997,-99.972574
67477,PETRO-CANADA,HWY 7 N,Brampton                                ,ON,720,3.48541438,43.778136,-79.655332
67476,PETRO-CANADA,"HWY 401, EXIT 275 N",Kitchener                               ,ON,430,3.33899404,43.38648,-80.412806
67469,PETRO-CANADA,HWY 1 N,Brandon                                 ,MB,900,3.64532377,49.841997,-99.972574
67477,PETRO-CANADA,HWY 7 N,Brampton                                ,ON,720,3.67398278,43.778136,-79.655332
67476,PETRO-CANADA,"HWY 401, EXIT 275 N",Kitchener                               ,ON,430,3.39543974,43.38648,-80.412806
67477,PETRO-CANADA,HWY 7 N,Brampton                                ,ON,720,3.39643942,43.778136,-79.655332
67476,PETRO-CANADA,"HWY 401, EXIT 275 N",Kitchener                               ,ON,430,3.40169746,43.38648,-80.412806
67478,PETRO-CANADA,HWY 601 N,Dryden                                  ,ON,900,4.07143281,49.786336,-92.843557
67476,PETRO-CANADA,"HWY 401, EXIT 275 N",Kitchener                               ,ON,430,3.43010883,43.38648,-80.412806
67478,PETRO-CANADA,HWY 601 N,Dryden                                  ,ON,900,4.0621496,49.786336,-92.843557
67477,PETRO-CANADA,HWY 7 N,Brampton                                ,ON,720,3.44962533,43.778136,-79.655332
67484,PETRO-CANADA,HWY 1 & HWY 207,Dugald                                  ,MB,900,3.56361446,49.885782,-96.63458
67477,PETRO-CANADA,HWY 7 N,Brampton                                ,ON,720,3.64532377,43.778136,-79.655332
67484,PETRO-CANADA,HWY 1 & HWY 207,Dugald                                  ,MB,900,3.73656513,49.885782,-96.63458
67484,PETRO-CANADA,HWY 1 & HWY 207,Dugald                                  ,MB,900,3.73711612,49.885782,-96.63458
67477,PETRO-CANADA,HWY 7 N,Brampton                                ,ON,720,3.70920637,43.778136,-79.655332
67500,PETRO-CANADA,HWY 63,Fort Mcmurray                           ,AB,85,4.0621496,56.439858,-111.177966
67484,PETRO-CANADA,HWY 1 & HWY 207,Dugald                                  ,MB,900,3.72969139,49.885782,-96.63458
67478,PETRO-CANADA,HWY 601 N,Dryden                                  ,ON,900,4.06394305,49.786336,-92.843557
67500,PETRO-CANADA,HWY 63,Fort Mcmurray                           ,AB,85,4.06304613,56.439858,-111.177966
67478,PETRO-CANADA,HWY 601 N,Dryden                                  ,ON,900,3.98155204,49.786336,-92.843557
67503,PETRO-CANADA,HWY-43,Grande Prairie                          ,AB,80,3.93248441,55.171331,-118.857849
67500,PETRO-CANADA,HWY 63,Fort Mcmurray                           ,AB,85,3.98155204,56.439858,-111.177966
67478,PETRO-CANADA,HWY 601 N,Dryden                                  ,ON,900,4.07203318,49.786336,-92.843557
67503,PETRO-CANADA,HWY-43,Grande Prairie                          ,AB,80,3.67506448,55.171331,-118.857849
67506,PETRO-CANADA,"HWY 2, EXIT 268",Calgary,AB,50,4.01621367,51.112045,-113.964817
67478,PETRO-CANADA,HWY 601 N,Dryden                                  ,ON,900,3.97950166,49.786336,-92.843557
67506,PETRO-CANADA,"HWY 2, EXIT 268",Calgary,AB,50,3.87010202,51.112045,-113.964817
67506,PETRO-CANADA,"HWY 2, EXIT 268",Calgary,AB,50,4.07143281,51.112045,-113.964817
67484,PETRO-CANADA,HWY 1 & HWY 207,Dugald                                  ,MB,900,3.56099338,49.885782,-96.63458
67506,PETRO-CANADA,"HWY 2, EXIT 268",Calgary,AB,50,3.86810903,51.112045,-113.964817
67484,PETRO-CANADA,HWY 1 & HWY 207,Dugald                                  ,MB,900,3.5617793,49.885782,-96.63458
67508,PETRO-CANADA,HWY-15 ,Fort Saskatchewan                       ,AB,80,3.93248441,53.677653,-113.243429
67506,PETRO-CANADA,"HWY 2, EXIT 268",Calgary,AB,50,4.00823444,51.112045,-113.964817
67500,PETRO-CANADA,HWY 63,Fort Mcmurray                           ,AB,85,4.18305536,56.439858,-111.177966
67508,PETRO-CANADA,HWY-15 ,Fort Saskatchewan                       ,AB,80,3.95981025,53.677653,-113.243429
67506,PETRO-CANADA,"HWY 2, EXIT 268",Calgary,AB,50,3.86725552,51.112045,-113.964817
67500,PETRO-CANADA,HWY 63,Fort Mcmurray                           ,AB,85,3.90457465,56.439858,-111.177966
67540,PETRO-CANADA,"HWY-97, SMITH AVE EXIT",Quesnel                                 ,BC,850,4.45521463,52.964974,-122.442058
67508,PETRO-CANADA,HWY-15 ,Fort Saskatchewan                       ,AB,80,3.86810903,53.677653,-113.243429
67500,PETRO-CANADA,HWY 63,Fort Mcmurray                           ,AB,85,4.06394305,56.439858,-111.177966
67540,PETRO-CANADA,"HWY-97, SMITH AVE EXIT",Quesnel                                 ,BC,850,4.60231851,52.964974,-122.442058
67540,PETRO-CANADA,"HWY-97, SMITH AVE EXIT",Quesnel                                 ,BC,850,4.60163996,52.964974,-122.442058
67503,PETRO-CANADA,HWY-43,Grande Prairie                          ,AB,80,3.67317193,55.171331,-118.857849
67540,PETRO-CANADA,"HWY-97, SMITH AVE EXIT",Quesnel                                 ,BC,850,4.59317483,52.964974,-122.442058
67543,PETRO-CANADA,HWY 97,Fort St John,BC,850,4.23231459,56.250823,-120.847008
67503,PETRO-CANADA,HWY-43,Grande Prairie                          ,AB,80,3.87609333,55.171331,-118.857849
67543,PETRO-CANADA,HWY 97,Fort St John,BC,850,4.64888344,56.250823,-120.847008
67543,PETRO-CANADA,HWY 97,Fort St John,BC,850,4.23013507,56.250823,-120.847008
67508,PETRO-CANADA,HWY-15 ,Fort Saskatchewan                       ,AB,80,3.72804545,53.677653,-113.243429
67543,PETRO-CANADA,HWY 97,Fort St John,BC,850,4.43420612,56.250823,-120.847008
67550,PETRO-CANADA,QEW EXIT 88/89,Hamilton                                ,ON,430,3.65338686,43.2580783,-79.7824356
67508,PETRO-CANADA,HWY-15 ,Fort Saskatchewan                       ,AB,80,3.56361446,53.677653,-113.243429
67543,PETRO-CANADA,HWY 97,Fort St John,BC,850,4.22920168,56.250823,-120.847008
67550,PETRO-CANADA,QEW EXIT 88/89,Hamilton                                ,ON,430,3.61747561,43.2580783,-79.7824356
67508,PETRO-CANADA,HWY-15 ,Fort Saskatchewan                       ,AB,80,3.92467152,53.677653,-113.243429
67550,PETRO-CANADA,QEW EXIT 88/89,Hamilton                                ,ON,430,3.65284821,43.2580783,-79.7824356
67550,PETRO-CANADA,QEW EXIT 88/89,Hamilton                                ,ON,430,3.61933947,43.2580783,-79.7824356
67540,PETRO-CANADA,"HWY-97, SMITH AVE EXIT",Quesnel                                 ,BC,850,4.59114784,52.964974,-122.442058
67550,PETRO-CANADA,QEW EXIT 88/89,Hamilton                                ,ON,430,3.58883539,43.2580783,-79.7824356
67556,PETRO-CANADA,"HWY 401, EXIT 611",Kingston                                ,ON,410,3.82028205,44.249444,-76.555482
67540,PETRO-CANADA,"HWY-97, SMITH AVE EXIT",Quesnel                                 ,BC,850,4.45292033,52.964974,-122.442058
67560,PETRO-CANADA,"HWY-401, EXIT 320 & HWY-8",Milton                                  ,ON,970,3.39643942,43.535634,-79.781865
67556,PETRO-CANADA,"HWY 401, EXIT 611",Kingston                                ,ON,410,3.76502588,44.249444,-76.555482
67543,PETRO-CANADA,HWY 97,Fort St John,BC,850,4.35113072,56.250823,-120.847008
67560,PETRO-CANADA,"HWY-401, EXIT 320 & HWY-8",Milton                                  ,ON,970,3.45114834,43.535634,-79.781865
67560,PETRO-CANADA,"HWY-401, EXIT 320 & HWY-8",Milton                                  ,ON,970,3.39469036,43.535634,-79.781865
67550,PETRO-CANADA,QEW EXIT 88/89,Hamilton                                ,ON,430,3.64612848,43.2580783,-79.7824356
67560,PETRO-CANADA,"HWY-401, EXIT 320 & HWY-8",Milton                                  ,ON,970,3.45750874,43.535634,-79.781865
67556,PETRO-CANADA,"HWY 401, EXIT 611",Kingston                                ,ON,410,3.7575457,44.249444,-76.555482
67566,CIRCLE K,"HWYY 407, EXIT 48",Mississauga,ON,720,3.31798054,43.616283,-79.702152
67566,CIRCLE K,"HWYY 407, EXIT 48",Mississauga,ON,720,3.22760141,43.616283,-79.702152
67556,PETRO-CANADA,"HWY 401, EXIT 611",Kingston                                ,ON,410,3.7567164,44.249444,-76.555482
67566,CIRCLE K,"HWYY 407, EXIT 48",Mississauga,ON,720,3.22688923,43.616283,-79.702152
67568,PETRO-CANADA,"HWY 403, EXIT 109",Burlington                              ,ON,970,3.31041527,43.371251,-79.795584
67556,PETRO-CANADA,"HWY 401, EXIT 611",Kingston                                ,ON,410,3.75588747,44.249444,-76.555482
67566,CIRCLE K,"HWYY 407, EXIT 48",Mississauga,ON,720,3.22831391,43.616283,-79.702152
67568,PETRO-CANADA,"HWY 403, EXIT 109",Burlington                              ,ON,970,3.31846981,43.371251,-79.795584
67556,PETRO-CANADA,"HWY 401, EXIT 611",Kingston                                ,ON,410,3.48002694,44.249444,-76.555482
67568,PETRO-CANADA,"HWY 403, EXIT 109",Burlington                              ,ON,970,3.31114588,43.371251,-79.795584
67560,PETRO-CANADA,"HWY-401, EXIT 320 & HWY-8",Milton                                  ,ON,970,3.39394131,43.535634,-79.781865
67570,PETRO-CANADA,"HWY-401, EXIT 328 & HWY-3",Hornby,ON,970,3.34071441,43.566556,-79.843568
67568,PETRO-CANADA,"HWY 403, EXIT 109",Burlington                              ,ON,970,3.31187682,43.371251,-79.795584
67560,PETRO-CANADA,"HWY-401, EXIT 320 & HWY-8",Milton                                  ,ON,970,3.45801858,43.535634,-79.781865
67571,PETRO-CANADA,"HWY 401, EXIT 14",Windsor,ON,620,3.40219907,42.274554,-83.050577
67570,PETRO-CANADA,"HWY-401, EXIT 328 & HWY-3",Hornby,ON,970,3.39543974,43.566556,-79.843568
67566,CIRCLE K,"HWYY 407, EXIT 48",Mississauga,ON,720,3.2571269,43.616283,-79.702152
67570,PETRO-CANADA,"HWY-401, EXIT 328 & HWY-3",Hornby,ON,970,3.58883539,43.566556,-79.843568
67571,PETRO-CANADA,"HWY 401, EXIT 14",Windsor,ON,620,3.45216443,42.274554,-83.050577
67566,CIRCLE K,"HWYY 407, EXIT 48",Mississauga,ON,720,3.23474054,43.616283,-79.702152
67571,PETRO-CANADA,"HWY 401, EXIT 14",Windsor,ON,620,3.37379182,42.274554,-83.050577
67603,FLYING J #862,"HWY 401, EXIT 268",Ayr,ON,200,4.45390331,43.3341302,-80.432821
67568,PETRO-CANADA,"HWY 403, EXIT 109",Burlington                              ,ON,970,3.31285191,43.371251,-79.795584
67603,FLYING J #862,"HWY 401, EXIT 268",Ayr,ON,200,4.45292033,43.3341302,-80.432821
67603,FLYING J #862,"HWY 401, EXIT 268",Ayr,ON,200,4.46276974,43.3341302,-80.432821
67570,PETRO-CANADA,"HWY-401, EXIT 328 & HWY-3",Hornby,ON,970,3.33899404,43.566556,-79.843568
67603,FLYING J #862,"HWY 401, EXIT 268",Ayr,ON,200,4.45193778,43.3341302,-80.432821
67570,PETRO-CANADA,"HWY-401, EXIT 328 & HWY-3",Hornby,ON,970,3.43010883,43.566556,-79.843568
67614,KWIK TRIP #622,US-14 & CR-5,Byron,MN,515,3.574,44.030254,-92.631401
67603,FLYING J #862,"HWY 401, EXIT 268",Ayr,ON,200,4.46211176,43.3341302,-80.432821
67570,PETRO-CANADA,"HWY-401, EXIT 328 & HWY-3",Hornby,ON,970,3.4296031,43.566556,-79.843568
67603,FLYING J #862,"HWY 401, EXIT 268",Ayr,ON,200,4.45521463,43.3341302,-80.432821
67571,PETRO-CANADA,"HWY 401, EXIT 14",Windsor,ON,620,3.36609929,42.274554,-83.050577
67613,KWIK STAR #490,"US-20, EXIT 225 & SR-27/SR-58",Cedar Falls,IA,565,3.524,42.537809,-92.4534
67571,PETRO-CANADA,"HWY 401, EXIT 14",Windsor,ON,620,3.53471126,42.274554,-83.050577
67616,KWIK TRIP #887,"US-41, EXIT 139 & SR-15",Appleton,WI,582,3.30233333,44.243064,-88.343677
67571,PETRO-CANADA,"HWY 401, EXIT 14",Windsor,ON,620,3.31114588,42.274554,-83.050577
67623,LOVES TRAVEL STOP #301,"I-90, EXIT 2",Post Falls,ID,970,3.74566666,47.711161,-117.004099
67617,Twice Daily Convenience Store #8046,"I-24, EXIT 31 & SR-249",Joelton,TN,460,3.349,36.157129,-86.77028
67612,FLYING J TRAVEL PLAZA #914- TOWN PUMP,"I-90, EXIT 96 & US-93/SR-200",Missoula,MT,820,3.609,46.872129,-113.994017
67624,LOVES TRAVEL STOP #300,I-70 EXIT 304,Bennett,CO,800,3.32566666,39.74012,-104.43444
67618,7-ELEVEN #40441,I-80 MM 21E,West Unity,OH,550,3.66233333,41.605306,-84.408019
67615,KWIK TRIP #844,US-63,Lake City,MN,515,3.549,44.449548,-92.267566
67627,PILOT #4556,"I-75, EXIT 329",Wildwood,FL,225,3.22566666,28.873862,-82.095173
67619,7-ELEVEN #40442,"I-80, MM 21W",West Unity,OH,550,3.66233333,41.605306,-84.408019
67622,LOVES TRAVEL STOP #454,"I-5/US-12, EXIT 72",Chehalis,WA,977,4.589,46.6618107,-122.9643114
67630,KWIK TRIP #630,US-151/SR-32/SR-57,Chilton,WI,582,3.36566666,44.023714,-88.161109
67620,LOVES TRAVEL STOP #452,"I-35, EXIT 70",Pauls Valley,OK,253,3.649,34.740548,-97.221364
67625,LOVES TRAVEL STOP #453,"I-10, EXIT 130 & US-231",Cottondale,FL,20,3.553,30.74865,-85.383189
67621,FLYING J TRAVEL PLAZA #925- TOWN PUMP,"I-15, EXIT 277",Great Falls,MT,815,3.63566666,47.470225,-111.358462
67636,LOVES TRAVEL STOP #258,"I-35, EXIT 183",Ottawa,KS,336,3.263,38.572768,-95.265456
67625,LOVES TRAVEL STOPS #453,"I-10, EXIT 130 & US-231",Cottondale,FL,20,3.589,30.74865,-85.383189
67626,KWIK TRIP #316,SR-15 N/SR-22 E,Hutchinson,MN,451,3.279,44.870085,-94.374175
67637,Power Gas & Truck Stop,US-1/US-9/US-46 & SR-5,Palisades Park                          ,NJ,115,3.219,40.841359,-73.998795
67628,LOVES TRAVEL STOP #394,"I-65,EXIT 230",Demotte,IN,365,3.51233333,41.1438812,-87.2608938
67627,PILOT TRAVEL CENTER #4556,"I-75, EXIT 329",Wildwood,FL,225,3.319,28.873709,-82.091112
67641,DANIEL BOONE TRAVEL CENTER,US-23 /US-421/US-58 & SR-871,Duffield,VA,405,3.55733333,36.711641,-82.791683
67629,KWIK TRIP #681,"I-94, EXIT 205",Saint Michael,MN,451,3.29733333,45.217716,-93.598299
67635,LOVES TRAVEL STOP #456,I-280 EXIT 1B,Perrysburg,OH,550,3.76066666,41.5383796,-83.4669622
67643,QUALITY MART #62,I-77 EXIT 82,Jonesville,NC,65,2.859,36.238597,-80.815055
67634,54 TRUCK STOP,US-54,Mullinville                             ,KS,357,3.46566666,37.580808,-99.475012
67636,LOVES TRAVEL STOPS #258,"I-35, EXIT 183",Ottawa,KS,336,3.239,38.572768,-95.265456
67644,PARKERS #31 (DISCOUNT AVAILABLE),US-80/SR-26 & US-280,Ellabell,GA,195,3.03233333,32.166022614752,-81.556984123881
67642,GO MART FOOD STORE #103,SR-16 & CR 50/39,Ellenboro                               ,WV,44,3.699,39.266444,-81.05616
67647,BUCHS TRUCK STOP,SR-7,Steubenville                            ,OH,542,3.69233333,40.403636,-80.621196
67655,CIRCLE K #2706627,"I-10, EXIT 261",Slidell,LA,725,3.189,30.225556,-89.78578
67645,CIRCLE K #2721416,US-441 & SR-20,Gainesville,FL,75,3.899,29.673695,-82.388646
67650,VIRGINIA FAST STOP,SR-78 & SR-125,Virginia,IL,318,3.759,39.953472,-90.206748
67656,KWIK TRIP #888,US-10/US-49 & SR-54,Waupaca,WI,395,3.45733333,44.355216,-89.119133
67651,SIMMONS,US-60/SR-21,Ellsinore,MO,275,3.424,36.935654,-90.747079
67658,MIRABITO #41,I-81 EXIT 13,Tully                                   ,NY,12,4.299,42.747724,-76.135286
67668,ADVENTURE TRUCK PLAZA,SR-3185 & SR-3107,Thibodaux,LA,623,3.399,29.784616,-90.859828
67652,ON THE GO TRAVEL CENTER,"I-435, EXIT 8",Kansas City,KS,400,3.999,39.0514972,-94.794201
67657,KWIK TRIP #463,US-52/SR-60,Zumbrota,MN,515,3.524,44.282751,-92.667364
67669,CHEVRON DBA ONE9 #1271,SR-86,Thermal,CA,900,4.259,33.279065,-115.965245
67665,ALL STAR,US-75 N,Sabetha                                 ,KS,553,3.499,39.903268,-95.800065
67664,CEFCO #16,SR-171,Godley,TX,637,2.98233333,32.451892,-97.538766
67678,7-ELEVEN #40301,I-90/I-80,Genoa,OH,550,3.66233333,41.523470435151,-83.360131902886
67676,VALERO,"I-530/US-65, EXIT 34 & SR-365",White Hall,AR,695,3.16566666,34.260038,-92.101879
67666,5 STAR TRUCK STOP,"I-44, EXIT 137",Oklahoma City,OK,483,2.879,35.592342,-97.437282
67682,CASEYS #2739,1323 E MAIN ST,Beloit,KS,336,3.359,39.459056,-98.109049
67677,BIGGAS TRUCK STOP,US-190/SR-6 & FM-2818,Bryan,TX,670,3.199,30.725356,-96.426011
67669,ONE9 #1271,SR-86,Thermal,CA,900,4.299,33.640573,-116.139493
67697,FLORENCE TRAVEL PLAZA,"I-95, EXIT 150",Timmonsville                            ,SC,42,3.999,34.064848,-79.951076
67683,CASEYS #2734,"I-80, EXIT 222",Cozad,NE,330,3.03233333,40.859513,-99.980385
67684,CASEYS #2490,"I-35, EXIT 124 & US-69",Story City,IA,320,3.06233333,42.185863,-93.5910591
67698,FRONTIER TRAVEL CENTER,US-12 & US-85,Bowman,ND,807,3.53233333,46.177384,-103.405723
67685,CASEYS #2792,"I-380/US-218, EXIT 13",Cedar Rapids,IA,380,3.499,41.889282,-91.673706
67686,CASEYS #2956,"I-315/US-81, EXIT 40",Hesston,KS,570,3.199,38.139495,-97.426949
67701,MARATHON,"I-94, EXIT 331",Casselton,ND,341,3.31566666,46.875631,-97.209679
67690,CEFCO #64,ST RT 14,Mexia,TX,765,3.099,31.683627,-96.482581
67695,MOREHEAD TRUCKSTOP,"I-64, EXIT 133 & SR- 801",Morehead,KY,255,3.599,38.179721317261,-83.435756972717
67706,SPEEDWAY #3495,US-1/9,Elizabeth,NJ,115,3.599,40.674448,-74.198203
67699,GAP FARMS TRAVEL CENTER,"I-20, EXIT 69 & SR-151",Arcadia                                 ,LA,590,3.249,32.566424,-92.911891
67705,CITGO,US-1,North Brunswick,NJ,115,3.18566666,40.431639,-74.514832
67702,SPEEDWAY #6539,US-41/SR-45 & SR-52,Land O Lakes,FL,225,3.49566666,28.320913,-82.502353
67721,J AND D COUNTRYSIDE MARTHON,SR-76 & SR-173,Poplar Grove                            ,IL,520,3.499,42.371491,-88.823854
67712,CASEYS #3810,"I-29, EXIT 132 & US-14",Volga,SD,530,3.279,44.3225028,-96.9266146
67703,SPEEDWAY #6880,CR-611,Clearwater,FL,225,3.37733333,27.88588,-82.700881
67715,HUTCH'S #109,"I-40, EXIT 38",Elk City                                ,OK,483,2.969,35.407845,-99.380033
67727,SPEEDWAY #7907,US-264 & SR-33,Greenville,NC,205,2.944,35.557629,-77.468432
67707,SPEEDWAY #3503,"I-95, EXIT 13 & I-278/US-1/US-9",Linden,NJ,115,3.429,40.632577,-74.238629
67716,HWY 19 SCALE,"SR-19/I-35, EXIT 66",Gaylord                                 ,MN,425,3.46566666,44.556751,-94.193743
67729,SPEEDWAY #6981,US-301 BYP,Rocky Mount,NC,177,3.43233333,35.94456,-77.77683
67711,HOUMA COTEAU TRAVEL PLAZA,I-90/SR-20,Houma                                   ,LA,725,3.06233333,29.631437,-90.704941
67723,JET FOOD STORE #80,US-221/SR-135 & SR-206,Douglas                                 ,GA,10,3.45733333,31.555332,-82.967493
67732,Quik Pik,US-275 & SR-9,West Point,NE,470,3.21566666,41.83927,-96.710778
67718,SUNSTOP #622,SR-52 & SR-167,Hartford,AL,715,3.599,31.096508,-85.708109
67724,LOVES TRAVEL STOP #458,"I-44, EXIT 88",Strafford,MO,416,3.37233333,37.2762587,-93.112286
67738,SUPER JACK TRUCK STOP,US-84,Brookhaven,MS,620,3.11566666,31.552654,-90.385529
67720,REFUEL #1046,"I-20, EXIT 116 & US-15",Bishopville,SC,42,3.309,34.2181492,-80.2486146
67734,TROTTER TRUCK PLAZA,ST 11,Ord,NE,330,3.299,41.603019,-98.929332
67739,STRIPES #40819,SR-359,Orange Grove,TX,625,3.06566666,27.95636,-97.937585
67726,SPEEDWAY #7909,"US-264, EXIT 73",Greenville,NC,205,3.13233333,35.557629,-77.468432
67735,Fast Fuel,US-81/SR-3,Kingfisher,OK,483,3.19066666,35.832386,-97.933727
67745,STRIPES #40628,"I-2, EXIT 134 & US-83",Mission,TX,639,3.259,26.288411,-98.319279
67728,SPEEDWAY #7905,SR-43 & SR-118,Vanceboro,NC,205,3.37566666,35.311576,-77.159844
67742,STRIPES 7FLEET #42514,"I-20, EXIT 138",Midland,TX,710,3.459,31.982874,-102.036792
67750,STRIPES #40729,FM-511 & FM-802,Brownsville,TX,598,2.999,25.965488,-97.514737
67736,SPEEDWAY #9855,I-10 EXIT 49,Fabens,TX,640,3.23566666,31.5182,-106.132314
67744,STRIPES #40715,SR-107,La Villa,TX,639,3.169,26.29364,-97.929265
67757,KEITH'S SUPERSTORE,"I-59, I-20, EXIT 160",Meridian,MS,705,3.049,31.62541,-89.542523
67743,STRIPES 7FLEET #42506,US-380 & US-277,Haskell,TX,575,3.539,33.156915,-99.727074
67749,STRIPES 7FLEET #42436,I-20 EXIT 134,Midland,TX,612,3.06566666,31.982874,-102.036792
67763,SHELL,US-72,Mount Pleasant,MS,435,3.399,34.959759,-89.528529
67746,STRIPES #40598,I-2/US-83,Mission,TX,639,2.869,26.288411,-98.319279
67753,STRIPES #40892,SR-359 & SR-16,Hebbronville,TX,625,3.28566666,27.312229,-98.678792
67764,NINNEKAH TRUCK STOP,US-277/US-81 & SR-19,Ninnekah,OK,483,3.229,34.957044,-97.951725
67747,STRIPES 7FLEET #42424,US-87/US-190,Brady,TX,740,3.599,31.134774,-99.334949
67754,Refuel #185,US-220,Stokesdale,NC,65,3.699,36.2372782,-79.9793542
67769,PETRO-CANADA,HWY 1,Whitehorse,YT,503,4.00823444,60.726726,-135.063185
67748,STRIPES 7FLEET #42428,"I-20 EXIT, 115",Odessa,TX,710,3.069,31.849462,-102.374677
67755,BLUE WATER #12,"I-526, EXIT 23",Charleston,SC,42,3.23233333,32.806829,-80.007883
67769,PETRO-CANADA,HWY 1,Whitehorse,YT,503,4.01621367,60.726726,-135.063185
67758,CLARKS PUMP N SHOP #47,SR-10/SR-9,Vanceburg,KY,312,3.599,38.591835,-83.326545
67766,STOP IN Food Store #8143,US-221/US-460 & SR-607,Montvale,VA,185,3.36566666,37.382308,-79.72809
67769,PETRO-CANADA,HWY 1,Whitehorse,YT,503,4.00734981,60.726726,-135.063185
67762,CEFCO #2008,US-83/US-62 & US-287,Childress,TX,770,2.91566666,34.435145,-100.226576
67768,SHELL,US-60 & SR-657,Lewisport,KY,487,3.499,37.931514,-86.914055
67769,PETRO-CANADA,HWY 1,Whitehorse,YT,503,3.92582703,60.726726,-135.063185
67769,PETRO-CANADA,HWY 1,Whitehorse,YT,503,4.00646558,60.726726,-135.063185
67769,PETRO-CANADA,HWY 1,Whitehorse,YT,503,4.01562153,60.726726,-135.063185
67771,DUCK THRU FOOD STORE #26,"I-95, EXIT 154 & SR-308 & SR-11/SR-42",Lewiston Woodville                      ,NC,177,3.399,36.122042,-77.174009
67774,7-ELEVEN #39329,I-278/US-1,Linden,NJ,79,3.37566666,40.625552340472,-74.24168021381
67783,RUTTERS #4,US-30 & SR-1016/2011,Wrightsville                            ,PA,70,3.989,40.02495,-76.533786
67772,STEVES SHELL,"I-55, EXIT 42",Brookhaven                              ,MS,620,3.199,31.546707975156,-90.270975954831
67779,REATA PETROLEUM,I-76 & BARLOW RD,Fort Morgan                             ,CO,800,3.439,40.253979,-103.801495
67792,CUBBYS #113,US-20/US-275,Oneill                                  ,NE,470,3.22566666,42.456766,-98.633818
67777,CIRCLE K #2721270,"I-95, EXIT 358B, SR-105",Jacksonville,FL,75,3.34233333,30.288373,-81.633347
67782,SAMS MART #45,"I-40, EXIT 24 & SR-209",Waynesville,NC,405,3.599,35.567333,-82.956875
67794,ROAD RANGER #181,"I-55, EXIT 90",Springfield,IL,318,3.299,39.830437,-89.583913
67784,HAVANA CONVENIENCE,US-136,Havana                                  ,IL,368,3.799,44.06635,-93.14632
67787,PWI #109,"I-20, EXIT 126",Midland,TX,710,2.999,31.997433,-102.078043
67794,ROAD RANGER #181,"I-55, EXIT 90",Springfield,IL,318,3.399,39.830437,-89.583913
67789,BEAR RIVER VALLEY CO OP,SR-13/SR-83,Corinne                                 ,UT,835,3.419,41.555646,-112.128179
67791,KINGSPORT TRUCK STOP,"I-81, EXIT 63",Kingsport,TN,405,3.899,36.44246204682,-82.457386742075
67795,ROAD RANGER #263,"I-80, EXIT 93",Ottawa,IL,520,3.219,41.378921,-88.777547
67793,PILOT TRAVEL CENTER #131,"I-35, EXIT 34",Osceola                                 ,IA,320,3.459,41.0404893,-93.7956567
67793,PILOT TRAVEL CENTERS #131,"I-35, EXIT 34",Osceola                                 ,IA,320,3.439,41.0404893,-93.7956567
67795,ROAD RANGER #263,"I-80, EXIT 93",Ottawa,IL,520,3.339,41.378921,-88.777547
67801,SUNOCO,"I-275, EXIT 42/SR-747",Cincinnati                              ,OH,407,3.099,39.292917,-84.35661
67794,ROAD RANGER #181,"I-55, EXIT 90",Springfield,IL,318,3.409,39.830437,-89.583913
67798,SUNSTOP #631,SR-231/SR-53 & SR-123,Ozark,AL,20,3.599,31.424715,-85.617978
67795,ROAD RANGER #263,"I-80, EXIT 93",Ottawa,IL,520,3.239,41.378921,-88.777547
67819,BREW #31,US-71/US-18,Spencer,IA,440,3.46566666,43.138284,-95.145166
67806,84 QUICK STOP,I-84,Brookhaven                              ,MS,620,3.149,31.57913,-90.440702
67795,ROAD RANGER #263,"I-80, EXIT 93",Ottawa,IL,520,3.399,41.378921,-88.777547
67813,LEROY TRUCK PLAZA,"I-74, EXIT 149",Le Roy,IL,280,3.479,40.337985,-88.768403
67797,CHEVRON,US-71 & SR-179,Coushatta                               ,LA,745,3.15566666,32.023701,-93.338873
67815,LOVES TRAVEL STOP #254,"I-70, EXIT 59 & SR-39",Mooresville,IN,375,3.929,39.615963,-86.478593
67804,SUNSTOP #616,US-84/SR-134 & CR-1,Daleville,AL,20,3.399,31.296231,-85.72228
67821,FAS MART #5261,SR-9 & SR-57,Tollesboro,KY,410,3.35233333,38.553422,-83.585079
67811,QUICK FUEL #5301,SR-360,Grand Prairie,TX,637,3.024,32.792723,-97.054475
67826,VALLEN MART,US-14,Volga,SD,566,3.319,44.324671,-96.909422
67818,LOVES TRAVEL STOP #457,"I-30/US-67/US-70, EXIT 128",Little Rock,AR,695,3.24233333,34.656977,-92.412969
67827,GAS N GO,US-280/SR-27 & SR-520,Richland                                ,GA,10,3.199,32.086787,-84.675549
67820,CIRCLE K #2723487,US-17 & SR-211,Supply,NC,245,3.289,34.017431,-78.274181
67833,PETES #05,US-59 & US-400,Parsons,KS,307,3.299,37.364678,-95.257539
67822,SPINX #178 (DISCOUNT AVAILABLE),"I-385, EXIT 42 & I-85, EXIT 51B & US-25",Travelers Rest,SC,210,3.19233333,34.968493,-82.444563
67839,EL TIGRE FOOD STORE #13,SR-336,Hidalgo                                 ,TX,639,3.21566666,26.129426,-98.24352
67823,FLASH MARKET #17032,"I-555/US-63, EXIT 29 & SR-69",Trumann,AR,435,3.40733333,35.677769,-90.549916
67842,CIRCLE K #4707627,"I-81, EXIT 48",Watertown,NY,220,4.099,44.037297,-75.911246
67824,CIRCLE K #2723641,US-231/SR-87/SR-10/SR-53 & CR-21,Troy,AL,720,3.799,31.791511,-85.977498
67844,UNCLE WILLIES #1288,US-13,Felton,DE,243,3.219,38.984172,-75.567807
67829,KWIK TRIP #721,SR-19 & SR-73,Marshall,WI,420,3.49733333,43.169065,-89.06937
67854,CircleK #2709341,US-411,Chatsworth,GA,285,3.499,34.780633,-84.888738
67832,Sprint Mart #45,US-278/US-45,Tupelo,MS,742,3.189,34.287864,-88.676073
67859,PILOT #1135,US-281,Falfurrias,TX,639,3.459,27.212133,-98.141369
67835,CIRCLE K #2723782,"I-40, EXIT 38 & US-421",Greensboro,NC,65,3.08233333,36.02387,-79.819696
67860,SHELL,"I-55, EXIT 227 & SR-32",Oakland,MS,435,2.999,34.075221,-89.895742
67837,PILOT TRAVEL CENTER #1054,US-183 & SR-21,Buda,TX,740,3.41566666,30.034672,-97.686949
67861,CASEYS #4308,US-34,Chariton                                ,IA,320,3.539,41.014443,-93.303492
67841,CIRCLE K #2723844,US-15/US-501/US-1,Sanford,NC,177,3.049,35.332776,-79.046109
67866,QUICK DRAW TRAVEL PLAZA,"I-20, EXIT 49 & SR-531",Minden                                  ,LA,590,3.01233333,32.582547,-93.246924
67846,CEDAR RIVER PLAZA,SR-35,Stephenson,MI,360,3.419,45.409573,-87.357324
67871,BASIN MARKET #107,US-40,Vernal,UT,810,3.599,40.387461,-109.438693
67847,E Z PICKENS,"US-20, EXIT 275 & SR-13",Manchester,IA,335,3.579,42.467794,-91.480162
67874,RUTTERS #56,"I-83, EXIT 39A & SR-114",New Cumberland                          ,PA,70,3.899,40.206903,-76.874284
67848,JEMISON EXXON,"I-65, EXIT 219 & CR-42",Jemison,AL,615,3.299,32.9648258,-86.7470975
67875,EXXON TIGER MART,"US-67/US-167, EXIT 28 & US-64",Beebe,AR,695,3.299,35.075503,-91.881745
67876,KUM & GO #0880,"US-412, EXIT 36",Stillwater,OK,560,2.954,36.131224574505,-97.123158639285
67849,KUM & GO #0379,US-412/ US-63 & SR-25,Black Rock,AR,435,3.199,36.104469,-91.099608
67877,CIRCLE K #4703701,I-24 EXIT 70,Smyrna,TN,460,3.03233333,35.932176,-86.534517
67879,Strike,US-287/96/69 & SR-347,Beaumont,TX,610,3.499,30.022187,-94.051313
67850,SMILEYS FUEL CITY,"I-64/I-81, EXIT 205 & SR-206",Raphine,VA,185,3.539,37.931122,-79.225207
67886,MAVERIK #5200,"I-70 BUSINESS, EXIT 25, CR-24",De Beque,CO,800,3.44233333,39.326794,-108.207348
67887,AIRLINE CHEVRON,US-61,Kenner                                  ,LA,725,3.099,29.978948,-90.279072
67855,FAS MART #5262,"I-64, EXIT 94 & SR-1958/SR-2888",Winchester,KY,410,2.90733333,38.012863,-84.207193
67892,TURRELL FUEL STOP,"I-55, EXIT 21",Turrell                                 ,AR,435,3.46566666,35.37978,-90.265092
67894,CIRCLE K #2705098,US-27 & SR-44,Leesburg,FL,140,3.57233333,28.869665,-81.789505
67862,SUNOCO TRUCK STOP,"I-70, EXIT 123 & SR-3",Spiceland,IN,375,3.399,39.84851,-85.42053
67900,SPRINT FOODS #725,"I-520, EXIT 16/SR-28",Beech Island                            ,SC,135,3.349,33.525426437973,-81.963792558228
67897,KENT KWIK #273,SR-302 & SR-18,Kermit,TX,710,3.039,31.847982,-103.08737
67865,PILOT TRAVEL CENTER #897,"I-95, EXIT 12B, INTERSECTION OF SR-826 & 817",Opa Locka,FL,95,3.699,29.8143031,-82.1687918
67906,ON THE GO,SR-239,Prescott,KS,400,3.199,38.06693,-94.7082
67908,CIRCLE K #2744062,"I-25, EXIT 74",Colorado City,CO,796,3.349,39.687165,-104.940253
67865,PILOT TRAVEL CENTERS #897,"I-95, EXIT 12B, INTERSECTION OF SR-826 & 817",Opa Locka,FL,95,3.699,29.8143031,-82.1687918
67910,G FUEL,US-40 & SR-140,Penns Grove,NJ,243,3.399,39.680391,-75.469786
67917,STRIPES 7FLEET #42510,"I-10, EXIT 256/US-285",Fort Stockton,TX,710,3.379,30.894203,-102.883975
67868,CHEVRON,SR-19,Huntsville                              ,TX,670,2.979,30.794602,-95.460915
67924,KUM & GO #0026,"I-90, EXIT 26",Adrian,MN,440,3.19066666,43.641181,-95.934222
67918,DELAWARE TRUCK STOP,"I-80, EXIT 4C/US-46",Delaware,NJ,90,3.079,40.89252,-75.065549
67872,SMOKIES,US-45,Okolona                                 ,MS,576,3.099,34.016535,-88.70037
67925,CHEVRON,US-61,Baton Rouge                             ,LA,600,3.899,30.42778,-91.078573
67927,STONES TRUCK STOP,"I-29, EXIT 77/US-212",Watertown,SD,566,3.38233333,44.898844,-97.106454
67883,CASH MAGIC HOLLYWOOD,US-90,Berwick,LA,725,3.399,32.450981,-93.77153
67932,SPRINT MART #4144,US-82/US-45/SR-12 & SR-182,Columbus                                ,MS,576,3.01566666,33.4884829,-88.4909605
67935,CIRCLE K #2707610,"I-10, EXIT 26",Milton,FL,155,3.23233333,30.532092,-87.088089
67884,ROADRUNNER FUELS,US-550/SR-544,Aztec,NM,614,3.77566666,36.811852,-107.999135
67934,WHISPERING PINES,SR-10,Greensburg                              ,LA,600,3.099,30.82375,-90.573066
67940,MARTIN GENERAL STORE,US-22,Ebensburg                               ,PA,14,3.524,40.460512,-78.769508
67890,KUM & GO #0449,US-60/US-71,Neosho,MO,535,3.05566666,36.912798493375,-94.260732558055
67922,EXXON,"I-20, EXIT 44 & US-371 & US-80/US-79",Minden,LA,745,3.399,32.59365,-93.338061
67949,7-ELEVEN #36835,"I-85, EXIT 32",Pelzer,SC,30,3.18233333,34.672787,-82.532147
67923,MONROE CENTER BP OASIS,"I-39, EXIT 111/US-51 & SR-72",Monroe Center                           ,IL,520,3.599,42.101447,-89.018535
67929,Circle K,SR-574,Plant City,FL,225,3.32566666,28.025402,-82.186713
67965,DIAMOND #7,"I-65, EXIT 69",Brewton,AL,715,3.399,31.20077,-87.311472
67930,CIRCLE K #2721426,US-98/SR-30A & SR-368,Panama City,FL,145,3.29066666,30.146004,-85.590653
67974,TALL TIMBERS TRUCKSTOP,"I-10, EXIT 23 & SR-108",Sulphur                                 ,LA,690,3.83233333,30.220649286039,-93.349914388966
67931,Forks 1&23,US-1/US-23/SR-4 & SR-19,Alma                                    ,GA,195,3.599,31.628333,-82.461481
67976,KWIK TRIP #587,US-141 & SR-22,Lena,WI,582,3.28233333,44.887815,-88.045364
67933,SUNOCO,SR-50 & SR-471,Webster,FL,140,3.33566666,28.554613,-82.054047
67994,Pure,US-82/SR-520/SR-135,Willacoochee,GA,10,3.46566666,31.338003,-83.047883
67938,TEXACO,"I-84, EXIT 376",Tremonton,UT,835,3.45566666,41.711746,-112.166053
67939,DELTA FUEL,"I-80, EXIT 242 & SR-339",Mifflinville,PA,138,3.36566666,41.027446,-76.30434
67941,FIESTA MART #21,"I-40, EXIT 278",Warner,OK,560,3.639,35.494626,-95.30646
68008,FAST LANE #3,US-64 & US-49,Mc Crory,AR,435,3.399,35.258393117959,-91.197469726248
67943,LOVES TRAVEL STOP #459,"I-65, EXIT 133 & SR-267",Whitestown,IN,375,3.62233333,39.979433,-86.395791
68009,CIRCLE K #2741779,"US-270, EXIT 2",Hot Springs National Park,AR,695,3.369,34.478787,-93.112878
68012,ROYAL FARMS #120,US-13/CR-16,Greenwood                               ,DE,194,3.259,38.805242,-75.583288
67952,CIRCLE K #2707682,"I-75, EXIT 164 & US-17/SR-35",Punta Gorda,FL,225,3.399,26.965765,-82.064518
68017,TEXACO,SR-89,Prescott,AZ,930,3.739,34.54564,-112.458629
68019,PAC PRIDE CARDLOCK,CR-25/CR-826,Miami,FL,95,3.479,25.839058,-80.317545
67957,CITGO,US-27,Hialeah,FL,64,3.47233333,25.877386,-80.326074
68020,EXXON,"I-10, EXIT 335/SR-121",Macclenny,FL,75,3.499,30.281355,-82.132878
67968,WHITESBURG BP,US-27/SR-16,Whitesburg                              ,GA,18,3.699,33.493489,-84.913595
68030,FIVE STAR EXPRESS,"I-520/SR-415, EXIT 16 & SR-28",Augusta,GA,135,3.499,33.451768,-81.924842
68031,ORCHARD STOP BP,US-30,Montgomery                              ,IL,290,3.649,41.729001,-88.374857
67977,KUM & GO #4127,"I-29, EXIT 127",Sloan,IA,527,3.109,42.227621,-96.236445
68036,MOBIL,"I-95, EXIT 60",Salisbury,MA,178,3.599,42.869427,-70.884307
68031,ORCHARD STOP BP,US-30,Montgomery                              ,IL,290,3.549,41.729001,-88.374857
67997,CIRCLE K #2745137,"I-75/SR-401, EXIT 149 & SR-49",Byron,GA,85,3.199,32.650714,-83.756912
68033,CIRCLE K #2703175,"I-520/SR-415, EXIT 9 & SR-56",Augusta,GA,135,3.28233333,33.550606,-82.089414
68002,CO RETAIL VENTURE DB,US-34 & SR-59,Yuma,CO,800,3.449,39.715353,-104.982292
68040,MISHAWAKA ROAD FLEET SITE,SR-19 & CR-20,Elkhart                                 ,IN,465,3.689,41.641436633475,-85.938347577088
68005,WESSON,"I-84, EXIT 22, SR-8, EXIT 22",Waterbury,CT,100,4.179,41.595017265716,-73.055669426033
68043,CARROLL MOTOR FUELS,US-40,Middle River,MD,22,3.139,39.33614,-76.446484
68007,Highland oil,US-412,Hardy,AR,435,3.269,36.259353,-91.537734
68048,CASEYS #3961,SR-3 & SR-143,Marcus,IA,527,3.299,42.8242323,-95.7993925
68016,Chevron #386730,"I-10, EXIT 139",Phoenix                                 ,AZ,930,3.299,33.639735,-112.100144
68053,KJ TRAVEL CENTER,"US-20, EXIT 310",Idaho Falls,ID,825,3.40733333,43.5261248,-112.0213909
68026,MINIT MART #600627,"I-57, EXIT 312",Kankakee,IL,399,3.449,41.118571,-87.859973
68055,Gallops,US-20,Michigan City,IN,370,3.399,41.718734,-86.900898
68029,MAPCO #3502,SR-151,Ringgold,GA,285,3.09233333,34.936612,-85.205779
68076,JENNINGS TRUCKSTOP,"I-10, EXIT 65",Jennings,LA,690,2.999,30.238152,-92.634062
68065,Caseys #4450,US-160,Ulysses                                 ,KS,525,3.399,37.580796,-101.358041
68052,CUBBYS #302,SR-39 & SR-175,Odebolt,IA,319,3.31566666,42.311662,-95.244832
68068,ELGIN ONE STOP,SR-14 & SR-70,Elgin,NE,470,3.13733333,41.984309,-98.084589
68062,FARMERS UNION OIL,US-83,Wilton                                  ,ND,390,3.899,47.154818,-100.790601
68093,MARATHON,US-223/CR-52,Adrian,MI,385,3.599,41.904927,-84.082029
68072,FAMILY FARE #834 (DISCOUNT AVAILABLE),"US-131, EXIT 175",Byron Center,MI,371,3.739,42.81028,-85.722958
68067,PUMP & PANTRY #2,US-30 & US-281,Grand Island,NE,330,3.30733333,40.922431,-98.346558
68102,SUNOCO,ST 17,Carlstadt                               ,NJ,115,3.16233333,40.839468,-74.083719
68080,SAMMYS TRUCK AUTO PLAZA,"I-49, EXIT 53",Bunkie                                  ,LA,730,3.399,30.949241,-92.272332
68070,PAULS TRUCK STOP,US-171,Leesville                               ,LA,690,3.449,31.143259,-93.263776
68081,SHELL,SR-308 & SR-654,Mathews                                 ,LA,725,3.459,29.678209,-90.541403
68073,BIG BATS 2,US-20,Chadron,NE,506,3.699,42.828894,-103.017359
68091,ALLTOWN MARKETS,"SR-101, EXIT 2",Auburn,NH,178,3.799,42.781385,-72.1402
68079,NORTH FORK TRUCK STOP,US-12/CR-103,White Pigeon,MI,465,3.559,41.798755,-85.739816
68122,CENEX,SR-11/SR-310,Roseau                                  ,MN,449,3.499,48.847259,-95.769521
68095,ALEXS MARKET AND GRILL,"I-75, EXIT 101",Holly                                   ,MI,342,4.699,42.814547,-83.573344
68079,NORTH FORK TRUCK STOP,US-12/CR-103,White Pigeon,MI,465,3.599,41.798755,-85.739816
68133,CASEYS #4256,US-71/SR-175,Joplin                                  ,MO,416,3.069,36.980910345716,-94.59506707139
68100,REFINED MARKETERS,"I-96, EXIT 31A/US-131, EXIT 88",Grand Rapids                            ,MI,344,3.739,42.9654617,-85.6701714
68112,QUICK FUEL #3138,"I-35, EXIT 98/CR-26",Saint Paul,MN,448,3.61733333,44.84575,-93.14253
68110,CIRCLE K #4705573,SR-82,Grafton,OH,414,3.749,41.314333,-82.001021
68113,CIRCLE K #4705571,ST 2,Holland,OH,550,3.549,41.610658,-83.736923
68151,KUM & GO #0498,SR-125,Rogersville,MO,535,3.05233333,37.119424,-93.11872
68107,SPEEDWAY #4500,"I-35, EXIT 171/CR-11",Pine City,MN,451,3.549,45.84587,-92.972964
68129,CULVERS HAWKINS,"US-59/I-29, EXIT 43",Saint Joseph,MO,400,3.199,39.804802,-94.815981
68154,LOVES TRAVEL STOP #395,"I-57, EXIT 308",Kankakee,IL,290,3.449,41.118571,-87.859973
68114,BP,US-130,Burlington                              ,NJ,230,3.14566666,40.101898,-74.795167
68140,CROSSROADS RATON TRUCK STOP,"I-25/US-85, EXIT 451 & US-87",Raton,NM,803,3.499,36.884398,-104.428027
68154,LOVES TRAVEL STOP #395,"I-57, EXIT 308",Kankakee,IL,290,3.549,41.118571,-87.859973
68116,Circle K #2746335,"I-35, EXIT 22",Minneapolis,MN,448,3.799,45.150645,-93.236241
68148,CIRCLE K #2723389,US-49,Gulfport,MS,715,2.944,30.393551,-89.04476
68158,SUNOCO,"I-78, EXIT 29A/SR-61",Shoemakersville,PA,90,3.639,40.513821,-75.966883
68124,CIRCLE K #4705587,SR-585 & SR-57,Rittman,OH,249,3.659,40.925237,-81.765012
68154,LOVES TRAVEL STOP #395,"I-57, EXIT 308",Kankakee,IL,290,3.379,41.118571,-87.859973
68147,Regal Truck Stop,SR 30,New Albany,MS,435,3.249,34.49397,-89.008381
68154,LOVES TRAVEL STOP #395,"I-57, EXIT 308",Kankakee,IL,290,3.489,41.118571,-87.859973
68155,SHEETZ #181,"I-80, EXIT 158 & SR-220",Bellefonte,PA,14,3.729,40.884361,-77.779783
68154,LOVES TRAVEL STOP #395,"I-57, EXIT 308",Kankakee,IL,290,3.429,41.118571,-87.859973
68165,GOLDEN GATE Fallon,US-50,Fallon,NV,966,3.549,39.474946,-118.796757
68156,A PLUS MINI MARKET,"I-95, EXIT 26",Philadelphia                            ,PA,160,3.999,40.050719,-75.066003
68167,CIRCLE K #4707628,SR-90 & SR-5,Montezuma,NY,220,3.999,42.963585,-76.734109
68157,RAJS MINI MART,US-1/SR-29,Morrisville,PA,230,3.899,40.206033,-74.779446
68188,ONVO TRAVEL PLAZA - GIBSON,"I-81, EXIT 219 & SR-848",New Milford,PA,200,3.589,41.890186,-75.729218
68169,GOLDEN GATE GOLDEN VALLEY,"US-395, EXIT 73",Reno,NV,966,3.949,39.607188229634,-119.812454615302
68161,KWIK FILL #390,SR-15 & TABER RD,Blossburg,PA,138,3.684,41.679038,-77.064382
68189,EAGLE EXXON,US-27/SR-29,Dayton,TN,285,3.399,35.527153,-84.987633
68177,ONVO TRAVEL PLAZA - MIFFLINVILLE,"I-80, EXIT 242/CR-339",Mifflinville,PA,138,3.36566666,41.025987,-76.317574
68174,MIRABITO #42,"I-81, EXIT 7",Castle Creek,NY,12,3.999,42.231688,-75.916641
68191,MARTIN GENERAL STORE # 207,SR-865/I-99 EXIT 41,Altoona                                 ,PA,14,3.539,40.373709,-78.873931
68180,One9 #1374,"I-81, EXIT 143, SR-924",Hazleton,PA,200,3.86233333,40.964993306856,-75.948474137349
68178,CIRCLE K #2723748,"I-20, EXIT 48",Pearl,MS,760,3.389,32.272905,-90.036972
68211,CEFCO #2005,"I-40, EXIT 73",Amarillo,TX,585,2.869,35.19203,-101.778235
68212,CIRCLE K #2723415,"I-26, EXIT 16",Spartanburg,SC,210,3.099,34.97506,-81.957701
68179,WEST PAK A POK,SR-8,Houston                                 ,MS,655,3.399,33.895811,-89.011476
68215,COWBOY TRAVEL PLAZA,"I-10, EXIT 833",Hamshire,TX,610,2.899,29.879775,-94.333344
68185,CITGO,US-22/SR-72,Jonestown                               ,PA,70,3.749,40.409056,-76.523962
68245,STRIPES #40705,US-77/SR-374,Combes,TX,665,2.91233333,26.247912,-97.725935
68234,CIRCLE K #2723705,"I-81, EXIT 80 & SR-121",Wytheville,VA,65,3.26566666,36.94673,-80.950635
68196,CATDADDY MARKET,SR-33,Tazewell,TN,405,3.299,36.448175,-83.574645
68253,KENT KWIK #262,"CR-18/I-20, EXIT 80",Monahans,TX,710,2.859,31.573561,-102.892561
68235,JOLLEY #113,"I-91, EXIT 28",Derby,VT,39,3.539,44.94782,-72.13288
68213,CADOO MILLS,"I-30/US-67, EXIT 87 & FM-1903",Caddo Mills,TX,253,2.80066666,33.066008,-96.22798
68256,EXTRA MILE TRUCK STOP,I-30 EXIT 208,Hooks,TX,723,2.81733333,33.119747,-95.637048
68236,TEX BEST #506,"I-35, EXIT 84",Dilley                                  ,TX,747,3.099,28.668394,-99.170477
68217,CIRCLE K #2723881,US-701 & US-501,Conway,SC,46,3.184,33.849534,-79.068752
68257,LOVES TRAVEL STOP #292,"I-55, EXIT 220",Dwight,IL,290,3.589,41.113422,-88.415195
68257,LOVES TRAVEL STOP #292,"I-55, EXIT 220",Dwight,IL,290,3.389,41.113422,-88.415195
68225,OASIS TRUCK STOP,US-60 & US-83,Canadian,TX,585,3.299,35.912919,-100.381788
68257,LOVES TRAVEL STOP #292,"I-55, EXIT 220",Dwight,IL,290,3.449,41.113422,-88.415195
68266,FREDS FUEL AND FOOD #2,"I-57, EXIT 283 & US-24",Gilman,IL,280,3.189,40.766583,-87.987319
68227,QUARLES #4914,"I-64 EXIT 297, US-13",Chesapeake,VA,130,3.52566666,36.71459,-76.2499253
68266,FREDS FUEL AND FOOD #2,"I-57, EXIT 283 & US-24",Gilman,IL,280,3.269,40.766583,-87.987319
68258,CIRCLE K #2741536,SR-83/CR-1015,Weslaco,TX,639,3.03566666,26.162456,-97.959311
68243,PILOT EXPRESS #1173,"I-5, EXIT 135",Tacoma,WA,977,4.599,47.241714,-122.4121281
68266,FREDS FUEL AND FOOD #2,"I-57, EXIT 283 & US-24",Gilman,IL,280,3.049,40.766583,-87.987319
68260,ALVARADO MARKET STATION,"I-35W, EXIT 26A & US-67",Alvarado,TX,637,2.844,32.416913,-97.224504
68257,LOVES TRAVEL STOP #292,"I-55, EXIT 220",Dwight,IL,290,3.489,41.113422,-88.415195
68271,PHOENIX #308,ST 210,Rocky Point                             ,NC,245,3.619,34.4305555,-77.8816516
68268,SPEED SMART,"I-10, EXIT 114",Buckeye,AZ,930,3.37233333,33.427527,-112.59042
68257,LOVES TRAVEL STOP #292,"I-55, EXIT 220",Dwight,IL,290,3.349,41.113422,-88.415195
68273,CHISUM TRAVEL CENTER,US-70/US-54,Tularosa,NM,640,2.999,33.062654,-106.015811
68270,MPC #2,US-67 & CR-A,Fredericktown,MO,574,2.99066666,37.559665,-90.292839
68261,STRIPES #2294,US-83 & FM-1120,Leakey,TX,740,2.949,29.714638,-99.762552
68282,SUNSTOP #612,US-84,Andalusia,AL,720,3.48566666,31.348773,-86.534913
68277,WHITE OAK STATION #15,US-65,Harrison,AR,735,3.599,36.191073,-93.030465
68274,CEFCO #6,SR-6 & SR-7,Marlin,TX,765,2.999,31.305462,-96.875589
68283,FLYING J# 852,"HWY-401, EXIT 814 & HWY-15",Lancaster,ON,720,4.74186729,45.135949,-74.49842
68279,MACS MARKET #101,ST 22A,Fair Haven                              ,VT,12,3.599,43.594808,-73.266198
68276,KWIK STAR #895,US-18/US-63 EXIT 204,New Hampton,IA,565,3.449,43.059392,-92.308658
68283,FLYING J# 852,"HWY-401, EXIT 814 & HWY-15",Lancaster,ON,720,4.73244636,45.135949,-74.49842
68283,FLYING J# 852,"HWY-401, EXIT 814 & HWY-15",Lancaster,ON,720,4.74116815,45.135949,-74.49842
68283,FLYING J# 852,"HWY-401, EXIT 814 & HWY-15",Lancaster,ON,720,4.7303579,45.135949,-74.49842
68298,MR FUEL #719,"I-80, EXIT 6",Gary,IN,365,3.56566666,41.565258,-87.402176
68283,FLYING J# 852,"HWY-401, EXIT 814 & HWY-15",Lancaster,ON,720,4.73383969,45.135949,-74.49842
68283,FLYING J# 852,"HWY-401, EXIT 814 & HWY-15",Lancaster,ON,720,4.7314019,45.135949,-74.49842
68301,LOVES TRAVEL STOP #463,I-10 EXIT 604,Seguin,TX,740,3.179,29.5619,-98.0346
68290,WALTON TRUCK STOP,US-78/SR-10 & SR-83,Monroe                                  ,GA,16,3.999,33.813204,-83.680507
68302,FLYING J #493,I-95 EXIT 77,Saint George,SC,42,3.519,33.191597,-80.581795
68308,PINECONE TRAVEL PLAZA,"I-94, EXIT 267",Johnson Creek,WI,420,3.219,43.087811,-88.76244
68292,GAS N GO,US-280/US-19,Americus,GA,10,3.299,32.071013,-84.217087
68307,EXPRESSWAY LUVERNE,"I-90, EXIT 12",Luverne,MN,432,3.239,43.64115,-96.213827
68311,SUN DO KWIK SHOP,SR-242,Evergreen                               ,NC,63,3.159,34.43758,-78.950458
68294,BP,"I-74, EXIT 51",Galesburg,IL,270,3.499,40.919285,-90.295148
68315,SHELL,"I-40, EXIT 200 & SR-99",Seminole,OK,483,2.859,35.385285,-96.670708
68316,CIRCLE K #2723622,"I-75, EXIT 345",Ringgold,GA,285,3.07566666,34.965507,-85.194067
68303,KWIK TRIP #351,SR-13 & SR-64,Medford,WI,295,3.40066666,45.15745,-90.334339
68318,NINOS TRUCK PLAZA,"I-10, EXIT 151",Port Allen,LA,600,3.039,30.450946,-91.246321
68319,HOLIDAY STATIONSTORE #2746484,US-61 & US-10,Hastings,MN,448,3.569,44.7311,-92.853418
68306,BIG D #018,SR-387 & SR-59,Gillette,WY,790,3.459,44.293099210834,-105.359761395168
68321,Big's #304,"I-35, EXIT 141",Moore,TX,740,2.999,29.0637656,-99.0118185
68330,SHREES TRUCK STOP,"I-90, EXIT 149 & SR-281",George                                  ,WA,920,3.569,47.0824631,-119.8603196
68314,Refuel #313,US-183 & SR-29,Liberty Hill                            ,TX,595,2.909,30.65246,-97.87156
68323,TRAINER MART,"I-10, EXIT 593",Marion,TX,740,2.999,29.496311,-98.195512
68330,SHREES TRUCK STOP,"I-90, EXIT 149 & SR-281",George                                  ,WA,920,3.739,47.0824631,-119.8603196
68328,TONKAWA TRAVEL CENTER,"I-35, EXIT 214 & US-60",Tonkawa,OK,500,3.099,36.693951,-97.348174
68330,SHREES TRUCK STOP,"I-90, EXIT 149 & SR-281",George                                  ,WA,920,3.709,47.0824631,-119.8603196
68330,SHREES TRUCK STOP,"I-90, EXIT 149 & SR-281",George                                  ,WA,920,3.759,47.0824631,-119.8603196
68333,GO MART FOOD STORE #106,US-250/US-219/SR-92/SR-55,Elkins                                  ,WV,44,3.499,38.893077,-79.847074
68347,ENERGY EXPRESS TRAVEL CENTER,I-70 EXIT 247,Saint Louis,MO,540,2.909,38.672956,-90.202814
68332,CIRCLE K #2701526,"I-40, EXIT 208",Colfax,NC,65,2.95733333,36.090714,-79.996787
68335,PILOT #481,"I-75, EXIT 20",Mc Donald,TN,285,3.599,35.153181,-84.953044
68348,HOT SPOT #6007,"I-85, EXIT 80",Spartanburg                             ,SC,210,3.089,34.983077,-81.862694
68339,LOVES TRAVEL STOP #464,"I-10, EXIT 523 & US-87",Comfort,TX,740,3.21233333,29.981851,-98.904608
68337,SPEEDWAY #1426,US-30 & SR-51,Merrillville,IN,290,3.88566666,41.507347,-87.363432
68359,LOVES TRAVEL STOP #466,"I-78, EXIT 65",Jasper,AL,615,3.55566666,35.03598,-85.582148
68343,HUTCH'S #119,I-40 EXIT 40,Elk City,OK,483,2.969,35.408172,-99.37976
68354,LEERJAK TRAVEL CENTER,US-60,Ellsinore,MO,275,3.409,36.926078,-90.761187
68361,DUCK THRU FOOD STORE #34,US-158 & US-17,Elizabeth City                          ,NC,130,3.499,36.415398,-76.342099
68349,SAPP BROS TRAVEL CENTER,"US-75, EXIT 116",Le Mars,IA,527,3.269,41.235615,-95.879933
68362,RUTTERS #5,US-30 & SR-997,Fayetteville,PA,70,3.859,39.912174,-77.566102
68366,MARATHON,US-68/SR-80,Russellville,KY,460,3.199,36.867503,-86.883912
68350,JOAQUIN QUICK STOP,US-84,Joaquin,TX,618,3.43233333,31.968875,-94.020407
68365,7-ELEVEN #36834,SR-72,Abbeville,SC,30,3.619,34.173132,-82.373102
68368,AKAL TRAVEL CENTER,I-80 EX 360,Waco,NE,413,2.799,40.824814,-97.463118
68360,A PLUS MINI MARKET,"I-95, EXIT 19",Philadelphia                            ,PA,160,4.049,40.050719,-75.066003
68370,GULF EXPRESS DIESEL AND GAS,"I-295, EXIT 4 & SR-14",Johnston                                ,RI,175,3.799,41.829855,-71.500696
68364,Maplefields,"I-89, EXIT 19",Saint Albans                            ,VT,39,3.539,44.795636,-73.093932
68378,PILOT TRAVEL CENTERS #596,I-69 EXIT 196,Smiths Creek,MI,342,3.959,42.977016,-82.542109
68367,LOVES TRAVEL STOP #447,"I-10 E, EXIT 0",Anthony,TX,640,3.449,31.9992883,-106.5810403
68381,Fast Stop Travel Centers #2241,US-26 S & SR-39,Blackfoot,ID,825,3.999,42.661313,-112.204412
68394,CHEVRON,"I-84, EXIT 343/CR-104",Ogden,UT,835,3.44233333,41.307046,-112.0282
68369,WORKMANS TRAVEL CENTER,"I-40 EXIT, 35 & SR-23",Ozark,AR,735,3.29733333,35.523772,-93.86415
68382,QUIKTRIP #766,US-29 & SR-316,Dacula,GA,18,3.32066666,34.072768,-83.918338
68386,KWIK TRIP #884,US-45 & SR-22,Clintonville,WI,582,3.559,44.616956,-88.762966
68372,SPEEDWAY #8062,SR-26/CR-00,Kokomo,IN,375,3.799,39.787242,-86.251949
68411,PAWNEE TRAVEL PLAZA,US-412 & SR-18,Pawnee                                  ,OK,560,3.044,36.227415,-96.785602
68375,PILOT #491,"I-81, EXIT 251 & US-11",Harrisonburg,VA,185,3.659,38.48022,-78.818499
68389,WEBERS OF PLYMOUTH,SR-57 N/CR-PP E,Plymouth,WI,582,3.499,43.810588053339,-87.987500144163
68377,PILOT #4568,I-20 EXIT 11,Graniteville,SC,135,3.39233333,33.604329,-81.841682
68396,TOOT N TOTUM #44,SR-287 E/CR-335 N,Amarillo,TX,585,3.04233333,35.184972,-101.794894
68423,GOLDEN GATE TRUCKSTOP,"I-80, EXIT 106 & SR-398",Lovelock,NV,966,3.649,40.177411,-118.46954
68383,AYERCO 32,US-61 & SR-P,Canton,MO,494,3.01566666,40.123981,-91.539164
68403,RUTTERS #16,"I-83, EXIT 10 & SR-214",York,PA,70,4.199,39.954574,-76.748982
68424,MAVERICK TRAVEL CENTER,"I-20, EXIT 386/US-281",Santo                                   ,TX,637,3.099,32.60597,-98.111759
68405,PILOT TRAVEL CENTER #1028,"I-45, EXIT 178/US-79 N",Buffalo,TX,765,3.549,31.4470081,-96.0794303
68416,STRIPES 7FLEET #42515,US-87 N,Lamesa,TX,710,3.099,32.736568,-101.951477
68441,QUIKTRIP #1106,US-76,Anderson,SC,30,2.959,34.535657,-82.631723
68417,7-ELEVEN #42072,"I-20, EXIT 599/SR-281",Longview                                ,TX,766,3.20733333,32.492911367311,-94.723082427005
68406,TOOT N TOTUM #114,US-385/US-54,Dalhart,TX,585,3.199,36.055878,-102.507047
68419,ROAD RANGERS #270,"I-35, EXIT 114/SR-462",Moore,TX,740,3.169,29.029159,-99.050848
68421,STRIPES,US-77,Refugio,TX,625,3.074,28.306129,-97.274297
68444,Sunoco,US-30,Roebling,NJ,160,3.159,40.112667,-74.770146
68420,SHELBINA Phillips 66,US-36 & SR-15,Shelbina,MO,494,3.099,39.700777,-92.039051
68446,J J OIL #07,US-160,Ulysses,KS,525,3.399,37.580796,-101.358041
68428,STRIPES #40519,US-90/CR-1023,Uvalde,TX,740,3.359,29.229642,-99.75518
68463,SPANISH LAKE TRUCK AND CASINO PLAZA,SR-182,New Iberia,LA,730,3.329,30.068052,-91.886316
68432,PAPA ROCK,US-79/SR-76,Clarksville,TN,460,3.199,36.5164819,-87.3203942
68462,CHEVRON,SR-24 & SR-660,Houma                                   ,LA,623,3.099,29.644668,-90.687497
68434,Circle K #2741789,"I-30, EXIT 98 & US-270",Malvern,AR,695,3.439,34.404032,-92.823076
68468,SHELL,SR-193/SR-163 & CR-26,Theodore,AL,715,3.039,30.46514,-88.11438
68440,EXPRESS GAS,"I-40, EXIT 2A/US-51",Memphis                                 ,TN,435,2.979,35.017524,-89.796383
68471,B LINE SHELL,SR-710,Jupiter                                 ,FL,140,3.95733333,26.933782,-80.139887
68476,CREEK TRAVEL PLAZA,"I-65, EXIT 54",Atmore,AL,715,3.13566666,31.086751,-87.5384
68447,JUMPIN JACKS 419,SR-161,Rockport                                ,IN,487,3.999,37.90093,-87.10863
68469,8 MILE STORE,"US-64/I-40, EXIT 127",Conway,AR,695,3.399,35.076959,-92.304722
68482,PETRO-CANADA,HWY 91,Delta                                   ,BC,800,4.59452716,49.024354,-123.068248
68451,CASEYS #3439,US-63,Lime Springs,IA,433,3.56566666,43.44751,-92.281
68480,KUM & GO #0414,US-212/SR-265,Springdale,AR,645,3.14233333,36.38854838304,-92.579297539051
68482,PETRO-CANADA,HWY 91,Delta                                   ,BC,800,4.62102914,49.024354,-123.068248
68453,Marathon,US-82/US-27,Cuthbert,GA,10,3.699,31.769427,-84.771044
68482,PETRO-CANADA,HWY 91,Delta                                   ,BC,800,4.53546381,49.024354,-123.068248
68482,PETRO-CANADA,HWY 91,Delta                                   ,BC,800,4.65745123,49.024354,-123.068248
68482,PETRO-CANADA,HWY 91,Delta                                   ,BC,800,4.63022827,49.024354,-123.068248
68458,SPEEDWAY #6278,"I-96, EXIT 16",Coopersville,MI,456,3.599,43.058036,-85.957678
68499,DUBOIS TRAVEL STOP,I-15 & MAIN,Dubois                                  ,ID,825,4.299,44.177854,-112.23113
68458,SPEEDWAY #6278,"I-96, EXIT 16",Coopersville,MI,456,3.499,43.058036,-85.957678
68493,FAST TRACK 427,"I-10, EXIT 225/US-19",Lamont,FL,20,3.739,30.471795,-83.892024
68511,PWI #675,I-10/US-85/US-180 EXIT 155 & SR-227,Vado,NM,640,2.949,32.125581,-106.642009
68465,LOVES TRAVEL STOP #470,"I-75, EXIT 451",Jasper,FL,10,3.32733333,30.452021,-82.934238
68497,JACKSONS FOOD STORE #30,"I-86, EXIT 61",Pocatello                               ,ID,825,3.459,42.925749,-112.466899
68512,BP,US-29/SR-154,Palmetto                                ,GA,18,3.249,33.528365,-84.662225
68466,KWIK TRIP #462,SR-11 & SR-83,Burlington,WI,444,3.274,42.69297,-88.265458
68518,CHEVRON,SR-243,Gordon                                  ,GA,85,3.359,32.907402,-83.297218
68522,MINIT MART #600632,"I-474, EXIT 9 & SR-29",Pekin,IL,368,3.739,40.567632,-89.646592
68482,PETRO-CANADA,HWY 91,Delta                                   ,BC,800,4.3415277,49.024354,-123.068248
68524,Coastal Fuel,US-421,Wilmington                              ,NC,245,3.399,34.075659404391,-77.887527902451
68533,MACH ONE FOOD SHOP #17,US-45/US-50,Flora,IL,510,3.899,40.098052,-88.191069
68494,LOVES TRAVEL STOPS #469,"I-85, EXIT 15 & US-1",South Hill,VA,180,3.949,36.748193,-78.098167
68531,CASEYS #2845,"SR-150, I-380, EXIT 41",Urbana,IA,380,3.449,42.2240056,-91.871412
68542,EXCELL FUELS,SR-5,Buffalo,NY,38,3.999,42.887691,-78.879374
68494,LOVES TRAVEL STOP #469,"I-85, EXIT 15 & US-1",South Hill,VA,180,3.949,37.155955,-77.2730002
68562,CHEVRON,SR-3235,Galliano                                ,LA,725,3.499,29.417926,-90.293481
68506,WARRIOR RIDGE,US-22 & SR-3035,Ashland,PA,14,3.699,40.540449,-78.031321
68574,SPRING STREET SERVICE STATION,US-1/US-9,Elizabeth                               ,NJ,115,3.099,40.675646394736,-74.198761649039
68520,SPEED GAS,SR-56,Rosenhayn                               ,NJ,150,3.459,39.4783884,-75.1313556
68534,BG FOOD MART,US-31,Bowling Green,KY,460,3.05733333,36.93952,-86.48665
68588,SHELL,"US-202, EXIT 16",Orange,MA,175,3.649,42.557852,-72.285936
68535,CASEYS #3295,SR-35 & SR-27,Prairie Du Chien,WI,420,3.499,43.051855,-91.1411847
68593,ONE9 #1285,"I-20, EXIT 386 & US-281",Santo,TX,575,2.924,32.603855,-98.215414
68592,Sprint Food #742,US-25/SR-121,North Augusta                           ,SC,135,3.159,33.525426437973,-81.963792558228
68541,DUCK THRU #3,SR-11 & SR-561,Ahoskie,NC,130,3.56233333,36.283954,-76.982371
68594,CIRCLE K #2723796,SR-S-8-33 & SR-S-8-119,Charleston,SC,42,3.199,32.861411,-79.908113
68549,GOOD 2 GO #212,US-310/SR 789,Lovell,WY,780,3.657,44.839011,-108.393464
68552,HUCKS FOOD & FUEL #368,"US-41, EXIT 44/SR-281",Madisonville,KY,340,3.399,36.700801454355,-85.698959635544
68556,MONICARLO FUEL STOP,US-61 & SR-54,Garyville                               ,LA,623,3.199,30.075363,-90.623743
68613,SHEETZ #236,SR-441 & SR-772,Marietta,PA,70,3.389,40.05622,-76.557215
68559,KUM & GO #0779,"I-35, EXIT 92 & US-136",Bethany,MO,320,2.95566666,40.265579,-94.015297
68621,CIRCLE K #2723367,"I-77, EXIT 8 & SR-148",Fancy Gap,VA,65,3.29066666,36.673702,-80.712385
68572,FOOD N FUN #17,US-90 & SR-83 & CR-605,New Iberia                              ,LA,730,3.067,30.025867,-91.823587
68622,PILOT #474,"I-79, EXIT 67 & SR-19",Sutton,WV,44,3.86566666,38.705196,-80.664158
68581,CHEVRON #308195,"I-82, EXIT 58/US-12 & SR-223",Granger,WA,977,4.499,46.34491,-120.179565
68623,FLYING J #304,"I-469, EXIT 19 & US-30",New Haven,IN,370,3.859,41.068739,-85.03018
68623,FLYING J TRAVEL PLAZA #304,"I-469, EXIT 19 & US-30",New Haven,IN,370,3.859,41.0593226,-84.9800664
68581,CHEVRON #308195,"I-82, EXIT 58/US-12 & SR-223",Granger,WA,977,4.329,46.34491,-120.179565
68626,BECKS EXPRESS MART #14,SR-26,Princeton,IL,270,3.249,41.3703503,-89.4650451
68625,FLYING J #470 HUDSON,"I-94, EXIT 10 & US-65",Roberts,WI,450,3.559,44.96323,-92.56047
68595,SUPER LUCKY LOUIES,US-190/SR-1,Port Allen                              ,LA,600,3.03233333,30.506381,-91.218817
68634,PETRO-CANADA,"HWY-111, EXIT 3",Dartmouth,NS,100,3.87010202,43.707255,-65.777871
68634,PETRO-CANADA,"HWY-111, EXIT 3",Dartmouth,NS,100,3.92467152,43.707255,-65.777871
68596,FLASH MARKET SHELL,US-63,Koshkonong,MO,418,3.499,36.60053,-91.644729
68634,PETRO-CANADA,"HWY-111, EXIT 3",Dartmouth,NS,100,3.93190461,43.707255,-65.777871
68639,PETRO-CANADA,QEW-2,Calgary,AB,50,4.07143281,51.112045,-113.964817
68598,7-ELEVEN #41032,US-84 & US-259,Mount Enterprise,TX,618,3.349,31.912486,-94.680865
68602,NEW DIXIE MART #19,"I-95, EXIT150",Whitakers,NC,205,3.339,36.128111,-77.797025
68639,PETRO-CANADA,QEW-2,Calgary,AB,50,3.72804545,51.112045,-113.964817
68606,SAMS MART #95,SR-49,Harrisburg                              ,NC,46,3.799,35.322086,-80.643168
68641,PETRO-CANADA,HWY-37,Kitwanga,BC,850,4.48307714,55.096211,-128.075246
68618,MINER TOWNE MART,206 R-11,Shullsburg,WI,335,3.399,42.571525,-90.244905
68641,PETRO-CANADA,HWY-37,Kitwanga,BC,850,4.60163996,55.096211,-128.075246
68641,PETRO-CANADA,HWY-37,Kitwanga,BC,850,4.48076848,55.096211,-128.075246
68624,PILOT #586,"I-10, EXIT 69 & SR-63",Moss Point                              ,MS,715,3.459,30.438267,-88.529168
68641,PETRO-CANADA,HWY-37,Kitwanga,BC,850,4.63022827,55.096211,-128.075246
68641,PETRO-CANADA,HWY-37,Kitwanga,BC,850,4.62102914,55.096211,-128.075246
68630,DOWNSTREAM Q STORE,US-166/US-400,Joplin,MO,277,3.199,37.003182,-94.615492
68650,MARATHON,"I-75, EXIT 8",Cincinnati                              ,OH,300,3.899,39.293718,-84.362499
68643,SHELL,"I-95, EXIT 58 & US-13",Wade,NC,63,3.199,35.121599,-78.749597
68634,PETRO-CANADA,"HWY-111, EXIT 3",Dartmouth,NS,100,3.89595718,43.707255,-65.777871
68644,SUPERPUMPER #32,US-2,Minot,ND,452,3.599,48.256773,-101.296887
68634,PETRO-CANADA,"HWY-111, EXIT 3",Dartmouth,NS,100,3.93248441,43.707255,-65.777871
68656,TA Express Williston,US-2 & US-85,Williston                               ,ND,807,3.44733333,48.179155,-103.630012
68634,PETRO-CANADA,"HWY-111, EXIT 3",Dartmouth,NS,100,3.89509753,43.707255,-65.777871
68671,CASEYS #2969,US-81 & RD F,Fairmont,NE,350,3.28233333,40.637023,-97.585256
68639,PETRO-CANADA,QEW-2,Calgary,AB,50,3.72969139,51.112045,-113.964817
68672,24 NORTH MOBIL,"I-495, EXIT 7A & SR-24, EXIT 14B",Bridgewater,MA,175,3.699,41.978831118615,-70.996470839518
68639,PETRO-CANADA,QEW-2,Calgary,AB,50,3.84875514,51.112045,-113.964817
68674,TEXACO,US-290 & SR-696,Elgin                                   ,TX,595,3.099,30.334016,-97.360678
68641,PETRO-CANADA,HWY-37,Kitwanga,BC,850,4.56330583,55.096211,-128.075246
68691,BYRNE DAIRY #43,"I-81, EXIT 36 & SR-13",Pulaski,NY,220,4.099,43.55388,-76.112822
68684,Rebecca Plantation Truck Plaza,"US-90, EXIT 200 & SR-311",Schriever                               ,LA,623,2.999,29.679174,-90.81354
68642,EXXON SANDY RIDGE MART,"I-40/US-421, EXIT 208",Colfax,NC,65,3.099,36.095414,-79.99659
68692,DANDY MINI MART #57,SR-14,Horseheads,NY,190,3.899,42.158564,-76.863998
68690,MARATHON,US-30 & SR-30,Mansfield,OH,315,3.499,40.68156,-82.568278
68653,KWIK TRIP #679,"I-43, EXIT 128 & SR-42",Sheboygan,WI,444,3.21566666,43.762367,-87.723299
68697,STRIPES #40915,"I-35, EXIT 8 & SR-20 & FM-1472",Laredo,TX,693,2.979,27.6303167,-99.5298009
68693,SUPER STOPS,SR-70 & SR-308,Belle Rose,LA,623,3.499,30.0184848,-91.0485447
68659,KWIK TRIP #659,"US-52, EXIT 56 & CR-22",Rochester,MN,515,3.549,44.0926016,-92.510071
68699,ORGANIC CONNECTION MOBIL,SR-997,Homestead,FL,95,3.344,25.469811,-80.477347
68698,GAS N WASH,"I-80, EXIT 145 & SR-84",Mokena,IL,365,3.499,41.544045,-87.83187
68663,LOVES TRAVEL STOP #474,US-85/US-2 & CR-6,Williston,ND,273,3.519,48.242623,-103.623197
68701,SPEEDWAY #1421,US-45 & CR-74,Frankfort,IL,293,3.399,41.502533,-87.88794
68702,QUIKTRIP #1120,"I-85, EXIT 90 & SR-105",Gaffney,SC,210,3.19066666,35.079822,-81.705073
68665,BIG D 14,"I-90, EXIT 46/US-14/SR-79",Piedmont                                ,SD,506,3.13733333,44.224323,-103.380573
68701,SPEEDWAY #1421,US-45 & CR-74,Frankfort,IL,293,3.359,41.502533,-87.88794
68708,LOVES TRAVEL STOP #476,"I-80, EXIT 292 & SR-130",Davenport,IA,270,3.86233333,41.523527,-90.577036
68685,QUICK FUEL #2403,"I-29/I-35/SR-71, EXIT 5B",Kansas City,MO,400,3.344,39.130772,-94.571286
68701,SPEEDWAY #1421,US-45 & CR-74,Frankfort,IL,293,3.369,41.502533,-87.88794
68733,PETRO-CANADA,TCH/HWY 11,Cochrane                                ,ON,460,3.70183709,49.058174,-81.034806
68689,CHEVRON,"I-10, EXIT 59 & SR-395",Roanoke                                 ,LA,690,3.609,30.250581,-92.741101
68716,ALLTOWN MARKETS #833,I-95 EXIT 41,Milford,CT,100,3.599,41.246264,-73.010232
68733,PETRO-CANADA,TCH/HWY 11,Cochrane                                ,ON,460,3.70020344,49.058174,-81.034806
68696,STRIPES #40800,FM-351 & US-181,Beeville,TX,625,3.01566666,28.415273,-97.754876
68733,PETRO-CANADA,TCH/HWY 11,Cochrane                                ,ON,460,3.70920637,49.058174,-81.034806
68733,PETRO-CANADA,TCH/HWY 11,Cochrane                                ,ON,460,3.70865949,49.058174,-81.034806
68701,SPEEDWAY #1421,US-45 & CR-74,Frankfort,IL,293,3.299,41.502533,-87.88794
68738,CASEYS #2316,US-136/SR-5 & SR-5,Unionville,MO,320,3.214,40.4769568,-93.0030916
68741,COUNTY LINE TRUCK STOP,SR-22,Dickinson,ND,273,3.53233333,46.975166,-102.791282
68722,Pilot #140,US-40/US-191,Roosevelt,UT,835,3.759,40.302103,-109.995205
68740,Certified Oil #400352,US-20 & SR-510 & SR-101,Clyde,OH,550,3.379,41.314221,-82.989763
68798,PILOT DEALER #1179,SR-189,Nogales,AZ,980,4.249,31.341931,-110.934129
68730,KENT KWIK #315,SR-158 & FM-1788,Midland,TX,710,3.43733333,31.981153,-102.149842
68798,PILOT #1179,SR-189,Nogales,AZ,980,4.249,31.338726,-110.966255
68734,LOVES TRAVEL STOP #478,"I-15, EXIT 113",Idaho Falls,ID,825,3.75566666,47.711161,-117.004099
68801,7-ELEVEN #40574,US-281,Blanco,TX,740,3.399,26.302712330772,-97.993519467328
68737,KWIK TRIP #691,"I-39, EXIT 161",Stevens Point,WI,395,3.559,44.521869,-89.524512
68808,SPEEDWAY #4574,US-701,Loris,SC,245,3.269,34.064196,-78.881919
68742,ARTESIA #401,SR-82 & SR-285,Artesia,NM,593,3.439,32.8421556,-104.401077
68815,LOVES TRAVEL STOPS #471,"I-35, EXIT 127 & FM-471",Natalia,TX,740,3.289,29.184778,-98.846495
68814,TA HOLBROOK,"I-40/US-180, EXIT 283",Holbrook,AZ,580,3.65566666,34.9038,-110.158181
68796,MR FUEL #731,"I-70, EXIT 123 & SR-3",Spiceland,IN,375,3.699,39.850797,-85.417016
68821,Joe's Kwik Mart #473,CR-139,Lancaster,NY,38,3.799,42.922919,-78.621971
68821,Joe's Kwik Mart #473,CR-139,Lancaster,NY,38,3.659,42.922919,-78.621971
68797,SPEEDWAY #1412,SR-43,Frankfort,IL,293,3.359,41.502533,-87.88794
68825,ALLTOWN MARKETS #832,"I-95, EXIT 40",Milford,CT,100,3.599,41.246264,-73.010232
68824,EXPRESSWAY,SR-60 & CR-9,Heron Lake,MN,425,3.299,43.791921,-95.316883
68799,SHELL FOOD MART # 25,"I-20, EXIT 77 & SR-13",Morton,MS,705,3.199,32.3083344,-89.6678302
68826,HIGHWAY SERVICE,US-44,Seekonk                                 ,MA,175,3.319,41.824122,-71.34182
68803,SHELL,"I-45, EXIT 152",Madisonville                            ,TX,670,3.18233333,30.964682,-95.884258
68836,Corner Market #160,US-60,Pampa,TX,585,3.399,35.521392,-100.986739
68828,CIRCLE K #2721540,US-78 & SR-15,New Albany,MS,435,3.759,34.467971,-89.007843
68806,SHELL,US-90,Westwego                                ,LA,725,3.06566666,29.909351,-90.203892
68839,CHOCTAW TRAVEL PLAZA #641,US-69/SR-43,Stringtown,OK,560,3.159,34.475643,-96.051304
68831,KWIK TRIP #896,SR-65 & CR-J,Minneapolis,MN,451,3.599,45.183689,-93.239405
68813,SPEEDWAY #8741,"I-96, EXIT 86 & SR-100",Eagle,MI,406,3.789,42.798684,-84.739857
68835,SPEEDWAY #7954,US-258/SR-24,Richlands,NC,205,3.324,34.886546,-77.548879
68815,LOVES TRAVEL STOP #471,"I-35, EXIT 127 & FM-471",Natalia,TX,740,3.203,29.184778,-98.846495
68847,CIRCLE K #2741553,US-190/US-183 & US-281,Lampasas                                ,TX,595,2.759,31.055776,-98.1796
68840,LOVES TRAVEL STOP #475,"I-20/US-84, EXIT 242 & FM-142",Sweetwater,TX,575,3.189,32.4520529,-100.4383419
68822,CASEYS #3919,"I-35/US-50, EXIT 148 & SR-131",Lebo,KS,400,3.089,38.412819,-95.857845
68841,PILOT TRAVEL CENTERS #575,"I-95, EXIT 1",Saint Marys,GA,75,3.599,30.7603256,-81.6484668
68823,FRIENDS FOOD MART,SR-13,Mansfield                               ,OH,249,4.199,40.758553,-82.515469
68848,CIRCLE K #2741328,"I-35, EXIT 328 & FM-2063",Hewitt                                  ,TX,765,2.86566666,31.458407765061,-97.181907622476
68841,PILOT TRAVEL CENTER #575,"I-95, EXIT 1",Saint Marys,GA,75,3.599,30.7603256,-81.6484668
68849,Circle K #2706632,US-80/SR-8 & CR-480,Selma,AL,720,3.699,32.353325,-86.969091
68843,PILOT #467,"I-37, EXIT 125",San Antonio                             ,TX,740,3.399,29.219243,-98.415165
68850,SPRINT MART #67,US-84/US-425,Vidalia,LA,730,3.08233333,31.570305,-91.437949
68844,FLYING J #553,"I-10, EXIT 259",Fort Stockton                           ,TX,710,3.659,30.893943,-102.884527
68855,FLYING J #861,"TCH 1, EXIT 168",Hope,BC,800,5.12014607,49.365201,-121.482695
68845,PILOT TRAVEL CENTER #4651,"I-95, EXIT 4",Skippers,VA,180,3.799,36.6065802,-77.5602553
68864,QUICK FUEL #3190,"I-75, EXIT 68",Dayton,OH,317,3.67733333,39.818962,-84.180587
68855,FLYING J #861,"TCH 1, EXIT 168",Hope,BC,800,5.12391477,49.365201,-121.482695
68855,FLYING J #861,"TCH 1, EXIT 168",Hope,BC,800,5.1212761,49.365201,-121.482695
68865,QUICK FUEL #3192,"I-275, EXIT 42B & SR-747",Cincinnati,OH,300,3.25233333,39.309185,-84.460659
68855,FLYING J #861,"TCH 1, EXIT 168",Hope,BC,800,5.13260385,49.365201,-121.482695
68855,FLYING J #861,"TCH 1, EXIT 168",Hope,BC,800,5.13184711,49.365201,-121.482695
68869,PUMP & PANTRY #4,SR-2 & SR-11,Cairo,NE,330,3.32733333,41.001656,-98.607898
68860,PETRO STOP #394,"I-35, EXIT 101 & FM-140",Pearsall,TX,740,3.53566666,28.889431,-99.097074
68855,FLYING J #861,"TCH 1, EXIT 168",Hope,BC,800,5.12240662,49.365201,-121.482695
68873,ONVO TRAVEL PLAZA - MOUNTAIN COBB,"I-84, EXIT 8",Lake Ariel,PA,200,3.58566666,41.408523,-75.506256
68861,KWIK TRIP #733,SR-76/SR-44,Caledonia,MN,515,3.49066666,43.640404,-91.502209
68856,KWIK N EZ #1,"I-40, EXIT 265",Checotah                                ,OK,645,2.909,35.461064,-95.527248
68883,CBH TRAVEL CENTER,US-85,Belle Fourche                           ,SD,506,3.299,44.682115,-103.854215
68875,SHEETZ #512,"I-40, EXIT 203 & SR-66",Kernersville,NC,65,2.844,36.093794,-80.062236
68868,PUMP & PANTRY #14,SR-92/SR-2,Broken Bow,NE,330,3.299,41.402147,-99.619317
68892,OLIVE EXXON,US-31,Holland,MI,371,3.799,42.737765,-86.066005
68886,BEBO'S,SR-38,Kentwood                                ,LA,600,3.01566666,30.9368452,-90.5089747
68874,QUIKTRIP #492,"I-10, EXIT 114 & SR-85",Buckeye,AZ,930,3.369,33.429438,-112.592503
68890,Circle K #2741795,"I-430, EXIT 12 & SR-100",Maumelle,AR,695,3.18566666,34.836445,-92.381926
68882,CAPITAL FUELS MYTON,US-40/191,Myton,UT,835,3.50233333,40.198027,-110.068638
68899,XTRAMART,SR-9,Westborough,MA,175,3.649,42.285163,-71.620273
68885,FLYING J #488,"I-35, EXIT 69",Cotulla,TX,693,3.599,28.453086,-99.238366
68888,Express Lane,"US-80, EXIT 33 & US-6/SR-78",Annawan,IL,270,3.299,41.401924,-89.905259
68902,CASEYS #3062,SR-281 & SR-160,Medicine Lodge,KS,357,3.114,37.289848,-98.580594
68888,Express Lane,"US-80, EXIT 33 & US-6/SR-78",Annawan,IL,270,3.399,41.401924,-89.905259
68907,QUIKTRIP #943,"I-35E, EXIT 405 & US-77",Waxahachie,TX,630,2.89566666,32.460147,-96.842572
68891,LOVES TRAVEL STOP #480,I-40 EXIT 364,Lenoir City,TN,405,3.439,35.805153,-84.259618
68912,Chisholm Corner #13,"SR-19 & I-35, EXIT 72",Pauls Valley,OK,569,3.089,34.7404877,-97.2598254
68893,J & H FAMILY STORE,"I-96, EXIT 52 & SR-50",Lowell,MI,371,3.789,42.957891,-85.354302
68894,ROCKFORD MOBIL MART,"US-131, EXIT 97",Rockford                                ,MI,344,3.599,43.119776,-85.559527
68894,ROCKFORD MOBIL MART,"US-131, EXIT 97",Rockford                                ,MI,344,3.299,43.119776,-85.559527
68919,GULF MART 5150,"I-90 E, MM 117",Natick                                  ,MA,34,4.06566666,42.283773,-71.347292
68895,J & H FAMILY STORE #103,"I-196, EXIT 62",Hudsonville,MI,344,3.399,42.88464,-85.902507
68921,GAS N GO,US-341/SR-7 & SR-96/SR-49,Fort Valley,GA,85,3.18233333,32.558585,-83.884695
68923,STRIPES 7FLEET #42509,US-67 & SR-137,Big Lake,TX,612,3.599,31.19098,-101.466773
68897,TA CARYVILLE,"I-75, EXIT 141",Pioneer,TN,405,3.00733333,36.300056,-84.220036
68924,KWIK TRIP #326,"I-90, EXIT 171 & US-51 & US-14",Janesville,WI,420,3.374,42.634394,-89.030051
68925,KWIK TRIP #874,"I-35, EXIT 132 & US-8",Chisago City,MN,448,3.32733333,45.375459,-92.882418
68900,DUCK THRU #41,US-17/SR-37,Hertford                                ,NC,130,3.599,36.143738,-76.489902
68926,KWIK TRIP #872,SR-26,Jefferson,WI,420,3.38233333,42.990392,-88.807513
68901,SPEEDWAY #1224,"SR-741 & I-71, EXIT 25",Mason,OH,300,3.159,39.35725,-84.260557
68927,MARATHON,US-19 & SR-80,Rosedale                                ,VA,185,3.749,36.959308,-81.932437
68903,BIG D KWIK SHOP,SR-59,Gillette,WY,836,3.379,44.293138,-105.494227
68929,SPEEDWAY #6953,"I-74/US-311, EXIT 65",High Point,NC,65,3.529,35.999123,-80.034712
68908,SPEEDWAY #1804,"I-270, EXIT 32 & I-71, EXIT 116",Columbus,OH,315,3.69233333,40.15125,-82.997935
68930,PILOT #4569,"I-95, EXIT 5",Hardeeville,SC,195,3.37566666,32.268812,-81.080604
68913,CASEYS #3263,"I-90, EXIT 43 & SR-60",Worthington,MN,530,3.14233333,43.618797,-95.595525
68941,ALLTOWN MARKETS #2743,"US-3, EXIT 28",North Billerica,MA,178,3.68233333,42.557928,-71.298588
68933,RUTTERS #23,US-30 & SR-462,Mountville,PA,70,3.979,40.039161,-76.431049
68915,PUMP & PANTRY #53,US-20,Jackson,NE,527,3.41233333,42.447635,-96.571255
68937,LANTZ CORNERS MINI MART #255,US-6 & US-219,Kane                                    ,PA,240,3.71566666,41.7083211,-78.6940294
68916,YESWAY #1075,"I-20, EXIT 278",Tye,TX,575,2.87566666,32.457685,-99.867843
68938,TOOT N TOTUM #23,SR-136/207 & SR-152,Borger,TX,585,3.01566666,35.651807,-101.396517
68928,PILOT TRAVEL CENTER #475,"I-40, EXIT 196 & SR-41",Moriarty,NM,580,3.244,35.01105,-106.044
68957,TA EXPRESS #6259,US-85/SR-200,Alexander,ND,273,3.52566666,47.977884,-99.876945
68949,JOES KWIK MARTS #475,US-15 & SR-20,Orange,VA,180,3.33233333,38.239464,-78.110953
68935,JACKSONS FOOD STORES #144,I-84 & SR-55,Nampa                                   ,ID,785,3.899,43.561942,-116.513564
68959,SPEEDWAY #5215,"I-70, EXIT 66 & SR-54",South Vienna,OH,315,3.159,39.930424,-83.612498
68951,KWIK TRIP #313,US-10 & SR-73,Neillsville,WI,395,3.339,44.552123,-90.595897
68936,AMOCO,US-421/SR-11 & SR-53,Burgaw,NC,245,3.599,34.55163,-77.925381
68960,MAVERIK COUNTRY STORE #484,"I-15/84, EXIT 343 & SR-126",Ogden,UT,835,3.39233333,41.799908,-111.832766
68946,FLYING J #97,"I-75, EXIT 64",Vandalia,OH,317,3.35233333,39.890818,-84.198663
68974,STRIPES #40801,US-181 & SR-123 & CR-347,Karnes City,TX,625,3.174,28.864979,-97.894766
68969,MAVERIK COUNTRY STORE #474,"I-80, EXIT 115, CR-154",Salt Lake City,UT,835,3.389,40.771968,-111.93868
68947,PILOT TRAVEL CENTER #593,"I-10, EXIT 268",Tucson,AZ,980,3.30233333,32.0841868,-110.8030477
68978,MAVERIK COUNTRY STORE #287,"I-84, EXIT 36 & US-30",Nampa,ID,785,3.38566666,43.56179390967,-116.623938408039
68950,KWIK TRIP #608,US-52 & SR-30,Chatfield,MN,515,3.48233333,43.850327,-92.193213
68981,PETRO-CARD 24 #910450,US-63 & US-36,Macon                                   ,MO,494,3.239,39.7376555,-92.4653433
68982,SHELL,US-23,Grand Blanc                             ,MI,342,3.799,42.915212,-83.722927
68952,MAVERIK COUNTRY STORE #425,"I-84, EXIT 376, US-30/US-95",Fruitland,ID,785,3.36566666,44.008857,-116.919321
68985,LOVES TRAVEL STOP #500,"I-35, EXIT 106",Eagleville,MO,320,3.789,40.465941,-93.979301
68956,SPEEDWAY #4533,"US-18/US-12, EXIT 146",Madison,WI,448,3.599,43.030705,-89.410071
68987,STRIPES #40535,I-35,Cotulla,TX,625,3.339,28.451546,-99.239067
68964,JIFFY TRIP #201,US-64/SR-58,Cherokee                                ,OK,337,3.269,36.740288,-98.360968
68989,QUARLES #4907,SR-166,Norfolk,VA,130,3.809,36.8461592,-76.2858937
68971,FLYING J #580,"I-20, EXIT 121",Odessa,TX,710,3.56566666,31.849462,-102.374677
68990,LOVES TRAVEL STOP #490,"I-24, EXIT 158",Jasper,TN,285,3.25233333,35.03598,-85.582148
68972,SUNOCO CLARA BARTON PLAZA #7005,NJTP MM 5 SB,Penns Grove,NJ,115,3.899,40.911783,-74.415826
68991,LOVES TRAVEL STOPS #514,"I-90/US-395, EXIT 221 & SR-261",Ritzville,WA,970,4.019,47.113324,-118.366494
68991,LOVES TRAVEL STOP #514,"I-90/US-395, EXIT 221 & SR-261",Ritzville,WA,970,3.959,47.125834,-118.376947
68976,MAVERIK COUNTRY STORE #453,"I-80, EXIT 223 & SR-305",Battle Mountain,NV,835,3.389,40.6415462,-116.9355657
68991,LOVES TRAVEL STOP #514,"I-90/US-395, EXIT 221 & SR-261",Ritzville,WA,970,4.049,47.125834,-118.376947
68977,MAVERIK COUNTRY STORE #444,US-491 & US-666,Monticello,UT,835,3.489,41.799908,-111.832766
68996,BLU / DRIVEN FUELS,"I-15, EXIT 113",Idaho Falls,ID,825,3.479,43.49137,-112.0402264
68992,SHORT STOP #24,US-24,Saint Marys,KS,553,2.96733333,39.188406,-96.05639
68979,MAVERIK COUNTRY STORE #478,"I-40, EXIT 286 & SR-77",Holbrook,AZ,930,3.224,34.9038,-110.158181
68993,SHORT STOP #22,SR-15,Clay Center,KS,316,2.97233333,39.36979,-97.12521
68988,7-ELEVEN #40547,US-281 & SR-29,Burnet,TX,740,2.95733333,30.738578,-98.234866
69006,PILOT #449,"I-70, EXIT 208",Belmont                                 ,OH,165,3.539,40.057558,-81.050333
68991,LOVES TRAVEL STOP #514,"I-90/US-395, EXIT 221 & SR-261",Ritzville,WA,970,3.989,47.125834,-118.376947
69009,PILOT #1140,US-287,Rhome,TX,630,3.17566666,33.10192,-97.470375
69008,SPEEDWAY #7137,SR-42 & SR-111,Cookeville,TN,460,3.07733333,36.182849,-85.459853
68991,LOVES TRAVEL STOP #514,"I-90/US-395, EXIT 221 & SR-261",Ritzville,WA,970,3.919,47.125834,-118.376947
69010,PILOT TRAVEL CENTER #1023,US-69 & US-59/SR-287,Lufkin,TX,610,3.659,29.2190169,-98.4150252
68994,SHORT STOP #25,US-36 & SR-15,Washington,KS,316,2.90233333,39.813828,-97.048574
69013,SPEEDWAY #7124,US-231/SR-10,Lebanon,TN,460,3.024,36.192119,-86.411673
69021,SWEET CRUDE TRAVEL CENTER,HWY 85 & SR 200,Grassy Butte,ND,273,3.64066666,47.342178,-103.182819
68995,ALLTOWN MARKETS #839,"I-95, EXIT 10",Darien,CT,100,3.83233333,41.067147,-73.504869
69017,SHELL,US-71 & SR-511,Bossier City,LA,745,2.999,32.544096,-93.672395
69002,KWIK TRIP #863,US-10,Stevens Point,WI,395,3.584,44.521869,-89.524512
69028,LOVES TRAVEL STOP #427,"I-75, EXIT 51",Dayton,OH,317,3.319,39.73398,-84.20899
69031,LOVES TRAVEL STOP #492,"I-20, EXIT 42 & US-285",Pecos,TX,710,3.455,31.39936,-103.47939
69004,Maplefields,HWY 9 N & ROUTE 22,Ticonderoga,NY,39,3.749,43.850674,-73.430797
69029,LOVES TRAVEL STOP #461,"I-70, EXIT 246A",Saint Louis,MO,540,3.114,38.699165771927,-90.467822027253
69031,LOVES TRAVEL STOPS #492,"I-20, EXIT 42 & US-285",Pecos,TX,710,3.449,31.39936,-103.47939
69005,SPEEDWAY #1017,"I-70, EXIT 186 & SR-285",Lore City,OH,315,3.23233333,40.031039,-81.448852
69030,LOVES TRAVEL STOP #424,"I-20, EXIT 51",Lexington,SC,135,3.40733333,40.654905,-82.5445719
69007,SPEEDWAY #7136,US-41 & US-70,Nashville,TN,460,3.24233333,36.094773,-86.654267
69032,FLYING J #866,HIGHWAY 11/17,Pass Lake,ON,700,4.3415277,46.524650983757,-84.294524129617
69014,SPEEDWAY #4100,"I-94, EXIT 308 & US-41",Milwaukee,WI,448,3.599,43.12931,-87.932458
69032,FLYING J #866,HIGHWAY 11/17,Pass Lake,ON,700,4.90860199,46.524650983757,-84.294524129617
69038,REFUEL #1028,US-421/US-52 & US-15,Society Hill,SC,63,3.399,34.48817,-79.87389
69015,Joe's Kwik Mart,"I-75, EXIT 7 & US-11 & US-64",Chattanooga,TN,285,3.149,35.060942,-85.136539
69032,FLYING J #866,HIGHWAY 11/17,Pass Lake,ON,700,4.89740997,46.524650983757,-84.294524129617
69041,SPEEDWAY #7960,US-258/US-13,Farmville,NC,205,2.899,35.617509,-77.60328
69016,SPEEDWAY #7606,"I-75, EXIT 25",Corbin,KY,405,3.519,36.917859,-84.12199
69032,FLYING J #866,HIGHWAY 11/17,Pass Lake,ON,700,4.90932581,46.524650983757,-84.294524129617
69046,SPEEDWAY #6303,"I-96, EXIT 4 & US-31",Muskegon,MI,456,3.319,43.294296,-86.20336
69027,SPINX #134 (DISCOUNT AVAILABLE),SR-55 & 418,Simpsonville                            ,SC,30,3.06566666,34.738029,-82.254125
69032,FLYING J #866,HIGHWAY 11/17,Pass Lake,ON,700,4.90101472,46.524650983757,-84.294524129617
69046,SPEEDWAY #6303,"I-96, EXIT 4 & US-31",Muskegon,MI,456,3.279,43.294296,-86.20336
69032,FLYING J #866,HIGHWAY 11/17,Pass Lake,ON,700,4.89957219,46.524650983757,-84.294524129617
69036,REFUEL #1038,US-15 & SR-151,Hartsville,SC,46,3.36566666,34.369846,-80.084526
69049,CIRCLE K #2741787,"I-440, EXIT 7 & US-165",North Little Rock,AR,695,3.369,34.807773,-92.353294
69042,Joes Kwik Mart #7012,US-17/701,Georgetown,SC,205,2.999,33.327785,-79.316476
69037,CIRCLE K #2723192,US-64 & US-421,Siler City,NC,177,2.949,35.73336,-79.435558
69043,KWIK TRIP #204,"US-51, EXIT 188",Wausau,WI,395,3.33233333,44.914094,-89.648118
69045,TA BRUNSWICK #6258,"I-95, EXIT 29",Brunswick,GA,75,3.46066666,31.168992,-81.50248
69052,PILOT #1193,US-93,Wikieup,AZ,930,3.899,34.698832,-113.609917
69046,SPEEDWAY #6303,"I-96, EXIT 4 & US-31",Muskegon,MI,456,3.299,43.294296,-86.20336
69051,PILOT TRAVEL CENTER #1225,"I-64, EXIT 23 & SR-4",Mascoutah,IL,540,3.799,38.5552733,-89.805038
69055,PILOT DEALER #1058,US-301 & SR-200,Waldo,FL,140,3.799,29.814203,-82.168884
69046,SPEEDWAY #6303,"I-96, EXIT 4 & US-31",Muskegon,MI,456,3.359,43.294296,-86.20336
69051,PILOT TRAVEL CENTER #1225,"I-64, EXIT 23 & SR-4",Mascoutah,IL,540,3.859,38.5552733,-89.805038
69046,SPEEDWAY #6303,"I-96, EXIT 4 & US-31",Muskegon,MI,456,3.379,43.294296,-86.20336
69051,PILOT #1225,"I-64, EXIT 23 & SR-4",Mascoutah,IL,540,3.859,38.555071,-89.805567
69058,FOOD N FUEL,SR-53,Joliet,IL,365,3.599,41.480284,-88.081152
69047,SPEEDWAY #7461,I-294 & SR-50/SR-31,Alsip,IL,293,3.219,41.661688,-87.719711
69052,PILOT DEALER #1193,US-93,Wikieup,AZ,930,3.839,34.7051384,-113.6118416
69059,LOVES TRAVEL STOP #530,"I-20, EXIT 147",Moody,AL,615,3.17566666,33.6002409,-86.4497578
69048,QUICK FUEL #2104,"I-74, EXIT 11",Indianapolis,IN,375,3.66233333,39.734424,-86.256233
69053,PILOT #1192,US-60,Wittmann,AZ,930,4.899,33.765509,-112.514114
69057,MACH ONE FOOD SHOP #18,US-45/SR-15,Fairfield,IL,340,3.729,38.379188,-88.370675
69053,PILOT DEALER #1192,US-60,Wittmann,AZ,930,4.899,33.776386,-112.528284
69073,LOVES TRAVEL STOP #518,"I-15, EXIT 260 & SR-77",Springville,UT,835,3.809,40.165232,-111.610625
69064,DUCK THRU #7,US-258,Rich Square                             ,NC,130,3.699,36.273981,-77.284637
69055,PILOT TRAVEL CENTER #1058,US-301 & SR-200,Waldo,FL,140,3.799,29.8143031,-82.1687918
69076,A PLUS MINI MARKET,"I-95, MM 82",Aberdeen,MD,22,3.83233333,39.507955700033,-76.16878450368
69067,AP FUEL STOP,"I-75, EXIT 120",Lima                                    ,OH,411,3.08066666,40.753996,-84.090174
69057,MACH ONE FOOD SHOP #18,US-45/SR-15,Fairfield,IL,340,3.759,38.379188,-88.370675
69077,FLYING J #554,"I-37, EXIT 56",George West,TX,740,3.199,28.33757,-98.02396
69069,SPINX #179 (DISCOUNT AVAILABLE),SR-291,Greenville                              ,SC,210,3.799,34.850746,-82.398964
69058,FOOD N FUEL,SR-53,Joliet,IL,365,3.499,41.480284,-88.081152
69078,PILOT #559,"I-20, EXIT 178",Big Spring,TX,612,3.659,32.265728,-101.47468
69073,LOVES TRAVEL CENTER #518,"I-15, EXIT 260 & SR-77",Springville,UT,835,3.689,40.165232,-111.610625
69061,SPINX #125 (DISCOUNT AVAILABLE),US-25 & SR-331,Piedmont,SC,30,3.06566666,34.701162,-82.465271
69079,Circle K #2746432,SR-2,Stanley,ND,452,3.549,48.306194,-102.398294
69085,FATDOGS OGALLALA,"US-80, EXIT 126 & US-26/SR-61",Ogallala,NE,475,3.014,41.112057,-101.714359
69095,JACKSONS FOOD STORE #23,"SR-395, EXIT 78",Reno                                    ,NV,966,3.999,39.614194,-119.847676
69084,TIGER MART #79,SR-287 & FM-664,Waxahachie,TX,630,2.849,32.393826,-96.846535
69091,SPEEDWAY #6670,US-36/SR-67,Indianapolis,IN,375,3.229,39.7810616,-86.1588675
69097,CIRCLE K #2741192,"I-30, EXIT 42B & SR-180",Dallas                                  ,TX,630,2.899,32.988307,-96.768726
69088,SPEEDWAY #3478,US-9 & SR-184,Perth Amboy,NJ,115,3.419,40.524299,-74.281184
69096,SPEEDWAY #2907,US-62 & SR-18,Hermitage,PA,165,3.93733333,41.226018,-80.451216
69098,CIRCLE K #2741318,SR-285 & CR-160,Dripping Springs                        ,TX,595,3.049,30.195826,-97.998174
69106,SPINX #201,"I-185, EXIT 1A, I-385, EXIT 30",Simpsonville,SC,30,2.96566666,34.806606,-82.231685
69099,LOVES TRAVEL STOP #523,"I-10, EXIT 92",Rayne,LA,600,3.149,30.251795,-92.194377
69100,DADS NORTH YELLOWSTONE,US-26,Idaho Falls,ID,825,3.599,43.529436,-111.98448
69110,SHEETZ #498,US-22/US-119,Blairsville,PA,165,3.52733333,40.431115,-79.264141
69101,BROMPTON VALERO,"I-20, EXIT 147 WEST",Moody,AL,615,3.12233333,33.58205,-86.46943
69102,CIRCLE K #4701445,"I-57, EXIT 250 & US-36",Rantoul,IL,280,3.599,40.312559,-88.137046
69112,LOVES TRAVEL STOP #529,"I-39, EXIT 54",Oglesby,IL,290,3.389,41.29352,-89.08647
69103,LOVES TRAVEL STOP #539,US-385 & FM-1910,Andrews,TX,710,3.689,32.3019236,-102.539933
69102,CIRCLE K #4701445,"I-57, EXIT 250 & US-36",Rantoul,IL,280,3.799,40.312559,-88.137046
69119,CIRCLE K #2741217,"I-24, EXIT 242 & US-550/SR-24",Bernalillo,NM,580,3.52566666,35.319969,-106.550702
69104,QUIKTRIP #970,SR-12 & SR-180,Dallas,TX,630,2.97566666,33.007894,-96.795088
69109,SHEETZ #497,"I-99, EXIT 15 & US-220 (BUSINESS)",Claysburg,PA,14,3.644,40.273284,-78.459686
69124,LOVES TRAVEL STOP #467,"I-95, EXIT 131 & SR-68",Fort Pierce,FL,95,3.50566666,27.4133727,-80.3978104
69117,SPEEDWAY #6395,US-24 & SR-64,Waterville,OH,550,3.699,41.506133,-83.748155
69112,LOVES TRAVEL STOP #529,"I-39, EXIT 54",Oglesby,IL,290,3.489,41.29352,-89.08647
69128,BEACON & BRIDGE #34,"US-127, EXIT 194 & SR-55",Houghton Lake                           ,MI,260,3.399,44.33554,-84.801169
69122,DOUBLE QUICK #61,US-82,Leland,MS,655,3.299,33.40646,-90.897317
69112,LOVES TRAVEL STOP #529,"I-39, EXIT 54",Oglesby,IL,290,3.589,41.29352,-89.08647
69132,PILOT #1001,US-67 & SR-137,Big Lake,TX,710,4.059,31.190484,-101.44977
69125,TA BROOKLYN,"I-80, EXIT 197",Brooklyn,IA,380,3.819,41.733581,-92.44547
69115,BP,"I-90, EXIT 387/CR-151",Hartford,SD,530,2.97733333,43.611934,-96.950833
69137,CIRCLE K #2741564,"I-35/US-77, EXIT 338B",Waco                                    ,TX,765,2.889,31.487531401855,-97.128732945438
69134,LOVES TRAVEL STOP #486,"I-40 & US-270, EXIT 166",Choctaw,OK,483,3.33733333,35.3957487,-97.2678666
69123,LATTA TRAVEL STOP,SR-1,Ada,OK,569,3.10733333,34.751389,-96.700627
69139,CIRCLE K #2741545,SR-72 & US-87,Cuero,TX,747,3.099,29.094282,-97.290354
69142,LOVES TRAVEL STOP #517,"I-70, EXIT 26 & US-50/6",Grand Junction,CO,800,3.989,39.1168789,-108.6463877
69127,TALL TIMBERS TRUCK STOP,"I-55, EXIT 46 & SR-16",Amite,LA,600,2.999,32.561262,-93.57962
69145,SPEEDWAY #9561,"I-77, EXIT 132",Ripley,WV,44,3.499,38.761806,-81.692599
69143,MACH 1 #21,US-45 & SR-34,Harrisburg,IL,510,3.689,37.738615,-88.531238
69133,PILOT TRAVEL CENTERS #557,US-180 & US-62,Hobbs                                   ,NM,593,3.729,32.6970969,-103.1833829
69149,BLU STATION- LAMAR AVE,"I-240, EXIT 30",Memphis,TN,435,2.969,35.103917129506,-89.980724507858
69146,DRUMS FUEL STOP,I-80 EXIT 262,Drums                                   ,PA,200,3.569,41.016738,-75.998142
69135,SPEEDWAY #8013,"I-70, EXIT 21",Brookville,OH,317,3.34066666,39.851679,-84.424864
69151,PILOT #592,"I-70, EXIT 26 & US-50",Grand Junction,CO,800,3.999,39.112526,-108.648261
69150,BLU STATION,"I-70, EXIT 66 & SR-267",Plainfield,IN,375,3.479,39.679302,-86.369061
69141,LOVES TRAVEL STOP #558,US-283 & US-400/US-56,Dodge City,KS,570,3.789,37.7451338,-99.9801379
69151,PILOT TRAVEL CENTER #592,"I-70, EXIT 26 & US-50",Grand Junction,CO,800,3.999,39.11254,-108.64817
69153,Pilot Travel Center #1550,"I-65, EXIT 304 & SR-69/CR-437",Cullman,AL,615,3.859,34.1165901,-86.8639632
69144,STRIPES 7FLEET #42530,SR-71 & SR-16,Llano,TX,740,3.23233333,30.750315,-98.675911
69152,LOVES TRAVEL STOP #557,"US-64/167, EXIT 44 & SR-367",Searcy,AR,695,3.36233333,35.21896,-91.71625
69153,PILOT #1550,"I-65, EXIT 304 & SR-69/CR-437",Cullman,AL,615,3.859,34.1167273,-86.863399
69162,Shell,US-20 & SR-15,Goshen,IN,370,3.549,41.579173,-85.819514
69155,PILOT TRAVEL CENTERS #1004,"I-35, EXIT 214 & US-60",Tonkawa,OK,500,3.59566666,36.695593,-97.349759
69164,CIRCLE K #2741557,US-190 & SR-195 & SR-3470,Killeen,TX,765,2.76233333,31.07773,-97.759698
69156,BLU STATION,"I-55, EXIT 5A",Memphis,TN,435,2.969,35.107461,-89.888296
69172,KWIK TRIP #210,"US-53, EXIT 90",Eau Claire,WI,295,3.40733333,44.8425206,-91.589527
69165,EL TIPI QUICK STOP,US-283 & SR-15,Shattuck                                ,OK,337,3.23233333,36.260047,-99.882327
69159,EXXON,US-15 & SR-49,Lawrenceville,PA,32,3.699,41.993121,-77.141317
69174,KWIK TRIP #860,SR-17,Rhinelander,WI,395,3.45233333,45.636044,-89.378965
69167,HOBO TRUCK STOP 2,US-50/400 & US-83,Garden City                             ,KS,525,3.399,38.003167,-100.854707
69163,CUBBYS #406,"I-229, EXIT 9 & SR-115",Sioux Falls,SD,530,3.099,43.544342,-96.784977
69176,FLYING J TRAVEL PLAZA #1015- TOWN PUMP,SR-200/SR-16 & CR-123,Sidney,MT,780,3.384,47.7114797,-104.159663
69169,LAMBOS #5,"I-57, EXIT 212 & SR-36/CR-950",Tuscola,IL,280,3.229,39.792324,-88.272821
69168,STRIPES 7FLEET #42470,I-20 EXIT 324 & CR-134,Cisco,TX,575,3.12733333,32.38812,-98.979329
69182,XtraMart #1513,"I-87, EXIT 10 & US-9",Clifton Park,NY,12,3.899,42.904354,-73.784263
69170,SPEEDWAY #9381,US-50 & SR-14,Parkersburg,WV,430,3.464,39.255587,-81.553452
69171,KWIK STAR #215,US-61,Davenport,IA,270,3.649,41.502105374962,-90.637681397899
69183,SPEEDWAY #7611,"I-71, EXIT 65 & SR-435",Jeffersonville,OH,315,3.229,39.6173,-83.605341
69177,LOVES TRAVEL STOP #426,"I-80, EXIT 34",Shelby,IA,433,3.649,41.496628,-95.451799
69173,KWIK TRIP #231,US-61 & SR-310,Boscobel,WI,335,3.474,43.140799,-90.709948
69185,LOVES TRAVEL STOP #560,US-258 & US-58,Franklin,VA,130,3.889,36.662364,-76.939492
69178,LOVES TRAVEL STOP #495,"I-75, EXIT 143 & CR-78",North Fort Myers,FL,225,3.789,26.7132039,-81.8141157
69175,KWIK TRIP #854,US-212 & CR-33,Norwood Young America                   ,MN,453,3.674,44.773464,-93.928465
69187,LOVES TRAVEL STOP #559,US-82 & US-49,Indianola,MS,655,3.31566666,33.4572953,-90.6312288
69186,LOVES TRAVEL STOP #551,US-20 & CR-127,Angola,IN,465,3.889,41.633754,-85.050515
69185,LOVES TRAVEL STOPS #560,US-258 & US-58,Franklin,VA,130,3.889,36.662364,-76.939492
69200,BECKS EXPRESS MART #22,"I-55, EXIT 126",Lincoln,IL,280,3.299,40.148571,-89.365188
69188,PILOT TRAVEL CENTER #1013-TOWN PUMP,"I-90, EXIT 298",Belgrade                                ,MT,786,3.63066666,-23.5475,-46.6343
69193,Certified Oil #400305,SR-2 & SR-7,New Martinsville,WV,317,3.31733333,39.636916,-80.857431
69203,SPEEDWAY #1414,US-45,Mokena,IL,293,3.339,41.528957,-87.849549
69189,LOVES TRAVEL STOP #542,"I-10, EXIT 261/US-67 & I-10 BUS",Fort Stockton,TX,710,3.649,30.893523,-102.852526
69207,CIRCLE K #2705988,"I-10, EXIT 209A & US-90/SR-10",Tallahassee,FL,20,3.619,30.561865,-84.217712
69211,KWIK TRIP #213,"I-35/US-61, EXIT 139 & CR-19",Stacy,MN,451,3.37733333,45.396122,-92.997707
69190,LOVES TRAVEL STOP #561,"I-10, EXIT 70 & US-90 & SR-285",Defuniak Springs,FL,20,3.609,30.7342291,-86.34934
69214,MAVERIK #5031,"I-70, EXIT 90 & US-24",Rifle,CO,800,3.46233333,39.553005,-107.776766
69194,CHESAPEAKE HOUSE SUNOCO,"I-95, EXIT 97",North East,MD,243,3.83233333,39.612437,-76.007278
69222,PILOT TRAVEL CENTERS #1003,US-287 & US-283,Childress,TX,585,3.799,34.4356516,-100.2300647
69215,GASWAY,US-1,North Brunswick                         ,NJ,115,3.159,40.4688922,-74.4647546
69201,CASEYS #3654,SR-210,Brainerd,MN,522,3.44566666,46.354706,-94.202161
69226,STRIPES #40812,US-77,Odem,TX,625,3.199,27.947179,-97.584424
69218,DANDY MINI MART #58,"I-86, EXIT 41 & US-17/15",Campbell,NY,32,3.899,42.227647,-77.184
69213,Circle K #2741498,SR-72 & SR-16,Tilden                                  ,TX,747,3.199,28.470367,-98.548568
69228,QUIKTRIP #993,"I-20, EXIT 501 & SR-34",Terrell,TX,630,2.87066666,32.703787,-96.275171
69220,CIRCLE K #2705097,"I-275, EXIT 2 & US-41",Palmetto,FL,225,3.699,27.578839,-82.540869
69217,Circle K #4705624,"I-76, EXIT 2 & US-224",Seville,OH,249,3.06566666,41.035919,-81.865097
69233,PILOT TRAVEL CENTER #597,US-23 & US-50,Chillicothe,OH,315,3.799,39.3395198,-82.9523764
69229,SPEEDWAY #7154,"I-40, EXIT 87 & US-70",Jackson,TN,460,3.399,35.684129,-88.777868
69237,KWIK TRIP #239,"I-43, EXIT 50 & SR-164",Big Bend,WI,444,3.33233333,42.915147,-88.219772
69218,DANDY MINI MART #58,"I-86, EXIT 41 & US-17/15",Campbell,NY,32,3.999,42.227647,-77.184
69234,KWIK TRIP #220,US-53/SR-194,Duluth,MN,334,3.499,46.730741,-92.18028
69221,PILOT TRAVEL CENTER #483,"I-80, EXIT 112 & SR-47",Morris,IL,290,3.799,41.395797,-88.421983
69238,KWIK TRIP #242,"US-41, EXIT 97",Fond Du Lac,WI,444,3.34066666,43.7526855,-88.463684
69236,KWIK TRIP #225,SR-54/SR-55,Seymour,WI,582,3.39066666,44.501647,-88.320116
69223,LOVES TRAVEL STOP #566,"US-231/CR-53, EXIT 12",Ozark,AL,20,3.989,32.845532,-86.591889
69255,THE LANDING,US-82,Greenwood,MS,655,3.199,33.528969,-90.22313
69245,SPEEDWAY #7946,SR-24,Newport,NC,205,3.699,34.776771,-76.872311
69230,JOES KWIK MARTS #6013,SR-16 & SR-73,Denver,NC,46,3.189,35.484104,-80.995407
69259,SPEEDWAY #7162,US-74/SR-311,Cleveland,TN,285,3.449,35.137357,-84.906771
69252,SPEEDWAY #6977,SR-96,Youngsville,NC,205,2.95233333,36.025024,-78.479007
69235,KWIK TRIP #203,US-2 & SR-35,Superior,WI,334,3.339,46.698029,-92.035851
69261,THORNTONS #314,SR-83,Bensenville,IL,290,3.449,41.972488,-87.95821
69257,CATARINA ONE STOP,US-83,Catarina,TX,693,3.024,28.340306,-99.610469
69239,LOVES TRAVEL STOP #580,SR-20/157 & SR-133,Tuscumbia,AL,615,3.849,34.7363531,-87.7034922
69263,LOVES TRAVEL STOP #564,US-82 & SR-50 & SR-12,Columbus,MS,615,3.249,33.5178981,-88.3771528
69258,TEX-BEST #525,"I-37, EXIT 109 & SR-97",Pleasanton,TX,740,3.099,28.964405,-98.493936
69250,MAVERIK #5150,"I-25, EXIT 278 & SR-1",Wellington,CO,800,3.199,40.703346,-104.999468
69289,KWIK TRIP #224,"I-35, EXIT 254",Duluth,MN,334,3.499,46.730741,-92.18028
69261,THORNTONS #314,SR-83,Bensenville,IL,290,3.409,41.972488,-87.95821
69261,THORNTONS #314,SR-83,Bensenville,IL,290,3.459,41.972488,-87.95821
69294,KWIK TRIP #317,"I-90, EXIT 28 & SR-16",Sparta,WI,515,3.24233333,43.9403076,-90.7863769
69290,LOVES TRAVEL STOP #587,"I-41/US-45, EXIT 97",Fond Du Lac,WI,444,3.44566666,43.77195,-88.433826
69288,KWIK STAR #207,"US-61, EXIT 311B & US-30",De Witt,IA,270,3.624,41.82336,-90.53819
69296,KWIK TRIP #234,"I-35, EXIT 239",Cloquet,MN,334,3.319,46.735992,-92.466192
69295,FLYING J #864,HWY 11 S & RAILWAY ST,Davidson,SK,550,4.90932581,51.249722,-105.972296
69291,LOVES TRAVEL STOP #581,"I-70, EXIT 56 & US-89",Salina,UT,835,3.70566666,38.93253,-111.854
69300,SPEEDWAY #8262,SR-306 & SR-55,Grantsboro,NC,205,3.44066666,35.14029,-76.841415
69295,FLYING J #864,HWY 11 S & RAILWAY ST,Davidson,SK,550,4.90101472,51.249722,-105.972296
69295,FLYING J #864,HWY 11 S & RAILWAY ST,Davidson,SK,550,4.89957219,51.249722,-105.972296
69301,SPEEDWAY #6969,US-264 & SR-99,Belhaven,NC,205,3.19733333,35.547683,-76.63284
69299,SPEEDWAY #7912,US-421/SR-16,Wilkesboro,NC,65,3.134,36.150412,-81.198526
69295,FLYING J #864,HWY 11 S & RAILWAY ST,Davidson,SK,550,4.90860199,51.249722,-105.972296
69305,ROAD RANGER #268,"I-64, EXIT 130 & SR-1",Grayville,IL,340,3.799,38.240151,-87.999141
69308,LOVES TRAVEL STOP #535,SR-283,Middletown,PA,70,3.759,40.167066,-74.889057
69295,FLYING J #864,HWY 11 S & RAILWAY ST,Davidson,SK,550,4.89740997,51.249722,-105.972296
69307,LOVES TRAVEL STOP #578,I-55 EXIT 30 & SR-140,Hamel,IL,540,3.429,38.890294,-89.834509
69309,PILOT TRAVEL CENTER #1012,"US-218, EXIT 42B & US-34",Mount Pleasant,IA,270,3.56566666,40.9851074,-91.5397949
69295,FLYING J #864,HWY 11 S & RAILWAY ST,Davidson,SK,550,4.89849084,51.249722,-105.972296
69310,PILOT TRAVEL CENTER #1006,"I-10, EXIT 456 & US-377",Junction,TX,740,3.599,30.5059174,-99.7765996
69311,GOLDEN GATE TRUCKSTOP HAWTHORNE,US-95/SR-362,Hawthorne,NV,966,4.079,33.923079596742,-118.319322164644
69297,KWIK TRIP #241,"US-51, EXIT 208 & SR-64",Merrill,WI,395,3.40733333,45.178999,-89.65294
69313,PETERSONS DIESEL FUELING,"I-5, EXIT 156",Seattle,WA,962,4.399,47.485077,-122.270134
69312,ONVO TRAVEL PLAZA - DUNCANNON,US-11/15,Duncannon,PA,70,3.55233333,40.447737,-76.982558
69306,PILOT TRAVEL CENTER #500,"I-75, EXIT 460 & SR-6",Jasper,FL,10,3.369,30.5166406,-83.05939
69315,ROAD RANGER #269,"I-70, EXIT 147 & SR-1",Marshall,IL,510,3.249,39.424201,-87.691827
69314,Circle K #4706799,"I-55, EXIT 283 & SR-43",Bridgeview,IL,291,3.919,41.763927,-87.801213
69307,LOVES TRAVEL STOP #578,I-55 EXIT 30 & SR-140,Hamel,IL,540,3.569,38.890294,-89.834509
69315,ROAD RANGER #269,"I-70, EXIT 147 & SR-1",Marshall,IL,510,3.309,39.424201,-87.691827
69319,SPEEDWAY #8190,US-117/13 BYP S,Goldsboro,NC,205,3.599,35.38609,-77.908036
69307,LOVES TRAVEL STOP #578,I-55 EXIT 30 & SR-140,Hamel,IL,540,3.419,38.890294,-89.834509
69321,CIRCLE K #2741546,US-90,Gonzales,TX,747,2.87566666,29.520029,-97.451218
69307,LOVES TRAVEL STOP #578,I-55 EXIT 30 & SR-140,Hamel,IL,540,3.689,38.890294,-89.834509
69330,KWIK TRIP #292,"I-43, EXIT 183",Green Bay,WI,582,3.39066666,44.485321,-87.9184265
69315,ROAD RANGER #269,"I-70, EXIT 147 & SR-1",Marshall,IL,510,3.449,39.424201,-87.691827
69333,SPEEDWAY #3578,"US-131, EXIT 64",Wayland,MI,456,3.599,42.674711,-85.657641
69318,FUEL ONE,US-9 & SR-35,Avenel,NJ,115,3.37233333,40.576498,-74.288607
69342,WARREN OIL,"I-90, EXIT 3 & US-41 & SR-912",Hammond,IN,365,3.439,41.608587556693,-87.523609371264
69333,SPEEDWAY #3578,"US-131, EXIT 64",Wayland,MI,456,3.499,42.674711,-85.657641
69324,CIRCLE K #4707006,"I-95, EXIT 302 & US-1",Houlton,ME,170,3.899,46.141968,-67.841034
69333,SPEEDWAY #3578,"US-131, EXIT 64",Wayland,MI,456,3.699,42.674711,-85.657641
69322,SHELL SERVICE STATION,"I-10, EXIT 828 & SR-73",Winnie,TX,610,3.23233333,30.361037,-103.653948
69336,SPEEDWAY #7148,"I-40, EXIT 232 & SR-109",Lebanon,TN,460,2.92233333,36.192119,-86.411673
69339,SPEEDWAY #9383,"I-75, EXIT 29 & SR-63",Monroe,OH,300,3.20233333,39.440544,-84.429726
69338,SPEEDWAY #6139,US-30 & SR-13,Pierceton,IN,465,3.729,41.200072,-85.705262
69344,CIRCLE K #2741078,SR-97 & SR-123,Stockdale,TX,747,3.079,29.225079,-97.955554
69362,HART MARATHON,US-31,Hart,MI,456,3.499,43.689298,-86.383553
69341,CIRCLE K #2741067,"I-410/US-281, EXIT 41",San Antonio,TX,740,2.899,29.482283,-98.459956
69353,SPEEDWAY #2910,"I-79, EXIT 55",Pittsburgh,PA,165,3.909,40.511987,-80.132407
69345,RUTTERS #20,"I-76, EXIT 247 & I-283, EXIT 1A",Middletown,PA,70,3.82233333,40.167066,-74.889057
69354,CIRCLE K #4702411,US-36,Danville,IN,375,3.789,39.75783,-86.487452
69346,D AND C FUEL SALES,US-6 & CR-4019,Tunkhannock                             ,PA,200,3.699,41.539544,-75.927428
69359,PETRO-CANADA,TCH,Medicine Hat                            ,AB,50,4.09179735,49.998721,-110.650029
69380,CASEYS #2967,SR-43 & SR-2,Bennet,NE,413,3.229,40.68171,-96.506691
69365,Circle K #4703911,SR-109 & SR-52,Portland,TN,460,2.959,36.57617,-86.513793
69359,PETRO-CANADA,TCH,Medicine Hat                            ,AB,50,4.09933844,49.998721,-110.650029
69383,PETRO-CANADA,"ALASKA HWY, MILE 635",Watson Lake                             ,YT,850,4.4906795,60.062806,-128.710913
69383,PETRO-CANADA,"ALASKA HWY, MILE 635",Watson Lake                             ,YT,850,4.4900174,60.062806,-128.710913
69359,PETRO-CANADA,TCH,Medicine Hat                            ,AB,50,4.09994293,49.998721,-110.650029
69390,MINIT MART #600625,"I-57, EXIT 283 & US-24",Gilman,IL,280,3.489,40.766583,-87.987319
69384,KWIK TRIP #209,"US-41, EXIT 148 & SR-55",Kaukauna,WI,582,3.369,44.282741,-88.266212
69362,HART MARATHON,US-31,Hart,MI,456,3.449,43.689298,-86.383553
69392,LOVES TRAVEL STOP #600,"I-69, EXIT 214",Pendleton,IN,457,3.57566666,39.9925,-85.844526
69390,MINIT MART #600625,"I-57, EXIT 283 & US-24",Gilman,IL,280,3.399,40.766583,-87.987319
69369,SPEEDWAY #2912,SR-65,Baden,PA,165,3.91233333,40.626127,-80.229668
69393,LOVES TRAVEL STOP #594,US-35 & SR-850,Bidwell,OH,315,3.849,38.875555,-82.297611
69374,7-ELEVEN #40558,SR-6 & CR-185,Woodway,TX,765,2.98566666,31.58144,-97.303733
69394,SPEEDWAY #3424,"I-75, EXIT 73 & SR-55",Troy,OH,411,3.13566666,40.022933,-84.238935
69377,CIRCLE K #4705628,SR-21 & SR-585,Barberton,OH,249,3.58233333,40.999746,-81.639257
69398,SPEEDWAY #7114,"I-75, EXIT 4, SR-153, EXIT 1 & US-64/US-11",Chattanooga,TN,285,3.08233333,35.018769,-85.240231
69379,Kum & Go #0535,US-6 & US-65,Des Moines,IA,320,2.98733333,41.679346,-93.582582
69401,CASEYS #3205,"I-29, EXIT 47 & US-275/SR-92",Council Bluffs,IA,319,3.599,41.258963,-95.85436
69395,SPEEDWAY #3766,US-52,Indianapolis,IN,375,3.599,39.7810616,-86.1588675
69402,SHELL,"I-71, EXIT 151 & SR-95",Mount Gilead,OH,315,3.759,40.497922,-82.720863
69412,CIRCLE K #4705724,US-127 & CR-144,Paulding,OH,411,3.699,41.149637,-84.581199
69396,SPEEDWAY #7158,"I-40, EXIT 320 & SR-98",Crossville,TN,460,3.07233333,35.977636,-85.013768
69403,SHORTYS ONE STOP,US-83/12/SR-20,Selby,SD,248,3.089,45.505882,-100.037719
69413,ASAP GENERAL STORE #300,"I-40, EXIT 66 & US-183",Clinton,OK,483,3.149,35.464508,-98.974689
69397,SPEEDWAY #7163,"I-40/US-412, EXIT 85",Jackson,TN,460,3.349,35.684129,-88.777868
69407,Cenex,US-14/CR-812 & US-83,Blunt                                   ,SD,571,3.1015,44.50615,-100.068912
69414,FLEX MARKET,"I-65 EXIT20, US-31 W EXIT 4",Bowling Green                           ,KY,460,2.999,36.929324,-86.498187
69399,SPEEDWAY #7147,"I-75, EXIT 49 & SR-30",Athens,TN,285,3.349,35.469207,-84.65331
69410,LOVES TRAVEL STOP #602,"I-90, EXIT 67B",Box Elder,SD,506,3.989,44.120368,-103.052112
69417,LOVLEN FOODS,US-58 & SR-615,Drewryville,VA,130,3.049,36.7157234,-77.3063687
69400,CASEYS #4411,US-641 & SR-58,Benton,KY,490,3.199,36.874588029321,-88.194080071428
69416,CIRCLE K #2740541,HWY 90,Roans Prairie,TX,670,3.07233333,30.5845464,-95.9441027
69421,CIRCLE K #2741257,"I-10, EXIT 19B",El Paso,TX,640,2.91566666,31.793653,-106.37123
69405,FLYING J #551,"I-20, EXIT 330 & SR-206",Cisco                                   ,TX,575,3.14233333,32.38812,-98.979329
69423,FAST MARKET #4574,SR-375 & CR-258,El Paso,TX,640,2.90566666,31.782749,-106.338591
69436,CIRCLE K #2741077,SR-97 & CR-433,Pleasanton                              ,TX,747,2.949,28.971733,-98.478401
69434,CIRCLE K #2741559,US-281 & SR-29,Burnet,TX,595,2.91566666,30.758722,-98.228254
69425,5R TRAVEL CENTER,"I-10, US HWY 180, EXIT 82A",Deming,NM,640,3.049,32.281344,-107.760075
69439,LOVES TRAVEL STOP #608,"I-135, EXIT 60 & US-56",Mcpherson,KS,570,3.324,38.373551,-97.667066
69438,LOVES TRAVEL STOP #585,"I-49/US-71, EXIT 27 & SR-86",Neosho,MO,277,3.39733333,36.87909,-94.4292
69426,LOVES TRAVEL STOP #553,"I-40 E, EXIT 163",Williams,AZ,930,3.59566666,39.168007,-122.144146
69440,LOVES TRAVEL STOP #592,US-24 & SR-101,Woodburn,IN,370,3.849,41.12502,-84.854712
69442,Eagle #51,US-83 & FM-1917,Carrizo Springs,TX,740,3.279,28.524317,-99.858551
69437,CountryMark,SR-66,Evansville                              ,IN,340,3.699,37.975708,-87.569907
69451,LOVES TRAVEL STOP #603,I-95 EXIT 366 AT PECAN PARK RD,Jacksonville,FL,75,3.399,30.5163245,-81.6328643
69446,SUPER SAVE #4,SR-33 & SR-15,Farmerville,LA,719,3.479,32.741268,-92.429534
69441,LOVES TRAVEL STOP #610,"I-20, EXIT 307 & US-283",Baird,TX,575,3.10733333,32.402493,-99.384692
69453,7-ELEVEN #41033,US-69,Woodville,TX,610,3.149,30.687456032172,-94.418435395733
69455,SPEEDWAY #4214,"I-45, EXIT 46 & US-100",Milwaukee,WI,448,3.36566666,43.12931,-87.932458
69448,STRIPES #42525,"I-27/US-87, EXIT 2",Lubbock,TX,700,2.95733333,33.505964,-101.869803
69454,SPEEDWAY #6092,"I-65, EXIT 76A & US-31",Taylorsville,IN,375,3.35733333,38.218691,-85.597826
69458,PEOSTA KWIK STOP,"US-20, EXIT 308",Peosta,IA,335,3.489,42.442999,-90.851268
69452,DANDY MINI MART #5,HWY 6,Towanda,PA,32,3.999,41.787924,-76.453475
69459,LOVES TRAVEL STOP #583,"I-64, EXIT 27 & SR-161",New Baden,IL,540,3.849,38.5344851,-89.7325524
69469,QUIKTRIP #1110,"I-85, EXIT 60 & US-101",Greer,SC,210,3.08566666,34.876538,-82.226993
69468,TOOT N TOTUM #100,US-83,Perryton,TX,585,2.999,36.376367,-100.801806
69462,LOVES TRAVEL STOP #619,"I-59, EXIT 29 & SR-26",Poplarville,MS,725,3.17566666,30.8461819,-89.497631
69471,Circle K #2741501,"I-37, EXIT 3A",Corpus Christi                          ,TX,625,3.104,27.713163,-97.403276
69474,LOVES TRAVEL STOP #577,"I-85, EXIT 22",Shorter,AL,720,3.22066666,32.40463,-85.9578
69465,MAVERIK COUNTRY STORE #476,US-59,Gillette,WY,790,3.36566666,44.26926,-105.507331
69475,GUTHRIE TRAVEL CENTER,I-35 EXT 138C,Guthrie,OK,483,2.96566666,35.877284,-97.391901
69467,CIRCLE K #2741547,US-181,Floresville,TX,740,2.99566666,29.14549,-98.155574
69477,LOVES TRAVEL STOP #621,US-36 & SR-110,Bevier,MO,310,3.439,39.76257,-92.56275
69480,VAN HOOK TRAVEL CENTER,US-23,New Town                                ,ND,452,3.56233333,47.978691,-102.353152
69483,LOVES TRAVEL STOP #607,"US-63, EXIT 40 & SR-463",Jonesboro,AR,435,3.439,35.802115,-90.635246
69485,7-ELEVEN #41036,US-96,San Augustine,TX,618,3.159,31.529677,-94.111946
69484,KWIK TRIP #774,SR-13,Adams,WI,395,3.274,43.961189,-89.818657
69487,CIRCLE K #2742034,"I-35, EXIT 176",Schertz,TX,740,2.794,29.598816,-98.27664
69486,DUCK THRU FOOD STORE #42,SR-186 & SR-305,Seaboard,NC,130,3.299,36.490214,-77.443398
69500,ROAD RANGER #271,"I-20, EXIT 108",Odessa,TX,710,3.51566666,31.788221,-102.478611
69489,SPRINT FOODS #728,SR-38,Bennettsville,SC,63,3.399,34.631771,-79.685111
69492,GOOD 2 GO #418,"I-15, EXIT 273 & US-54 & US-91",Mona,UT,835,3.429,39.814673,-111.855228
69497,MACH ONE FOOD SHOP #10,"I-70 & EXIT 129, SR-49",Casey,IL,510,3.499,40.098052,-88.191069
69501,VALLEY COUNTRY STORE,"I-84, EXIT 16B & SR-79",Jerome,ID,787,3.43233333,42.650693,-114.445606
69494,TMI FUEL STOP,SR 1,Port Allen                              ,LA,600,3.06566666,30.5063554,-91.2173859
69497,MACH ONE FOOD SHOP #10,"I-70 & EXIT 129, SR-49",Casey,IL,510,3.299,40.098052,-88.191069
69495,QUIKTRIP #72,US-69 & US-62,Muskogee,OK,560,3.03233333,35.768145,-95.403433
69513,KWIK TRIP #885,WI-29 EXIT 132,Abbotsford,WI,395,3.45233333,44.92838,-90.312492
69499,HANKS TRUCK STOP,US-39 & US-30,Hanna,IN,457,3.499,41.40566,-86.73322
69496,LOVES TRAVEL STOP #601,"I-70, EXIT 115 & SR-109",Knightstown,IN,375,3.949,39.844395,-85.558557
69504,KWIK TRIP #245,SR-42,Plainview,MN,515,3.624,44.160699,-92.165437
69521,CASEYS #3319,"US-30, EXIT 158",Nevada,IA,320,2.989,42.019648,-93.452278
69497,MACH ONE FOOD SHOP #10,"I-70 & EXIT 129, SR-49",Casey,IL,510,3.199,40.098052,-88.191069
69506,KWIK TRIP #290,"I-94/US-41, EXIT 321",Oak Creek,WI,444,3.719,42.902193,-87.926331
69505,KWIK TRIP #282,"I-43, EXIT 43 & SR-83",Mukwonago,WI,444,3.33733333,42.881079,-88.340792
69512,LOVES TRAVEL STOP #589,"I-27/US-87, EXIT 8 & FM-2641",Lubbock,TX,700,3.33233333,31.3285076,-94.6897649
69508,KWIK TRIP #777,SR-49 & CR-F,Berlin,WI,582,3.42566666,43.968715,-88.953234
69520,SPEEDWAY #2908,SR-51,Perryopolis,PA,165,3.91566666,40.085624,-79.761037
69510,CLARK #3121,SR-46 & SR-24,Caro                                    ,MI,260,3.399,43.408602,-83.382641
69527,Exxon,"I-96, EXIT 129",Fowlerville,MI,406,3.749,42.647218,-84.071265
69514,Flying J #1033,"I-20, EXIT 138 & SR-158",Midland,TX,710,3.56566666,31.98424,-102.042795
69534,CAIRO TRAVEL CENTER,US-84/SR-38,Cairo                                   ,GA,20,3.424,30.884434,-84.204203
69528,KWIK STAR #283,"I-380/US-218/SR-27, EXIT 13",Cedar Rapids,IA,380,3.53233333,41.9780542,-91.6698616
69524,CONCORD XTRAMART,"I-93, EXIT 17 & US-4",Concord,NH,178,3.659,43.2095691,-71.5372937
69536,7-ELEVEN #40802,US-87,Nixon,TX,740,3.079,29.268278,-97.762768
69530,CIRCLE K #2741030,"I-35, EXIT 160",San Antonio,TX,740,2.999,29.482283,-98.459956
69522,FUEL EXPRESSO 17,"I-35 & EXIT 187, SR-68",Ottawa                                  ,KS,400,3.17233333,38.882002,-94.66832
69542,PILOT #1030,"I-57, EXIT 353",Alsip,IL,290,3.359,41.663391,-87.700902
69532,JACKSONS FOOD STORE #147,"I-84, EXIT 27/US-20 & SR-19",Caldwell                                ,ID,785,3.579,43.66367,-116.612203
69525,DILLEY TRUCK STOP,"I-35 & EXIT 85, FM 117",Dilley,TX,740,3.06566666,28.668394,-99.170477
69542,PILOT TRAVEL CENTER #1030,"I-57, EXIT 353",Alsip,IL,290,3.459,41.664064,-87.7000321
69542,PILOT TRAVEL CENTER #1030,"I-57, EXIT 353",Alsip,IL,290,3.499,41.664064,-87.7000321
69526,STRIPES 7FLEET #42469,"I-20, US-80 EXIT 15A",Santo,TX,575,2.91733333,32.603855,-98.215414
69542,PILOT #1030,"I-57, EXIT 353",Alsip,IL,290,3.459,41.663391,-87.700902
69542,PILOT TRAVEL CENTER #1030,"I-57, EXIT 353",Alsip,IL,290,3.599,41.664064,-87.7000321
69531,Kwik Star#223,"I-35, EXIT 194 & US-18/SR-122",Clear Lake,IA,433,3.079,43.14602,-93.34754
69549,KWIK TRIP #178,"I-494, EXIT 64B & SR-156",South Saint Paul,MN,451,3.60733333,44.884394,-93.031037
69545,LOVES TRAVEL STOP #628,"I-35E, EXIT 386 & FM-1134",Italy,TX,630,3.10233333,32.19332,-96.8986
69541,PILOT #1027,US-385 & CR-E,Vega                                    ,TX,585,3.30566666,35.235308,-102.428527
69553,SPEEDWAY #2120,US-30,Oswego,IL,293,3.249,41.687806,-88.338571
69547,KWIK TRIP #297,"US-10, WI-441",Menasha,WI,582,3.49066666,44.212801,-88.403506
69546,KWIK TRIP #186,"I-35, EXIT 183",Hinckley,MN,334,3.35233333,46.0097,-92.925782
69554,SPEEDWAY #8047,"I-70, EXIT 104 & SR-9",Greenfield,IN,375,3.599,43.016756,-88.041487
69550,KWIK TRIP #273,"I-35, EXIT 251B & SR-23",Duluth,MN,334,3.499,46.730741,-92.18028
69553,SPEEDWAY #2120,US-30,Oswego,IL,293,3.259,41.687806,-88.338571
69559,CASEYS #3424,"I-35, EXIT 26 & SR-30",Ellendale                               ,MN,433,3.499,43.8699352,-93.2991154
69553,SPEEDWAY #2120,US-30,Oswego,IL,293,3.299,41.687806,-88.338571
69561,SPEEDWAY #7156,"I-40/75, EXIT 374 & SR-131",Knoxville,TN,405,3.26566666,35.909569,-84.15001
69560,LOVES TRAVEL STOP #614,"I-40, EXIT 149",Albuquerque,NM,580,3.52066666,35.064432,-106.784633
69558,CIRCLE K #2741070,FM-1560,San Antonio,TX,740,2.914,29.482283,-98.459956
69566,PILOT #1024,"I-80, EXIT 132B & SR-53",Joliet,IL,290,3.799,41.480392,-88.079179
69564,SPEEDWAY #7106,"I-40, EXIT 280 & SR-56",Baxter,TN,460,3.06566666,36.139347,-85.628163
69562,SPEEDWAY #8796,"I-496, EXIT 11",Lansing,MI,406,3.699,42.726155,-84.642759
69567,KWIK TRIP #166,"I-35, EXIT 214",Moose Lake,MN,334,3.319,46.433174,-92.755466
69568,KWIK TRIP #295,SR-26 & SR-59,Milton,WI,420,3.399,42.782793,-88.962847
69563,SPEEDWAY #9651,"I-75, EXIT 104",Lexington,KY,410,3.149,37.979957,-84.55108
69570,CENEX CONVENIENCE,SR-34 & CR-21,Detroit Lakes,MN,341,3.499,46.81282,-95.8388333
69573,AC & T Falling Waters,"I-81, EXIT 23",Falling Waters                          ,WV,70,3.849,39.576852,-77.877697
69565,PILOT #1021,"I-196, EXIT 49",Holland,MI,406,3.999,42.741015,-86.070012
69574,LOVES TRAVEL STOP #622,"I-94, EXIT 45 & CR-B",Menomonie,WI,450,3.579,44.8764849,-91.9297004
69575,LOVES TRAVEL STOP #537,"I-68, EXIT 46 & US-220/SR-144",Cumberland,MD,14,4.249,39.6723036,-78.7167903
69565,PILOT #1021,"I-196, EXIT 49",Holland,MI,406,4.099,42.741015,-86.070012
69576,PILOT #498,US-69/75 & SR-7,Atoka,OK,253,3.499,34.364223,-96.140494
69580,GORES TRAVEL PLAZA,US-270/SR-3,Seiling,OK,483,3.149,36.167952,-98.954121
69566,PILOT TRAVEL CENTER #1024,"I-80, EXIT 132B & SR-53",Joliet,IL,290,3.799,41.4802622,-88.0786085
69584,LOVES TRAVEL STOP #648,US-70,Valliant,OK,253,3.099,34.0038969,-95.1017289
69581,BYRNE DAIRY #22,"I-81, EXIT 15 & US-20",La Fayette                              ,NY,220,4.299,42.893932,-76.114436
69572,AC & T GARLAND GROH,I-81 EXIT 7B,Hagerstown,MD,70,3.559,39.66475,-77.743549
69585,LOVES TRAVEL STOP #618,"I-75, EXIT 136 & SR-32",Sadieville,KY,300,3.139,38.3794804,-84.5723228
69586,FLYING J #853,TCH-17,Sault Ste Marie,ON,460,4.45292033,46.506774,-84.333515
69586,FLYING J #853,TCH-17,Sault Ste Marie,ON,460,4.46211176,46.506774,-84.333515
69586,FLYING J #853,TCH-17,Sault Ste Marie,ON,460,4.45390331,46.506774,-84.333515
69589,LOVES TRAVEL STOP #604,I-35 EXIT 157 & SR-33,Guthrie,OK,483,3.319,35.879858,-97.392064
69586,FLYING J #853,TCH-17,Sault Ste Marie,ON,460,4.45193778,46.506774,-84.333515
69586,FLYING J #853,TCH-17,Sault Ste Marie,ON,460,4.45521463,46.506774,-84.333515
69594,SPEEDWAY #8480,US-30 & CR-36,Plainfield,IL,293,3.279,41.593633,-88.186207
69586,FLYING J #853,TCH-17,Sault Ste Marie,ON,460,4.46276974,46.506774,-84.333515
69587,LAMBOS #3,"I-57, EXIT 190A & SR-16",Mattoon,IL,280,3.399,39.48354,-88.303399
69591,REBEL PLUS #841,"I-75, EXIT 116 & CR-865",Bonita Springs,FL,225,3.539,26.3456184,-81.7792616
69588,FUEL CITY,"I-30, EXIT 52B & US-80",Mesquite,TX,630,2.96566666,32.791383,-96.656771
69592,SPEEDWAY #6131,"I-465, EXIT 49",Indianapolis,IN,375,3.799,39.7810616,-86.1588675
69590,LOVES TRAVEL STOP #654,US-81,Union City,OK,483,3.37566666,35.406151,-97.937579
69595,SPEEDWAY #7176,US-31/SR-6,Columbia,TN,460,3.359,35.650835,-87.011837
69594,SPEEDWAY #8480,US-30 & CR-36,Plainfield,IL,293,3.339,41.593633,-88.186207
69596,SPEEDWAY #4250,SR-72,Des Plaines,IL,293,3.289,42.008873,-87.900915
69596,SPEEDWAY #4250,SR-72,Des Plaines,IL,293,3.499,42.008873,-87.900915
69598,SPEEDWAY #8133,SR-237,Berea,OH,305,3.499,41.389049,-81.851787
69597,SPEEDWAY #2918,US-119,Uniontown,PA,165,3.91566666,39.901991,-79.753136
69615,LOVES TRAVEL STOP #631,US-275/SR-64,Valley,NE,270,3.34566666,41.3128295,-96.3240845
69601,LOVES TRAVEL STOP #638,US-54,Texhoma,OK,585,3.509,36.506313,-101.774627
69599,One9 SPEEDWAY #2917,SR-48 & SR-130,Monroeville,PA,165,3.99233333,40.436635,-79.780042
69618,LOVES TRAVEL STOP #656,US-50/400,Holcomb,KS,525,3.729,38.001181,-100.996287
69608,STRIPES,FM 1924,Mission,TX,639,3.099,26.288411,-98.319279
69605,CASEYS #3305,SR-23 & SR-47,Ogilvie,MN,333,3.371,45.827695,-93.425739
69612,ROAD RANGER #272,"I-35, EXIT 39 & SR-44",Encinal,TX,693,3.539,28.046884,-99.348656
69607,PANOLA PINES PLAZA,I-59,Carthage,TX,618,3.139,32.148062,-94.325433
69616,FLYING J #552,"I-71, EXIT 32 & SR-350",Lebanon,OH,407,3.399,39.432271,-84.208526
69611,CUBBYS #2104,CR-131,Shelby                                  ,NE,313,3.399,41.192382,-97.416921
69621,Circle K #2741096,"I-10/US-90, EXIT 591 & FM-1518",Converse                                ,TX,740,2.93566666,29.487162,-98.222471
69614,RUTTERS #36,US-15 & SR-234,York Springs,PA,70,4.299,40.007722,-77.114423
69627,STRIPES #40601,US-83 & FM-2360,Rio Grande City,TX,639,2.99566666,26.306298,-98.640249
69625,RUTTERS #34,US-30 & SR-23,Leola,PA,70,4.199,40.088469,-76.182607
69629,SWANTON MOBIL,"I-89, EXIT 21 & SR-78",Swanton,VT,39,3.539,44.9194283,-73.12527
69634,FLYING J #863,HWY 1 & HWY 46,Balgonie,SK,550,4.51093964,50.479056,-104.289309
69626,CASEYS #2860,US-160 & FM-6070,West Plains,MO,535,3.419,36.731121,-91.852504
69634,FLYING J #863,HWY 1 & HWY 46,Balgonie,SK,550,4.51858925,50.479056,-104.289309
69632,Circle K #2709300,US-72/SR-2,Huntsville,AL,460,2.97733333,34.745948,-86.682246
69630,MANSFIELD TRAVEL PLAZA,SR-175 & SR-509,Mansfield,LA,745,3.019,32.043735,-93.693382
69633,ONE9 EXPRESS FUEL,"I-10, EXIT 42 & FM-1110",Clint,TX,640,2.80233333,31.598273,-106.196545
69636,PETRO WILMINGTON,"I-55, EXIT 240",Wilmington,IL,290,3.399,39.716558788072,-75.63774423862
69634,FLYING J #863,HWY 1 & HWY 46,Balgonie,SK,550,4.5076218,50.479056,-104.289309
69634,FLYING J #863,HWY 1 & HWY 46,Balgonie,SK,550,4.50861664,50.479056,-104.289309
69636,PETRO WILMINGTON,"I-55, EXIT 240",Wilmington,IL,290,3.499,39.716558788072,-75.63774423862
69634,FLYING J #863,HWY 1 & HWY 46,Balgonie,SK,550,4.51792304,50.479056,-104.289309
69634,FLYING J #863,HWY 1 & HWY 46,Balgonie,SK,550,4.50961192,50.479056,-104.289309
69637,PILOT TRAVEL CENTER #1041,SR-64 & CR-23,Carol Stream,IL,290,3.699,41.9164066,-88.1205024
69636,PETRO WILMINGTON,"I-55, EXIT 240",Wilmington,IL,290,3.449,39.716558788072,-75.63774423862
69646,Arco One9,"I-10, EXIT 19",Quartzsite,AZ,930,3.379,33.670098,-114.199188
69643,Tex-Best #524,SR-44 E,Alice,TX,625,2.899,27.748763,-98.112364
69636,PETRO WILMINGTON,"I-55, EXIT 240",Wilmington,IL,290,3.539,39.716558788072,-75.63774423862
69646,Arco dba One9 #1258,"I-10, EXIT 19",Quartzsite,AZ,930,3.359,33.6666789,-114.2171043
69652,LOVES TRAVEL STOP #633,US-30,Plymouth,IN,365,3.849,41.362157,-86.350362
69637,PILOT #1041,SR-64 & CR-23,Carol Stream,IL,290,3.759,41.903278,-88.122868
69647,SPEEDWAY #6207,SR-25,Batavia,IL,293,3.699,41.854304,-88.27776
69654,LOVES TRAVEL STOP #636,US-169,Nowata,OK,500,3.399,36.719464,-95.628664
69637,PILOT #1041,SR-64 & CR-23,Carol Stream,IL,290,3.799,41.903278,-88.122868
69651,LOVES TRAVEL STOP #074,SR-19 & SR-76,Lindsay,OK,483,3.09066666,34.962331,-97.632305
69653,LOVES TRAVEL STOP #644,"I-70, EXIT 437 & US-385",Burlington,CO,800,3.889,39.291329,-102.277381
69637,PILOT TRAVEL CENTER #1041,SR-64 & CR-23,Carol Stream,IL,290,3.799,41.9164066,-88.1205024
69649,SPEEDWAY #2921,"I-80, EXIT 29 & SR-8",Harrisville,PA,573,3.434,41.1366207,-80.0114362
69657,JIFFY MART,US-7 & SR-22A,Ferrisburgh,VT,39,3.599,44.201141,-73.247233
69647,SPEEDWAY #6207,SR-25,Batavia,IL,293,3.599,41.854304,-88.27776
69666,7-ELEVEN #40587,SR-21 & FM-150,Maxwell,TX,595,3.15233333,29.881919080554,-97.865409937236
69663,STRIPES #2484,SR-480 & FM-1021,Eagle Pass,TX,740,3.199,28.670539,-100.454567
69648,BP-GIANT OIL #440,"I-71, EXIT 204 & SR-83",Burbank,OH,249,3.23233333,40.988668640183,-81.992500410806
69668,LOVES TRAVEL STOP #643,"I-55/57, EXIT 66A & US-60",Sikeston,MO,490,3.549,36.853064,-89.5809811
69664,7-ELEVEN #40544,US-281,Lampasas,TX,765,2.91566666,31.075234,-98.185128
69658,Missouri Travel,"I-29, EXIT 75 & US-30",Missouri Valley,IA,319,3.424,41.550893,-95.9229
69670,LOVES TRAVEL STOP #611,"I-90, EXIT B3 & SR-22",Canaan,NY,12,3.989,42.3628826,-73.4296851
69669,LOVES TRAVEL STOP #623,"I-20/SR-349, EXIT 131",Midland,TX,710,3.55566666,31.94729,-102.14067
69659,QUIKTRIP #1092,"I-77, EXIT 77 & US-21/SR-5",Rock Hill,SC,46,3.134,34.933032,-81.057524
69670,LOVES TRAVEL STOP #611,"I-90, EXIT B3 & SR-22",Canaan,NY,12,3.979,42.3628826,-73.4296851
69672,STRIPES 7FLEET #42507,US-285,Pecos,TX,710,3.379,31.4259171,-103.4942876
69662,STRIPES 7FLEET #42472,US-377,Brownwood,TX,575,2.96233333,31.730324,-98.989685
69673,QUIKTRIP #1863,"SEC HWY 114, I-35",Roanoke,TX,630,2.97566666,33.025711,-97.271507
69674,WEIGLES #64,"I-75, EXIT 122 & SR-61",Clinton,TN,405,2.99566666,36.169659,-84.078725
69671,LOVES TRAVEL STOP #655,US-83 & SR-96,Scott City,KS,525,3.63733333,38.4642944,-100.9044799
69682,PILOT #1577,"I-75, EXIT 141 & SR-63",Pioneer,TN,405,3.02566666,36.376903,-84.248569
69679,LOVES TRAVEL STOP #627,US-27 & SR-54,Davenport,FL,140,3.55233333,28.2436476,-81.6572357
69676,SPEEDWAY #8495,"US-19/SR-400, EXIT 12",Alpharetta,GA,18,3.349,34.123382,-84.224293
69681,PILOT #1549,"I-20, EXIT168 & SR-77",Lincoln,AL,615,3.199,33.593015,-86.159244
69686,CASEYS #3472,SR-125 & SR-78,Virginia,IL,368,3.759,39.949825,-90.210483
69680,PILOT #1042,I-55 EXIT 283,Bridgeview,IL,290,3.799,41.754091,-87.799059
69681,PILOT TRAVEL CENTER #1549,"I-20, EXIT168 & SR-77",Lincoln,AL,615,3.109,33.593137,-86.1598036
69687,CASEYS #3470,US-421 & SR-16,Monon,IN,375,3.779,40.868021,-86.878888
69680,PILOT TRAVEL CENTER #1042,I-55 EXIT 283,Bridgeview,IL,290,3.799,41.7541349,-87.7990094
69686,CASEYS #3472,SR-125 & SR-78,Virginia,IL,368,3.659,39.949825,-90.210483
69694,MAVERIK COUNTRY STORE #533,US-91 & SR-101,Wellsville                              ,UT,835,3.444,41.799908,-111.832766
69683,GOOD TO GO #88,"I-55, EXIT 283",Chicago,IL,291,3.619,41.773327,-87.781579
69688,CASEYS #3431,US-150 & SR-54,Farmer City,IL,368,3.339,40.241803,-88.642573
69696,MAVERIK COUNTRY STORE #531,"I-80/15, EXIT 305D",Logan,UT,835,3.43066666,41.799908,-111.832766
69684,KWIK TRIP #140,"SR-29, EXIT 177",Schofield,WI,395,3.424,44.905665,-89.605414
69707,SUPER S TRAVEL PLAZA,"I-49, EXIT 241",Ida,LA,745,3.059,32.944521,-93.894222
69686,CASEYS #3472,SR-125 & SR-78,Virginia,IL,368,3.799,39.949825,-90.210483
69695,MAVERIK COUNTRY STORE #488,"I-15/US-89, EXIT 288",Draper,UT,835,3.44566666,41.799908,-111.832766
69711,PILOT TRAVEL CENTER #1047,"I-295, EXIT 25",Jacksonville,FL,75,3.384,30.371845,-81.7644252
69699,CIRCLE K #2741552,"SR-969, SR-130, EXIT 444",Austin                                  ,TX,595,2.93233333,30.14006,-97.797239
69693,MAVERIK COUNTRY STORE #527,"US-89, EXIT 405",Ogden,UT,835,3.439,41.799908,-111.832766
69711,PILOT #1047,"I-295, EXIT 25",Jacksonville,FL,75,3.359,30.412953,-81.571414
69708,TA Express #289,US-59,Nacogdoches,TX,618,3.139,31.502628168074,-94.703957035003
69698,KUM & GO #0891,I-44 (EASTBOUND),Vinita,OK,560,3.059,34.508123235088,-96.956391999044
69719,SHEETZ #033,"I-99/US-220, EXIT 41 & SR-865",Altoona,PA,14,3.529,40.519613,-78.397819
69712,LOVES TRAVEL STOP #650,"I-84/US-30, EXIT 159",Boardman,OR,935,3.52233333,45.827,-119.797611
69701,PUMP & PANTRY #48,US-30 & SR-25,Fremont,NE,486,3.319,41.452138,-96.453223
69721,MFA,US-36,Brookfield                              ,MO,276,3.249,39.779713,-93.071018
69713,EAGLE #56,"I-45, Exit 189",Teague,TX,765,3.48233333,31.627122,-96.284086
69702,SPEEDWAY #7159,"I-40/SR-66, EXIT 412",Dandridge,TN,405,3.259,36.010837,-83.532472
69715,CASEYS #2712,SR-8/SR-14,Superior,NE,413,3.36233333,40.021903,-98.066592
69731,PETRO-CARD 24 #910561,"I-49, EXIT 102A",Nevada                                  ,MO,277,3.349,37.837233,-94.359373
69703,CIRCLE K #2741831,"I-35, EXIT 8B & SR-20",Laredo,TX,693,2.90233333,27.505362,-99.480086
69723,SPEEDWAY #5036,I-90 & US-20,Hampshire,IL,293,3.369,42.148127,-88.509712
69732,PETRO-CARD 24 #911043,US-65,Sedalia                                 ,MO,392,3.249,38.704529,-93.236542
69709,LOVES TRAVEL STOP #626,US-287,Dumas,TX,585,3.41566666,35.879157,-101.973266
69742,LOVES TRAVEL STOP #630,US-412/64,Enid,OK,337,3.78733333,36.3986952,-97.8215019
69727,PETRO-CARD 24 #910880,SR-6/13,Gallatin,MO,276,3.299,39.92618,-93.947831
69710,LOVES TRAVEL STOP #625,"I-80, EXIT 59 & SR-17J",Sidney,NE,475,3.47233333,41.109805,-102.949744
69744,LOVES TRAVEL STOP #632,US-54 & US-83,Liberal,KS,585,3.66566666,37.044621,-100.901516
69735,PETRO-CARD 24 #910200,US-65 & BUS US-36,Chillicothe,MO,276,3.289,39.793421,-93.552559
69720,PILOT #1046,US-27 & SR-80,South Bay,FL,176,3.799,26.667005,-80.716025
69740,LOVES TRAVEL STOP #613,"I-81, EXIT 24 & SR-80",Meadowview,VA,185,3.599,36.756473,-81.856004
69720,PILOT TRAVEL CENTER #1046,US-27 & SR-80,South Bay,FL,176,3.799,26.666672,-80.716649
69743,LOVES TRAVEL STOP #647,US-81,Belleville,KS,523,3.81566666,39.83497,-97.637987
69755,PILOT #1082,"I-526, EXIT 19",Charleston,SC,42,3.41566666,32.90357,-79.984558
69729,MFA OIL,US-63 & HWY E,Queen City,MO,494,3.249,40.413412,-92.563621
69745,PILOT #1070,"I-40/US-54, EXIT 277 & US-84",Santa Rosa,NM,580,3.46233333,34.946524,-104.652049
69741,LOVES TRAVEL STOP #659,"I-10, EXIT 133B",Tolleson,AZ,930,3.569,33.4580738,-112.2393133
69748,SUNOCO,SR-930 E,Fort Wayne                              ,IN,370,3.59733333,41.031444,-85.126694
69746,Maverik Country Store #5014,I-80 E EXIT 110 & HWY169,De Soto,IA,320,3.099,41.535651,-94.009495
69758,MAVERIK COUNTRY STORE #537,I-215 EXIT 21,Salt Lake City                          ,UT,835,3.38233333,40.771968,-111.93868
69780,Bolingbrook Mart,"I-55, EXIT 269",Bolingbrook,IL,293,3.639,41.689428,-88.047624
69747,SUNOCO,I-69 & YS HWY 30,Fort Wayne,IN,370,3.604,41.031444,-85.126694
69783,SHEETZ #603,"I-78 US-22, EXIT 13 & SR-501",Bethel,PA,208,3.32733333,40.475421,-76.293851
69782,BYRNE DAIRY #14,SR-414 & SR-318,Waterloo,NY,190,3.999,42.902413,-76.836777
69750,CIRCLE K #2704041,"I-35, EXIT 183",New Braunfels,TX,740,2.859,29.692352,-98.111612
69787,LOVES TRAVEL STOP #616,"I-49, EXIT 158",Harrisonville,MO,400,3.429,38.653157,-94.349513
69784,KWIK TRIP #158,US-10 & SR-23,Saint Cloud,MN,451,3.27733333,45.5651625,-94.2135947
69751,MFA,CR-37,Purdy,MO,416,3.349,36.8160923,-93.9205547
69786,LOVES TRAVEL STOP #671,"I-55, EXIT 63 & US-61",Blytheville,AR,275,3.45566666,35.884872,-89.917887
69764,MAVERIK COUNTRY STORE #538,I-15 & SR-99,Fillmore,UT,835,3.38733333,41.799908,-111.832766
69792,FLYING J #1061,"I-44, EXIT 72",Springfield,MO,416,3.38233333,37.215521,-93.292361
69789,LOVES TRAVEL STOP #620,US-301 & SR-20,Hawthorne,FL,140,3.789,29.6023208,-82.0863254
69765,7-ELEVEN #40509,I-90/80 EB,Howe,IN,465,3.899,41.744987,-85.329171
69797,KWIK TRIP #149,US-10,Saint Cloud,MN,451,3.21066666,45.5651625,-94.2135947
69790,LOVES TRAVEL STOP #641,I-155/US-412 EXIT 13 & SR-78,Dyersburg,TN,275,3.40233333,36.0765936,-89.3980569
69766,Marathon,"I-75, EXIT 99 & SR-119",Anna,OH,411,3.029,40.394505,-84.159068
69791,PILOT #1083,US-287 & US-54,Stratford,TX,585,3.499,36.33137,-102.073316
69799,MAVERIK COUNTRY STORE #387,"I-40, EXIT 253",Winslow,AZ,930,3.23566666,35.0238215,-110.696499
69770,SASSYS TRUCK STOP,"I-86, EXIT 23 & US-219",Limestone,NY,240,3.159,42.090363,-78.628344
69803,THORNTONS #319,"I-55, EXIT 248 & US-6",Channahon,IL,399,3.299,41.454722,-88.199226
69801,MAVERIK COUNTRY STORE #409,"I-580, EXIT 41 & SR-531",Carson City,NV,966,3.589,39.16458,-119.766919
69772,CIRCLE K #2741825,"I-410, EXIT 2 & FM-2536",San Antonio                             ,TX,740,3.099,29.482283,-98.459956
69814,Allsup's #2454,US-87 & SR-163,Sterling City                           ,TX,612,3.224,31.83718,-100.993539
69804,KWIK TRIP #184,"I-94, EXIT 293",Pewaukee,WI,444,3.449,43.0485246,-88.2582875
69785,LOVES TRAVEL STOP #662,US-287 & SR-285,Quanah,TX,585,3.849,34.292127,-99.756453
69816,STRIPES #42503,"I-27, EXIT 1",Lubbock,TX,700,2.95066666,33.505964,-101.869803
69811,Chisholm Corner #16,US-81 & SR-7,Marlow,OK,569,3.01566666,34.660128,-97.95736
69788,LOVES TRAVEL STOP #612,"SR-370, EXIT 9 & SR-141",Bridgeton,MO,540,3.12066666,38.755705,-90.418297
69815,CENEX ZIP TRIP #75,"I-94/US-12, EXIT 138 & US-59",Miles City,MT,780,3.49733333,46.391255,-105.823263
69813,SHEETZ #608,"I-81, EXIT 24 & CR-696",Shippensburg,PA,70,3.28566666,40.054805,-77.513755
69798,LOVES TRAVEL STOP #060,US-36 & US-283,Norton,KS,525,3.109,38.001181,-100.996287
69817,LOVES TRAVEL STOP #639,"I-20, EXIT 96",Lake,MS,705,3.16233333,32.3217483,-89.3437918
69800,MAVERIK COUNTRY STORE #502,US-385 & SR-2,Alliance,NE,795,3.259,42.109987724752,-102.885525764929
69818,LOVES TRAVEL STOP #675,US-75,Okmulgee,OK,560,3.21733333,35.63581,-95.96269
69803,THORNTONS #319,"I-55, EXIT 248 & US-6",Channahon,IL,399,3.249,41.454722,-88.199226
69826,LOVES TRAVEL STOP #629,I-65 EXIT 108 & SR-76,White House,TN,460,3.159,36.468095,-86.687358
69819,FLYING J TRAVEL PLAZA #1086,SR-18 & SR-5,Marion,IN,457,3.649,41.0593226,-84.9800664
69809,KWIK TRIP #162,"I-94, EXIT 202",Elk River,MN,451,3.29733333,45.2533073,-93.5528301
69833,LOVES TRAVEL STOP #658,US-412,Watts,OK,416,3.34733333,35.841097,-98.404633
69821,FUEL CITY HALTOM CITY,"I-35W, EXIT 52B & TX-121",Haltom City,TX,630,2.96566666,32.7831697,-97.2746816
69819,FLYING J #1086,SR-18 & SR-5,Marion,IN,457,3.489,39.693494,-86.191263
69835,LOVES TRAVEL STOP #653,US-287   ,Eads,CO,800,3.47566666,38.4885,-102.784976
69824,LOVES TRAVEL STOP #663,US-190 & LA-103,Port Barre,LA,730,3.124,30.5468636,-91.9634814
69820,CUBBYS #304,SR-7,Manson                                  ,IA,319,3.299,42.517371,-94.533147
69837,LOVES TRAVEL STOP #606,"I-94, EXIT 73B & US-6",South Holland,IL,290,3.489,41.5999077,-87.5795106
69825,KWIK TRIP #154,MN-15,Sauk Rapids,MN,451,3.30233333,45.610309,-94.176113
69823,LOVES TRAVEL STOP #664,US-41,Terre Haute,IN,375,3.949,39.347668,-87.3907979
69837,LOVES TRAVEL STOP #606,"I-94, EXIT 73B & US-6",South Holland,IL,290,3.329,41.5999077,-87.5795106
69827,KWIK TRIP #164,US-12/SR-29,Menomonie,WI,295,3.499,44.904096,-91.933383
69837,LOVES TRAVEL STOP #606,"I-94, EXIT 73B & US-6",South Holland,IL,290,3.449,41.5999077,-87.5795106
69837,LOVES TRAVEL STOP #606,"I-94, EXIT 73B & US-6",South Holland,IL,290,3.549,41.5999077,-87.5795106
69830,RUTTERS #69,"I-78/US-22, EXIT 29 & SR-61",Hamburg,PA,208,3.86566666,40.555441,-75.981642
69848,KWIK TRIP #173,SR-17,Rhinelander,WI,395,3.45233333,45.636044,-89.378965
69842,KUM & GO #0863,"I-44, EXIT 215 & SR-97",Sapulpa,OK,560,3.23233333,35.747186282579,-96.073504499015
69832,LOVES TRAVEL STOP #595,"I-10, EXIT 28 & SR-49",Gulfport,MS,733,3.144,30.4188866,-89.1892111
69851,SPEEDWAY #3995,I-90,Belvidere,IL,293,3.849,42.2397,-88.8326
69847,KWIK STAR #145,US-52,Guttenberg,IA,335,3.599,42.780298,-91.100474
69840,KUM & GO #0370,"I-80, EXIT 439 & SR-370",Gretna,NE,486,2.92066666,41.146074,-96.161977
69854,LOVES TRAVEL STOP #637,"I-39, EXIT 115 & CR-CS",Poynette,WI,420,3.789,43.3896707,-89.4719959
69850,KUM & GO #0539,"I-80 E, & SR-415 EXIT 135",Des Moines,IA,320,3.07233333,41.679346,-93.582582
69845,Maverik Country Store #5013,US-40 & SR-13,Craig,CO,800,3.459,40.5124037,-107.5472412
69855,LOVES TRAVEL STOP #670,US-18,Floyd,IA,433,3.649,43.121739,-92.737338
69858,TEX-BEST #528,US-181,Elmendorf                               ,TX,740,2.89233333,29.218916,-98.411301
69852,KWIK TRIP #141,SR-61,Two Harbors,MN,334,3.499,47.024614,-91.68056
69859,BIG BOSS TRAVEL PLAZA,I-12 EXIT 22,Livingston                              ,LA,600,3.16566666,30.472113,-90.749991
69861,HUCKS FOOD & FUEL #379,"I-57, EXIT 53",Marion,IL,340,2.929,38.6255,-88.96799
69856,LOVES TRAVEL STOP #657,"I-77, EXIT 5 & SR-48",Cayce,SC,46,3.39733333,33.9542846,-80.9943847
69874,LOVES TRAVEL STOP #687,"I-72, EXIT 64 & US-67",Jacksonville,IL,540,3.489,39.6896346,-90.2298256
69862,CASEYS #3503,US-69/SR-52,Pleasanton,KS,400,3.199,38.1809145,-94.7019991
69861,HUCKS FOOD & FUEL #379,"I-57, EXIT 53",Marion,IL,340,3.549,38.6255,-88.96799
69877,LOVES TRAVEL STOP #669,US-61 & SR-19,New London,MO,345,3.23566666,39.5742321,-91.4028854
69863,GOLDEN GATE,I-80 EXIT 352A & US-93,Wells,NV,835,3.41566666,41.101057,-114.957515
69861,HUCKS FOOD & FUEL #379,"I-57, EXIT 53",Marion,IL,340,2.999,38.6255,-88.96799
69865,7-ELEVEN #40036,SR-33 & SR-632,Lanexa,VA,180,3.659,37.482699,-76.911693
69870,CIRCLE K #4705720,"I-280, EXIT 7 & SR-2",Oregon,OH,550,3.609,41.636006,-83.489922
69875,LOVES TRAVEL STOP #680,US-81,Norfolk,NE,470,3.31566666,42.011729,-97.428169
69871,CIRCLE K #2741595,SR-71 & FM-1209,Bastrop,TX,595,2.954,30.103825,-97.28565
69873,KWIK TRIP #142,"US-10, EXIT 186 & SR-13",Marshfield,WI,395,3.479,44.6276855,-90.1387939
69876,LOVES TRAVEL STOP #684,"I-35, EXIT 133 & SR-175",Ellsworth,IA,433,3.689,42.311539,-93.570909
69886,LOVES TRAVEL STOP #676,SR-50,Syracuse,NE,413,3.444,40.674507,-96.177895
69878,SPEEDWAY #7412,SR-83 & SR-19,Bensenville,IL,293,3.379,41.960585,-87.957831
69874,LOVES TRAVEL STOP #687,"I-72, EXIT 64 & US-67",Jacksonville,IL,540,3.589,39.6896346,-90.2298256
69887,CIRCLE K #2701869,SR-21 & SR-307,Savannah,GA,195,3.11566666,31.98581,-81.219222
69880,Speedway #6809,"I-290, EXIT 13A",Franklin Park,IL,293,3.329,41.9367711,-87.8645308
69881,KWIK TRIP #458,SR-55,Buffalo,MN,451,3.549,45.155008,-93.847133
69893,DOMINO EXPRESS #24,US-412/US-270/US-183/SR-3 & SR-15,Woodward,OK,337,2.999,36.4336527,-99.3983917
69879,SPEEDWAY #3700,I-70 EXIT 77,Indianapolis,IN,375,3.319,39.7810616,-86.1588675
69884,AKAL TRAVEL CENTER,"I-40, EXIT 267 & SR-379",Santa Rosa,NM,721,2.879,34.970576,-104.790572
69888,OASIS STOP N GO #17,US-30,Twin Falls,ID,787,3.699,42.5473576,-114.420371
69880,Speedway #6809,"I-290, EXIT 13A",Franklin Park,IL,293,3.379,41.9367711,-87.8645308
69901,KWIK TRIP #638,SR-42,Two Rivers,WI,582,3.39066666,44.153275,-87.567374
69882,SPEEDWAY #7103,US-43,Lawrenceburg,TN,460,3.574,35.261974,-87.324278
69895,Shell,"I-80, EXIT 122",Minooka,IL,290,3.249,41.419034,-88.270531
69903,LOVES TRAVEL STOP #642,US-60 & US-385,Hereford,TX,585,3.41566666,34.8096976,-102.4085197
69885,BELL STORES #146,SR-43 & SR-183,Malvern                                 ,OH,249,3.579,40.688801,-81.161934
69900,LOVES TRAVEL STOP #605,"I-70, EXIT 59 & SR-41",Springfield,OH,315,3.479,39.893121,-83.722912
69905,KWIK TRIP #105,"I-41, EXIT 157",De Pere,WI,582,3.35233333,44.449666,-88.08048
69892,MAVERIK COUNTRY STORE #547,US-26,Casper,WY,790,3.18566666,42.712649,-110.934071
69904,LOVES TRAVEL STOP #695,US-54/400,Cunningham,KS,570,3.65733333,37.639166,-98.427341
69906,LOVES TRAVEL STOP #692,US-169 & SR-39,Chanute,KS,570,3.27566666,37.646529,-95.4757949
69894,Circle K #2746446,US-2,Williston,ND,452,4.04233333,48.197319,-103.624691
69908,LOVES TRAVEL STOP #685,"I-74, EXIT 51",Knoxville,IL,270,3.889,40.9079599,-90.2820128
69895,Shell,"I-80, EXIT 122",Minooka,IL,290,3.149,41.419034,-88.270531
69921,LOVES TRAVEL STOP #688,"I-70, EXIT 119 & SR-130",Greenup,IL,510,3.449,39.252986,-88.151989
69912,AMPM,"I-10, EXIT 140",Phoenix,AZ,930,3.28233333,33.552653,-112.056125
69895,Shell,"I-80, EXIT 122",Minooka,IL,290,3.199,41.419034,-88.270531
69921,LOVES TRAVEL STOP #688,"I-70, EXIT 119 & SR-130",Greenup,IL,510,3.489,39.252986,-88.151989
69913,ROSS FUEL CENTER,US-60/US-67,Poplar Bluff,MO,275,3.49066666,36.802351,-90.454188
69902,MAVERIK COUNTRY STORE #441,"I-182/US-12, EXIT 9",Pasco,WA,925,4.279,46.2415353,-119.1173881
69921,LOVES TRAVEL STOP #688,"I-70, EXIT 119 & SR-130",Greenup,IL,510,3.289,39.252986,-88.151989
69914,PETRO COLUMBIA,"I-77, EXIT 5 & SR-48",Columbia,SC,46,3.41233333,33.939364275643,-81.01381521976
69907,STRIPES #41023,SR-358 & FM-665,Corpus Christi,TX,625,3.07066666,27.7322577,-97.3734261
69923,Circle K #2741821,FM 471 & SR 211,San Antonio                             ,TX,740,3.03233333,29.482283,-98.459956
69915,PETES #16,"I-49/US-71, EXIT 120 & CR-B",Rich Hill,MO,277,3.149,38.0975499,-94.3516094
69921,LOVES TRAVEL STOP #688,"I-70, EXIT 119 & SR-130",Greenup,IL,510,3.349,39.252986,-88.151989
69932,CIRCLE K #2741847,SR-16,San Antonio,TX,740,3.07233333,29.482283,-98.459956
69921,LOVES TRAVEL STOP #688,"I-70, EXIT 119 & SR-130",Greenup,IL,510,3.389,39.252986,-88.151989
69928,KUM & GO #1837,SR-51,Broken Arrow,OK,560,3.05233333,35.892574075949,-97.573981596332
69933,Flyers #3202,"I-17, EXIT 201",Phoenix,AZ,930,3.369,33.448204,-112.0725848
69922,LOVES TRAVEL STOP #686,"I-84/I-15, EXIT 363",Brigham City,UT,835,3.75566666,41.509215,-112.053834
69929,PETES #14,US-69/SR 7,Fort Scott,KS,307,3.199,37.816921,-94.706155
69935,KWIK TRIP #586,"I-41, EXIT 45",Butler,WI,444,3.474,43.099275,-88.067369
69926,TONKAWA TRADING POST,"I-35, EXIT 214 & US-60",Tonkawa,OK,500,2.999,36.694744,-97.34334
69931,SHELL,"I-565, EXIT 7 & CR-127",Madison,AL,615,3.349,34.637551,-86.84344
69937,MAVERIK COUNTRY STORE #385,"I-15, EXIT 119",Idaho Falls,ID,825,3.42566666,43.444496199491,-112.019270093208
69927,LOVES TRAVEL STOP #682,"I-81, EXIT 10A",Hagerstown,MD,22,3.949,39.700553,-77.732405
69936,LOVES TRAVEL STOP #683,US-27,Moore Haven,FL,176,3.789,26.83499,-81.132003
69943,ASAP GENERAL STORE #313,US-81,Duncan,OK,483,3.13233333,34.533608,-97.966354
69930,CONCORDE TRAVEL CENTER,"I-65, EXIT 219 & CR-42",Jemison                                 ,AL,720,3.299,32.982229,-86.68497
69938,MAVERIK COUNTRY STORE #388,US-60 & SR-77,Show Low                                ,AZ,930,3.229,34.2496268,-110.0382804
69934,KWIK TRIP #135,SR-35 N,Superior,WI,334,3.499,46.698029,-92.035851
69940,SAPP BROS TRAVEL CENTER,"I-49, EXIT 157",Harrisonville,MO,400,3.40233333,38.616265,-94.35171
69939,MAVERIK COUNTRY STORE #377,"I-15, EXIT 244 & US-6",Santaquin,UT,835,3.40233333,41.799908,-111.832766
69941,QUIKTRIP #949,"I-20 E, EXIT 406",Weatherford,TX,630,2.91733333,32.729717,-97.820359
69957,LOVES TRAVE STOP #698,"I-75/SR-401, EXIT 153",Macon,GA,85,3.369,32.846238572723,-83.584489965151
69944,TRUCK WORLD,"I-76, EXIT 57",North Jackson,OH,573,3.259,41.104545,-80.888029
69945,BP,"I-465, EXIT 49",Indianapolis,IN,375,3.799,39.823046,-86.269723
69959,BISCUIT HILL TRAVEL PLAZA,"I-40, EXIT 192",Shawnee,OK,483,2.909,35.273282004182,-96.801514573744
69948,CIRCLE T,US-190/SR-21,Bryan,TX,670,3.459,30.655037,-96.276596
69946,KUM & GO #0119,"I-35, EXIT 214 & SR-105",Northwood,IA,433,3.11566666,43.444895,-93.356043
69960,PILOT CENTER #1014- TOWN PUMP,"I-94, EXIT 213 & SR-16",Glendive,MT,807,3.419,47.107467007408,-104.72724213485
69949,THE CROSSING TRAVEL MARK,US-83 & SR-153,Winters,TX,575,3.04066666,31.94921,-99.96395
69947,THORNTONS #607,I-24 EXIT 62 & SR-171,Antioch,TN,460,2.899,36.033452,-86.651514
69962,LUFKIN TRAVEL PLAZA,US-59 & CR-819,Lufkin,TX,618,2.81566666,31.280988,-94.733773
69958,LOVES TRAVEL STOP #693,US-30/23 & SR-199,Upper Sandusky,OH,411,3.889,40.8552399,-83.2996143
69952,HUTCH'S #120,"I-40, EXIT 25",Sayre,OK,483,2.984,35.309297,-99.632527
69963,7 CLANS RED ROCK GASINO,US-177,Red Rock,OK,500,3.089,36.487927,-97.073139
69969,USA GAS,SR-47,Newfield,NJ,150,3.169,39.545236,-75.049298
69954,Exxon,"I-80, EXIT 27A & US-46",Budd Lake,NJ,79,3.119,40.892304,-74.717622
69964,SHEETZ #621,"I-77 & US-70, Exit 49A",Statesville,NC,46,2.849,35.816987,-80.832599
69974,LOVES TRAVEL STOP #672,US-77BUS & FM-1945,Sinton,TX,625,3.149,28.011808,-97.532701
69955,QUIKTRIP #1044,"I-85, EXIT 63 & SR-2180",Kannapolis,NC,46,3.154,35.473696,-80.601292
69978,LOVES TRAVEL STOP #678,US-271,Paris,TX,630,3.36566666,33.6954828,-95.5550989
69975,LOVES TRAVEL STOP #703,US-50,South Hutchinson,KS,570,3.30066666,38.014116,-97.94222
69976,KWIK TRIP #583,"I-94, EXIT 89 & SR-23",Wisconsin Dells,WI,420,3.23733333,43.628616,-89.762736
69979,LOVES TRAVEL STOP #681,"I-82/US-12, EXIT 80",Prosser,WA,925,4.589,46.21942,-119.79328
69977,KWIK TRIP #855,US-12,Baraboo,WI,420,3.11566666,43.474321,-89.733535
69982,RUTTERS #68,US-422 & SR-934,Annville                                ,PA,70,4.299,40.329628,-76.517407
69980,RUTTERS #70,SR-896 & SR-741,Strasburg,PA,208,4.199,39.983078,-76.184338
69990,LOVES TRAVEL STOP #691,US-50/93 & US-6,Ely,NV,910,3.649,39.2416992,-114.8693237
69986,YESWAY #1061,US-180 & SR-137,Lamesa,TX,612,3.099,32.736568,-101.951477
69981,RANCHLAND GAS STATION,US-82,Benjamin                                ,TX,770,3.299,33.58471,-99.792216
69991,WA SHE SHU TRAVEL PLAZA,US-395,Gardnerville,NV,966,3.699,38.911152,-119.709
69988,LOVES TRAVEL STOP #640,"I-43, EXIT 120 & CR-OK",Sheboygan,WI,444,3.289,43.677184,-87.758015
69983,MICKEY MART #57,US-250,Strasburg,OH,249,3.49233333,40.587048,-81.524647
69998,CASEYS #3604,US-75,Hinton,IA,527,3.299,42.6266233,-96.2919704
69989,LOVES TRAVEL STOP #677,US-45A,West Point,MS,615,3.259,33.58433,-88.658085
69987,LOVES TRAVEL STOP #679,"I-90, EXIT 495 & SR-47   ",Hardin,MT,780,3.704,45.749498,-107.611406
70002,LOVES TRAVEL STOP #699,US-49,Magee,MS,620,3.60733333,31.87568,-89.756806
69992,KWIK TRIP #120,SR-15 & CR-4,Saint Cloud,MN,451,3.27733333,45.585877,-94.238376
69993,CEFCO #99,US-290,Giddings,TX,595,3.159,30.178939,-96.906453
70007,FLYING J #1096,"I-95, EXIT 201 & CR-524",Cocoa,FL,143,3.699,28.372116,-80.800978
69995,PILOT EXPRESS #1178,"I-10, EXIT 273",Tucson,AZ,980,3.219,32.083889,-110.8031
69999,RUTTERS #71,"I-99, EXIT 28 & US-22",Duncansville,PA,14,4.099,40.425405,-78.426488
70008,Amigo's,"I-10, EXIT 661 & FM-609",Flatonia,TX,610,3.08233333,29.6873262,-97.1114943
69996,YESWAY #1078,US-83 & SR-153,Winters,TX,575,2.999,31.9576883,-99.9628336
70003,SPEEDWAY #2926,SR-837,Clairton,PA,165,3.92566666,40.299022,-79.875472
70009,KWIK TRIP #661,SR-69 & BUS-11,Monroe,WI,420,3.36233333,42.603117,-89.639553
70001,LOVES TRAVEL STOP #690,US-23,Circleville,OH,315,3.789,39.60188,-82.945073
70007,FLYING J TRAVEL PLAZA #1096,"I-95, EXIT 201 & CR-524",Cocoa,FL,143,3.699,30.4928879,-84.4288629
70012,MAVERIK COUNTRY STORE #549,"I-70, EXIT 283",Aurora,CO,800,3.18566666,39.7129336,-104.8195761
70004,SPEEDWAY #7775,US-23 & CR-192,Delaware,OH,315,3.619,40.290099,-83.073523
70010,Kwik Star #567,US-65 & SR-3,Hampton,IA,565,3.504,42.742768,-93.202492
70022,SHEETZ #583,US-322 & SR-655,Reedsville,PA,14,3.41566666,40.667731,-77.607538
70011,KWIK TRIP #279,"US-63, EXIT 59",Rochester,MN,515,3.549,44.0926016,-92.510071
70017,PACIFIC PRIDE,I-79 & US-19,Morgantown                              ,WV,430,3.459,39.6052123,-79.955926
70025,SPEEDWAY #6245,SR-43,Carrollton,OH,249,3.559,40.587898,-81.09174
70014,PETRO-CARD 24 #919141,SR-179,Jamestown                               ,MO,310,3.479,38.765478,-92.480643
70019,QUICKLEES #1,"I-390, EXIT 9 & SR-15",Avon                                    ,NY,190,3.999,42.865804,-77.712721
70016,CASEYS #2743,SR-43/SR-2 & SR-66A,Palmyra,NE,413,3.199,40.706951,-96.387465
70031,SPEEDWAY #8020,US-30,Upper Sandusky,OH,550,3.799,40.833394,-83.244914
70026,SPEEDWAY #8883,I-80 EXIT 73,Peru,IL,293,3.199,41.367346,-89.153607
70024,KWIK TRIP #827,"I-41, EXIT 167",Green Bay,WI,582,3.499,44.480808,-88.023202
70034,SPEEDWAY #8799,I-55 EXIT 282A & SR-171,Bedford Park,IL,293,3.599,41.768619,-87.820131
70027,SPEEDWAY #8851,SR-31,South Elgin,IL,293,3.559,42.009442,-88.290009
70026,SPEEDWAY #8883,I-80 EXIT 73,Peru,IL,293,3.149,41.367346,-89.153607
70030,SPEEDWAY #3991,"I-80 E, & I-94 E",Gary,IN,290,3.71233333,39.787242,-86.251949
70027,SPEEDWAY #8851,SR-31,South Elgin,IL,293,3.659,42.009442,-88.290009
70032,Kwik Star #569,US-20,Waterloo,IA,565,3.574,42.499895182157,-92.299725244394
70029,LOVES TRAVEL STOP #696,"I-10, EXIT 843",Beaumont,TX,610,3.294,29.989264,-94.211631
70035,SPEEDWAY #8064,"I-55, EXIT 178 & SR-43",West Lafayette,IN,375,3.58233333,40.50203,-86.867797
70042,Kwik Star #103,US-65,Iowa Falls,IA,565,3.374,42.5035137,-93.2625661
70028,LOVES TRAVEL STOP #697,"US-321, EXIT 37",Newton,NC,46,3.689,41.680208,-92.997764
70043,KWIK TRIP #571,"I-35, EXIT 235 & SR-210",Carlton,MN,515,3.319,46.66423,-92.471222
70036,Speedway #3994,SR-38 & CR-21,West Chicago,IL,293,3.599,41.877663,-88.235599
70033,KWIK TRIP #111,SR-36 & CR-15,Stillwater,MN,448,3.54066666,45.032776,-92.852279
70037,SPEEDWAY #8738,"I-70, EXIT 23 & SR-59",Brazil,IN,375,3.699,39.787242,-86.251949
70053,KWIK TRIP #964,"US-12, EXIT 250 & CR-M",Middleton,WI,420,3.529,43.112067,-89.510684
70039,TEX-BEST #527,SR-162 & SR-16,Jourdanton                              ,TX,747,2.92066666,28.93575,-98.560114
70058,KWIK TRIP #590,CR-4 & CR-22,Rochester,MN,515,3.624,44.0926016,-92.510071
70038,SPEEDWAY #1830,US-31,Grand Haven,MI,456,3.899,43.031304,-86.216608
70040,TEX BEST #503,"I-35, EXIT 215 & CR-210",Kyle                                    ,TX,595,2.80566666,31.185620064468,-101.463109097194
70062,KWIK TRIP #970,SR-164 & SR-59,Waukesha,WI,444,3.53233333,43.058831,-88.204738
70044,Thorntons #325,"I-94, EXIT 73B & US-6",South Holland,IL,365,3.699,41.600259,-87.588904
70041,LOVES TRAVEL STOP #705,"I-64/SR-33, EXIT 211 & SR-609",Providence Forge,VA,180,3.889,37.501468,-77.090613
70049,KWIK STAR #581,"I-380, EXIT 17",Cedar Rapids,IA,380,3.54066666,41.9780542,-91.6698616
70067,KWIK TRIP #240,"I-94, EXIT 115 & CR-A",Black River Falls,WI,395,3.31233333,44.30528,-90.845349
70059,KWIK TRIP #118,US-2 & LAKESHORE DRIVE,Ashland,WI,334,3.699,46.6039491,-90.8549025
70050,KWIK TRIP #124,US-51,De Forest,WI,420,3.23566666,43.195297,-89.356147
70075,KWIK TRIP #815,US-63 & SR-48,Cumberland,WI,295,3.624,45.532727,-92.029595
70063,QUICK FUEL #2206,US-41,Marietta,GA,18,3.519,33.985289,-84.560171
70080,FLYING J #1117,SR-25,Rochester,IN,370,3.859,41.064959,-86.216012
70054,KWIK TRIP #976,CR-241 & CR-ZZ,Oak Creek,WI,444,3.579,42.902193,-87.926331
70069,CASEYS #3486,"I-49, EXIT 159",Harrisonville,MO,400,3.229,38.653157,-94.349513
70066,KWIK TRIP #957,US-18 & CR-PD,Madison                                 ,WI,420,3.604,43.099107,-89.313732
70082,KWIK TRIP #588,US-51 & SR-70,Woodruff,WI,395,3.09566666,45.920443,-89.694317
70074,CASEYS #3430,US-71 & US-136/SR-46,Maryville,MO,400,3.13733333,40.346095,-94.872948
70083,KWIK TRIP #596,US-14,Black Earth,WI,420,3.444,43.143144,-89.745761
70068,LOVES TRAVEL STOP #712,"I-44, EXIT 107",Newcastle,OK,483,3.42566666,35.2773479,-97.6016132
70078,KWIK TRIP #573,I-94 & CR-EE,Eau Claire,WI,295,3.399,44.8425206,-91.589527
70076,PETRO-CARD 24 #910681,SR-32,Salem                                   ,MO,392,3.099,37.645437,-91.535204
70085,Pilot Travel Center #1114,SR-83,Bensenville,IL,290,3.389,41.961576,-87.9488883
70085,Pilot Travel Center #1114,SR-83,Bensenville,IL,290,3.659,41.961576,-87.9488883
70079,PILOT #1118,US-60,Clovis,NM,593,4.079,34.396137,-103.153183
70085,Pilot #1114,SR-83,Bensenville,IL,290,3.389,41.988021,-87.960201
70088,KWIK TRIP #138,SR-13,Park Falls,WI,395,3.14733333,45.92329,-90.44993
70080,FLYING J TRAVEL PLAZA #1117,SR-25,Rochester,IN,370,3.859,41.0593226,-84.9800664
70087,PILOT EXPRESS  #1098,"I-95, EXIT 14",Newark,NJ,105,3.999,40.719572,-74.125482
70090,SPEEDWAY #7111,"I-40, EXIT 143 & SR-13",Hurricane Mills,TN,460,3.03233333,35.876626,-87.802879
70091,SPEEDWAY #7503,I-70 & I-57 EXIT 159,Effingham,IL,293,3.299,39.120797,-88.558383
70081,PILOT EXPRESS #1032,SR-7,Steubenville,OH,249,3.629,40.353031,-80.616941
70091,SPEEDWAY #7503,I-70 & I-57 EXIT 159,Effingham,IL,293,3.199,39.120797,-88.558383
70084,SPEEDWAY #4440,SR-131,Waukegan,IL,293,3.789,42.4271307,-87.8772747
70093,LOVES TRAVEL STOP #694,US-45/SR-5 & SR-57,Ramer,TN,435,3.46233333,35.076758,-88.545159
70095,LOVES TRAVEL STOP #713,US-380 & FM-1304,Bridgeport,TX,630,2.949,33.2219486,-97.7382775
70085,Pilot Travel Center #1114,SR-83,Bensenville,IL,290,3.559,41.961576,-87.9488883
70098,KWIK TRIP #110,US-2,Ashland,WI,334,3.699,46.6039491,-90.8549025
70097,KWIK TRIP #112,SR-32 & SR-23,Sheboygan Falls,WI,444,3.29233333,43.745953,-87.820854
70085,Pilot #1114,SR-83,Bensenville,IL,290,3.599,41.988021,-87.960201
70084,SPEEDWAY #4440,SR-131,Waukegan,IL,293,3.659,42.4271307,-87.8772747
70099,QUIKTRIP #1883,"I-35, EXIT 497 & US-82",Gainesville,TX,253,2.97566666,33.640042,-97.153887
70111,KWIK TRIP #557,"I-39, EXIT 126 & CR-V",De Forest,WI,420,3.31066666,43.195297,-89.356147
70096,LOVES TRAVEL STOP #661,US-65 & SR-81,Pine Bluff,AR,695,3.319,35.884872,-89.917887
70104,LOVES TRAVEL STOP #649,"I-76/US-6, EXIT 89",Brush,CO,800,4.089,40.2664794,-103.638916
70100,LOVES TRAVEL STOP #718,"I-65, EXIT 158",Hope Hull,AL,720,3.26566666,32.2719276,-86.3566744
70105,LOVES TRAVEL STOP #708,"I-75, EXIT 314 & CR-48",Bushnell,FL,225,3.29566666,28.663094,-82.110561
70124,TA Express Lamar,US-50/385,Lamar,CO,525,3.439,38.096826,-102.619088
70106,LOVES TRAVEL STOPS #719,"I-35, EXIT 308",Troy,TX,765,3.159,31.1815376,-97.314209
70106,LOVES TRAVEL STOP #719,"I-35, EXIT 308",Troy,TX,765,3.167,31.1815376,-97.314209
70117,RUTTERS #72,"I-81, EXIT 16 & US-30",Saint Thomas,PA,70,4.399,39.917524,-77.797774
70107,LOVES TRAVEL STOP #711,"I-71, EXIT 165 & SR-97",Bellville,OH,315,3.709,40.654905,-82.5445719
70118,SPEEDWAY #7118,US-41,Smyrna,TN,460,3.01566666,35.935745,-86.529836
70131,THORNTONS #323,SR-64,Lombard,IL,290,3.349,41.903546,-88.030676
70108,RICKY ROCKETS FUEL CENTER,SR-50 & SR-83,Midlothian,IL,291,3.099,41.62565,-87.737704
70122,Circle K #2709301,SR-67,Decatur,AL,615,3.899,34.591527,-87.029048
70131,THORNTONS #323,SR-64,Lombard,IL,290,3.299,41.903546,-88.030676
70108,RICKY ROCKETS FUEL CENTER,SR-50 & SR-83,Midlothian,IL,291,3.199,41.62565,-87.737704
70127,SPEEDWAY #2929,"US-22, US-119",New Alexandria,PA,165,3.97233333,40.395858,-79.442838
70131,THORNTONS #323,SR-64,Lombard,IL,290,3.299,41.903546,-88.030676
70125,SPEEDWAY #7391,I-76 EXIT 232,North Lima,OH,305,3.699,40.961363,-80.659088
70131,THORNTONS #323,SR-64,Lombard,IL,290,3.299,41.903546,-88.030676
70135,KUM & GO #1455,"I-44, EXIT 130",Lebanon,MO,535,3.09233333,37.681832,-92.637967
70126,SPEEDWAY #3535,"I-71,EXIT 165 & SR-97",Bellville,OH,315,3.599,40.647768,-82.543521
70131,THORNTONS #323,SR-64,Lombard,IL,290,3.349,41.903546,-88.030676
70137,RUTTERS #8,"I-83, EXIT 14 & SR-182",York,PA,70,4.199,39.954574,-76.748982
70128,CIRCLE K #4703913,"I-40 E, EXIT 87",Jackson,TN,460,3.349,35.649062,-88.788271
70131,THORNTONS #323,SR-64,Lombard,IL,290,3.299,41.903546,-88.030676
70130,SIDE TRACK,SR-57,Wrightsville,GA,85,3.31566666,32.729272,-82.714518
70136,FUEL CITY SAGINAW,CR-156,Fort Worth,TX,630,2.96566666,32.848482,-97.343997
70143,KWIK TRIP #104,"I-94, HWY-24, EXIT 178",Clearwater,MN,448,3.27733333,45.4104363,-94.0600948
70151,LOVES TRAVEL STOP #721,"I-45, EXIT 246 & FM-1183",Ennis,TX,630,3.03566666,32.287629,-96.543951
70140,CASEYS #3593,SR-7 & US-50,North Vernon,IN,375,3.59233333,39.003726,-85.626771
70144,LOVES TRAVEL STOP #635,"I-49, EXIT 24 & SR-282",Alma,AR,645,3.459,35.541582,-94.2353379
70142,ONVO TRAVEL PLAZA - AVIS,"US-220, EXIT 118",Avis,PA,138,3.539,41.184908,-77.314796
70156,MAVERIK COUNTRY STORE #348,"US-91, SR-130",Cedar City,UT,791,3.45233333,41.799908,-111.832766
70146,MAVERIK COUNTRY STORE #567,"I-90, EXIT 291A",Spokane,WA,970,3.969,47.658557,-117.329385
70159,LOVES TRAVEL STOP #717,US-460 & SR-156,Disputanta,VA,180,3.56233333,37.155955,-77.2730002
70145,MAVERIK COUNTRY STORE #578,US-26 & US-91,Idaho Falls,ID,825,3.40233333,43.444463800531,-112.022088366959
70146,MAVERIK COUNTRY STORE #567,"I-90, EXIT 291A",Spokane,WA,970,3.989,47.658557,-117.329385
70161,FLYING J #839,HWY 75 & PR-305,Ste Agathe,MB,900,4.26677228,49.567605,-97.181337
70146,MAVERIK COUNTRY STORE #567,"I-90, EXIT 291A",Spokane,WA,970,3.999,47.658557,-117.329385
70146,MAVERIK COUNTRY STORE #567,"I-90, EXIT 291A",Spokane,WA,970,3.979,47.658557,-117.329385
70154,Stinker,"US-34, CR-56",Kersey,CO,800,3.499,40.38875,-104.562026
70161,FLYING J #839,HWY 75 & PR-305,Ste Agathe,MB,900,4.25798323,49.567605,-97.181337
70150,LOVES TRAVEL STOP #704,"I-29, EXIT 35B & US-34",Pacific Junction,IA,319,3.789,41.01854,-95.800691
70158,FLYING J #1068,"I-26, EXIT 194 & SR-16",Summerville,SC,42,3.509,33.0800278,-80.2105278
70161,FLYING J #839,HWY 75 & PR-305,Ste Agathe,MB,900,4.26017709,49.567605,-97.181337
70155,MARATHON,"US-24, I-96 EXIT 179",Redford,MI,549,4.999,42.441584,-83.316437
70161,FLYING J #839,HWY 75 & PR-305,Ste Agathe,MB,900,4.25704369,49.567605,-97.181337
70164,ONVO TRAVEL PLAZA - BLAKESLEE,I-80 EXIT 284,Blakeslee,PA,200,3.56566666,41.078817,-75.579646
70157,LOVES TRAVEL STOP #702,US-63,Waterloo,IA,565,3.769,42.462433,-92.404111
70161,FLYING J #839,HWY 75 & PR-305,Ste Agathe,MB,900,4.26740146,49.567605,-97.181337
70160,COMMON CENTS #212,I-90 & SR-337,Sheridan,WY,836,3.56066666,44.83603,-106.971607
70172,MACH 1 #3,I-57 & SR-14,Benton,IL,540,3.379,37.997248,-88.930679
70163,KWIK TRIP #598,SR-23,Paynesville,MN,451,3.399,45.375855,-94.733095
70161,FLYING J #839,HWY 75 & PR-305,Ste Agathe,MB,900,4.25892318,49.567605,-97.181337
70176,MAVERIK COUNTRY STORE #565,I-84,Boise,ID,785,3.39566666,43.615791,-116.201579
70170,LOVES TRAVEL STOP #716,SR-3005,Elizabethtown,KY,460,3.599,37.652021,-85.888822
70162,PILOT #1049,US-58,Suffolk,VA,130,3.899,36.714418,-76.669316
70179,WORKMANS TRAVEL CENTER,"I-49, EXIT 78 & SR-264",Lowell,AR,645,3.40233333,35.523772,-93.86415
70171,CITGO HERITAGE RIDGE,US-151 & SR-26,Waupun,WI,582,3.14733333,43.605979,-88.72332
70168,KWIK TRIP #575,CR-75,Saint Joseph,MN,451,3.30233333,45.567094,-94.321783
70180,Gulf,SR-83,Bensenville,IL,297,3.099,41.979443,-87.958715
70172,MACH 1 #3,I-57 & SR-14,Benton,IL,540,3.599,37.997248,-88.930679
70169,ROCKING Oil,SR-21,Caldwell,TX,670,3.099,30.532764,-96.693244
70181,CIRCLE K #2723778,US-501 & SR-78/CR-1303,Sanford,NC,177,3.049,35.332776,-79.046109
70174,LOVES TRAVEL STOP #701,"I-69, EXIT 176",Capac,MI,342,3.949,42.2798619,-84.9303397
70182,SHELL,US-169,Blue Earth,MN,425,3.299,43.657083,-94.09772
70185,PILOT # 1147,SR-302,Kermit,TX,710,3.25566666,31.853119,-103.067668
70177,MAVERIK COUNTRY STORE #497,US-160 & SR-145,Cortez,CO,614,3.41566666,37.3537847,-108.5541273
70188,KUM & GO #0890,I-44 (WESTBOUND),Vinita,OK,560,3.059,34.508237654897,-96.956399606643
70187,PILOT # 1146,I-20 & SR-17,Pecos,TX,710,3.46566666,31.401052,-103.485934
70180,Gulf,SR-83,Bensenville,IL,297,3.059,41.979443,-87.958715
70190,LOVES TRAVEL STOP #726,I-25 EXIT 191,Belen,NM,580,3.52233333,34.6516723,-106.7932128
70208,GOLDEN GATE PETRO,SR-648,Sparks,NV,966,3.98566666,39.556621,-119.491024
70183,PILOT # 1134,US-285 & CR-652,Orla,TX,593,3.759,31.826435,-103.908845
70191,LOVES TRAVEL STOP #734,"I-44, EXIT 5 & US-70",Randlett,OK,770,3.12066666,34.17844,-98.46234
70210,CASEYS #3889,SR-29 & CR-1350,Henry,IL,368,3.349,41.110538,-89.358845
70189,HUDSON IRVING 24,SR-3A,Hudson,NH,34,3.799,42.7655599,-71.4391506
70207,PILOT TRAVEL CENTERS #1344,I-20 EXIT 425,Fort Worth,TX,630,2.909,32.957702,-97.3075764
70216,PILOT #1110,I-25 & SR-105,Monument,CO,803,3.579,39.056025,-104.853564
70192,LOVES TRAVEL STOP #720,"I-49, EXIT 94 & SR-1",Boyce,LA,730,3.174,31.3609,-92.58901
70209,PUMP N PETES #42,"I-49, EXIT 66 & CR-K",Jasper,MO,416,3.199,37.078666064959,-94.472899602752
70217,MR GAS #20,I-84 EXIT 165,Jerome,ID,785,3.40733333,42.722962,-114.541994
70221,PILOT #1092,CR-70 E,Cedar Rapids,IA,380,3.779,41.891287,-91.666798
70214,RACETRAC #688,I-20 & SR-6,Lithia Springs,GA,18,2.97233333,33.770607,-84.604004
70219,LOVES TRAVEL STOP #709,US-59 & SR-116,Lufkin,TX,610,3.649,31.3653,-94.704061
70223,SPEEDWAY #8749,"I-75, EXIT 116",Flint,MI,342,3.289,43.021663,-83.655258
70216,PILOT TRAVEL CENTER #1110,I-25 & SR-105,Monument,CO,803,3.639,39.05569,-104.85352
70220,LOVES TRAVEL STOP #497,"I-40, EXIT 154 & US-64",Statesville,NC,46,3.689,35.812552,-80.833337
70218,LOVES TRAVEL STOP #725,I-69 & SR-260,Hanson,KY,490,3.599,37.4164901,-87.4745612
70222,GOOD TO GO #45,"US-52 & SR-55, SR-18",Fowler,IN,375,3.699,40.618182,-87.323916
70236,LOVES TRAVEL STOP #733,"I-25, EXIT 347",Las Vegas,NM,580,3.489,35.6199925,-105.2078476
70221,PILOT TRAVEL CENTER #1092,CR-70 E,Cedar Rapids,IA,380,3.779,41.891528,-91.6676629
70223,SPEEDWAY #8749,"I-75, EXIT 116",Flint,MI,342,3.089,43.021663,-83.655258
70223,SPEEDWAY #8749,"I-75, EXIT 116",Flint,MI,342,3.259,43.021663,-83.655258
70227,LOVES TRAVEL STOP #724,"I-75, EXIT 414 & US-41",Lake City,FL,225,3.339,30.002625,-82.598398
70224,GOLDEN GATE PETROLEUM,I-70 EXIT 42,Palisade,CO,810,3.549,39.116475,-108.358919
70232,RUTTERS #73,"I-81, EXIT 8 & CR-32   ",Inwood,WV,70,3.659,39.404217,-78.016736
70225,Union 76 Pilot,US-130,Riverton,NJ,105,3.999,40.007274,-74.974647
70239,GOOD 2 GO #717,"I-25, EXIT 145",Colorado Springs,CO,803,3.479,38.835224,-104.819798
70246,7-Eleven #37565,SR-944 & SR-9,Miami,FL,95,3.249,25.773831999755,-80.212688995624
70229,TA EXPRESS HENDERSON #969,I-11 EXIT 15A,Henderson,NV,910,3.639,36.051664,-115.022974
70240,MAVERIK COUNTRY STORE #370,"I-15, EXIT 10",Saint George,UT,910,3.5415,41.799908,-111.832766
70254,LOVES TRAVEL STOP #732,I-70 & CR-829,Abilene,KS,523,3.76233333,38.93346,-97.25846
70233,RUDS,SR-31 & I-94 EXIT 127,New Salem,ND,390,3.499,46.847503,-101.420554
70243,CASEYS #4415,US-68 & US-31W /SR-526,Bowling Green,KY,460,2.999,37.002405,-86.443486
70255,J&H  FAMILY STORE #152,SR-55,Cadillac,MI,344,3.259,44.251774,-85.365088
70238,ROAD RANGER #275,"I-10, EXIT 400 & US-277",Sonora,TX,740,3.549,30.580318,-100.646185
70251,Marathon,SR-42 & US-49,Hattiesburg,MS,620,3.03233333,31.358755,-89.349561
70255,J&H  FAMILY STORE #152,SR-55,Cadillac,MI,344,3.559,44.251774,-85.365088
70241,MAVERIK COUNTRY STORE #460,SR-88,Minden,NV,966,3.52566666,38.955245,-119.764908
70257,LOVES TRAVEL STOP #739,I-2,Donna,TX,639,3.649,30.8954105,-96.6027583
70256,PILOT #1128,SR-60,Bartow,FL,140,3.599,27.916927,-81.718847
70242,ROAD RANGER #276,"I-35, EXIT 342A",Waco,TX,765,3.049,31.6505905,-97.0988147
70258,CASEYS #3677,US-59 & SR-30,Slayton,MN,530,3.299,43.993069,-95.753418
70262,ASAP GENERAL STORE #332,US-70 & US-377,Madill,OK,569,3.01566666,34.069622,-96.762269
70245,YESWAY #1168,US-287 & CR-368,Iowa Park,TX,770,2.889,33.951167,-98.669109
70266,PILOT #1161,I-20,Odessa,TX,710,3.56566666,31.784469,-102.477596
70263,ENMARKET #769,US-301,Statesboro,GA,195,3.699,32.466798,-81.762537
70247,EXXON DBA ONE9 #1416,I-20 EXIT 458,Dallas,TX,630,2.99233333,32.592877281908,-96.756648312236
70268,CASEYS #3396,SR-92 & SR-149,Sigourney,IA,380,3.36233333,41.3337081,-92.2051117
70265,Speedee Mart # 2875,I-80 & CR-238,Milford,NE,413,3.43233333,40.817472,-97.04528
70249,Caseys #4466,US-231 & SR-100,Scottsville,KY,460,3.31233333,36.753286,-86.1904908
70274,Kwik Star #920,US-18 & US-69,Garner,IA,433,3.399,41.289016,-95.76702
70267,LOVES TRAVEL STOP #728,"I-5, EXIT 238 & SR-164",Albany,OR,935,3.84733333,44.69904,-123.05512
70256,PILOT TRAVEL CENTER #1128,SR-60,Bartow,FL,140,3.599,27.9166813,-81.7191557
70276,STAR EXPRESS #5,US-301 & SR-648,Petersburg,VA,180,3.049,37.247990603674,-77.43639127232
70269,CASEYS #3589,"I-29, EXIT 2",North Sioux City,SD,527,3.059,42.5248434,-96.4875987
70270,CASEYS #3685,US-50/US400  & SR-25,Lakin,KS,525,3.19233333,37.941332,-101.255451
70279,KWIK TRIP #926,SR-19 & SR-21,New Prague,MN,448,3.29066666,44.54425,-93.585316
70271,CASEYS #1160,US-20,Plainview,NE,470,3.229,42.350791,-97.786409
70280,LOVES TRAVEL STOP #668,"I-25, EXIT 250 & SR-56",Berthoud,CO,800,3.39066666,40.305142,-105.079758
70281,LOVES TRAVEL STOP #645,"I-75, EXIT 18",Monroe,MI,325,3.389,41.9647475,-83.3453977
70273,SPEEDWAY #5457,"I-264 E, EXIT 14 & SR-864 N",Louisville,KY,415,3.029,38.117848733465,-85.863449320394
70281,LOVES TRAVEL STOP #645,"I-75, EXIT 18",Monroe,MI,325,3.339,41.9647475,-83.3453977
70283,SPEEDWAY #3996,US-12 & SR-120,Round Lake,IL,293,3.479,42.325763,-88.164995
70277,KWIK TRIP #595,SR-46,Amery,WI,448,3.56066666,45.296376,-92.3659
70281,LOVES TRAVEL STOP #645,"I-75, EXIT 18",Monroe,MI,325,3.429,41.9647475,-83.3453977
70285,IRVING MAINWAY,SR-16 E,Dover Foxcroft,ME,170,3.86566666,45.183594,-69.251653
70278,KWIK TRIP #923,"I-41, EXIT 146 & CR-N",Little Chute,WI,582,3.269,44.291009,-88.31222
70283,SPEEDWAY #3996,US-12 & SR-120,Round Lake,IL,293,3.449,42.325763,-88.164995
70290,FLYING J #868,TCH 1,Medicine Hat,AB,50,4.62000927,50.053049,-110.732657
70281,LOVES TRAVEL STOP #645,"I-75, EXIT 18",Monroe,MI,325,3.239,41.9647475,-83.3453977
70284,ROBINSON CORINTH IRVING,"I-395 N, EXIT 3",Corinth,ME,170,3.93233333,39.41612,-98.54534
70290,FLYING J #868,TCH 1,Medicine Hat,AB,50,4.63022827,50.053049,-110.732657
70281,LOVES TRAVEL STOP #645,"I-75, EXIT 18",Monroe,MI,325,3.489,41.9647475,-83.3453977
70286,ROBINSONS IRVING,SR-7,Corinna,ME,170,3.93233333,46.47338,-67.8403
70290,FLYING J #868,TCH 1,Medicine Hat,AB,50,4.62102914,50.053049,-110.732657
70281,LOVES TRAVEL STOP #645,"I-75, EXIT 18",Monroe,MI,325,3.549,41.9647475,-83.3453977
70290,FLYING J #868,TCH 1,Medicine Hat,AB,50,4.61898985,50.053049,-110.732657
70291,LOVES TRAVEL STOP #723,"I-80, EXIT 310 & CR-322",Laramie,WY,795,3.61566666,41.3284325,-105.6112565
70282,PLEASANT SPRINGS TRAVEL,"I-39, EXIT 147 & CR-N",Cottage Grove,WI,420,3.39066666,43.0941795856,-89.220217332424
70290,FLYING J #868,TCH 1,Medicine Hat,AB,50,4.62238967,50.053049,-110.732657
70298,LOVES TRAVEL STOP #740,"I-95, EXIT 38 & SR-68",Yemassee,SC,42,3.419,32.7055359,-80.8745073
70283,SPEEDWAY #3996,US-12 & SR-120,Round Lake,IL,293,3.399,42.325763,-88.164995
70292,FLYING J #1171,I-15,Mesquite,NV,910,3.70566666,36.8153225,-114.0653146
70287,LOVES TRAVEL STOP #710,US-31 & SR 28,Tipton,IN,457,3.84733333,40.276477,-86.130047
70296,MAVERIK COUNTRY STORE #573,SR-68 & SR-154,Riverton,UT,835,3.13566666,41.799908,-111.832766
70301,GOLDEN GATE TRUCKSTOP,I-80 & SR-535,Elko,NV,787,3.599,40.810553,-115.820869
70290,FLYING J #868,TCH 1,Medicine Hat,AB,50,4.6295456,50.053049,-110.732657
70297,KWIK STAR #509,SR-169 & BUS-20,Fort Dodge,IA,433,3.20233333,42.501169,-94.169388
70303,Kwik Star #1004,US-63,Waterloo,IA,565,3.574,42.500418797642,-92.29959678992
70293,KWIK TRIP #922,US-8,Cameron,WI,295,3.664,45.406913,-91.734854
70299,Mr Fuel dba Pilot Express #1149,"I-295, EXIT 41 & SR-105",Jacksonville,FL,75,3.239,30.4141861,-81.5770523
70295,SPEEDWAY #8080,I-69 & US-20,Angola,IN,465,3.599,39.787242,-86.251949
70299,Mr Fuel Travel Center dba Pilot Express #1149,"I-295, EXIT 41 & SR-105",Jacksonville,FL,75,3.239,30.325968,-81.65676
70299,PILOT EXPRESS #1149,"I-295, EXIT 41 & SR-105",Jacksonville,FL,75,3.239,30.4141861,-81.5770523
70304,Rusty Lantern,"I-95, EXIT 109A & SR-202",Augusta,ME,170,3.88733333,44.332247,-69.760568
70310,LANCASTER CONVENIENCE,US-2 & US-70,Lancaster,MA,34,3.70566666,39.964288,-75.2047
70300,PILOT #1194,I-10 & US-60,Phoenix,AZ,930,6.039,33.460645,-112.20452
70306,KWIK STAR #1001,US-6,Newton,IA,320,3.249,41.69558,-93.043472
70313,Flyer's #3207,"SR-143, EXIT 2",Phoenix,AZ,930,3.389,33.448204,-112.0725848
70300,PILOT DEALER #1194,I-10 & US-60,Phoenix,AZ,930,6.039,33.414567,-111.995951
70307,KWIK TRIP #592,"I-35, EXIT 159 & CR-1",Rush City,MN,451,3.37733333,45.685112,-92.981868
70318,LOVES TRAVEL STOP #738,"I-30/US-67, EXIT 122 & SR-19/SR-11",Sulphur Springs,TX,723,3.309,33.117664,-95.637227
70302,KWIK TRIP #117,CR-9 & CR-4,Duluth,MN,334,3.499,46.730741,-92.18028
70309,PILOT #1165,SR-18 & SR-128,Jal,NM,593,3.36566666,32.120613,-103.188315
70320,SPEEDWAY #7177,"I-24, EXIT 158 & SR-27",Jasper,TN,285,3.014,35.033049,-85.582229
70305,LOVES TRAVEL STOP #737,I-40/US-270,El Reno,OK,483,3.344,35.49756,-97.903498
70319,SPEEDWAY #3650,"I-76, EXIT 11 & SR-261",Wadsworth,OH,305,3.699,41.046191,-81.690065
70321,PILOT TRAVEL CENTER #1132,SR-171 & SR-78,Brawley,CA,900,4.759,32.9785593,-115.5094092
70308,KWIK TRIP #946,SR-32,Pulaski,WI,582,3.45733333,44.666171,-88.229649
70323,LOVES TRAVEL STOP #750,I-74 EXIT 206,Oakwood,IL,280,3.389,40.1309951,-87.7780911
70325,KWIK STAR #927,US-169 & US-169 BUS/US-20 BUS,Fort Dodge,IA,433,3.20233333,42.4853754,-94.2030396
70311,RACING MART,SR-8,Adams,MA,215,3.699,42.630181,-73.114923
70323,LOVES TRAVEL STOP #750,I-74 EXIT 206,Oakwood,IL,280,3.489,40.1309951,-87.7780911
70326,PILOT #1207,"I-20, EXIT 79 & SR-464",Monahans,TX,710,3.46566666,31.614232,-102.811148
70314,CASEYS #2721,US-34,Lincoln,NE,413,3.3365,40.757479004449,-96.613876487414
70324,LOVES TRAVEL STOP #729,CR-17 & US-20,Goshen,IN,465,3.72233333,41.6600206,-85.889951
70328,Thorntons #7,US-12 & US-45,Franklin Park,IL,290,3.379,41.926911,-87.885162
70321,PILOT TRAVEL CENTER #1132,SR-171 & SR-78,Brawley,CA,900,4.799,32.9785593,-115.5094092
70328,Thorntons #7,US-12 & US-45,Franklin Park,IL,290,3.679,41.926911,-87.885162
70321,PILOT #1132,SR-171 & SR-78,Brawley,CA,900,4.859,32.977362,-115.503537
70321,PILOT #1132,SR-171 & SR-78,Brawley,CA,900,4.899,32.977362,-115.503537
70334,KWIK TRIP #1021,SR-11 & CR-E,Brodhead,WI,420,3.41566666,42.609293,-89.377323
70322,INDIAN HILL IRVING,SR 6,Greenville,ME,170,3.86566666,45.44144,-69.60005
70336,SPEEDWAY #3962,"I-39,  EXIT 3 & SR-9",Roscoe,IL,293,3.469,42.455522,-89.001218
70335,PILOT #1200,HWY 43,Valleyview,AB,80,4.62238967,55.051402,-117.282713
70323,LOVES TRAVEL STOP #750,I-74 EXIT 206,Oakwood,IL,280,3.589,40.1309951,-87.7780911
70339,FLYING J #1197,HWY 3,Jaffray,BC,50,4.78709821,49.378958,-115.300034
70337,LOVES TRAVEL STOP #700,I-10 EXIT 404 & SR-467,Sonora,TX,710,3.64733333,30.5709374,-100.58597
70328,Thorntons #7,US-12 & US-45,Franklin Park,IL,290,3.329,41.926911,-87.885162
70339,FLYING J #1197,HWY 3,Jaffray,BC,50,4.78815497,49.378958,-115.300034
70329,1 STOP TRAVEL PLAZA,US-14 & US-83,Pierre,SD,571,3.38233333,44.401072,-100.293023
70339,FLYING J #1197,HWY 3,Jaffray,BC,50,4.79697943,49.378958,-115.300034
70331,LOVES TRAVEL STOP #707,"I-64, EXIT 21",Covington,VA,185,3.649,37.7943365,-79.8845895
70341,LOVES TRAVEL STOP #741,US-29,Reidsville,NC,65,3.999,36.3274,-79.640268
70340,PIT STOP,SR-53 & SR-74,Joliet,IL,399,3.499,41.487053,-88.079021
70332,FLYING J #1201,HWY 10 & HWY 9,Inglewood,ON,720,4.20135966,43.796428,-79.933484
70342,AF TRUCK CENTER,"I-294, EXIT 33 & SR-64",Melrose Park,IL,293,3.459,41.909931,-87.866058
70332,FLYING J #1201,HWY 10 & HWY 9,Inglewood,ON,720,4.20228691,43.796428,-79.933484
70344,KWIK TRIP #928,US-169,Princeton,MN,451,3.399,45.555731,-93.584932
70332,FLYING J #1201,HWY 10 & HWY 9,Inglewood,ON,720,4.20445208,43.796428,-79.933484
70350,CIRCLE K #2741859,CR-802,Brownsville,TX,665,3.029,25.944226,-97.54433
70333,KWIK STAR #932,"I-80, EXIT 143 & CR-S14",Altoona,IA,320,2.959,41.64404,-93.464609
70338,LOVES TRAVEL STOP #747,"I-75, EXIT 90",Sidney,OH,411,3.34566666,41.109805,-102.949744
70339,FLYING J #1197,HWY 3,Jaffray,BC,50,4.7895647,49.378958,-115.300034
70357,Certified Oil #400489,"I-71, EXIT 104",Columbus,OH,315,3.409,39.9150946,-83.0207844
70339,FLYING J #1197,HWY 3,Jaffray,BC,50,4.79768679,49.378958,-115.300034
70358,FOOD N FUEL #25,SR-15 & US-12,Milbank,SD,248,3.369,45.218964,-96.635076
70359,PILOT DEALER #1185,"I-15, EXIT 9   3",Littlefield,AZ,910,3.709,36.89718,-113.910146
70339,FLYING J #1197,HWY 3,Jaffray,BC,50,4.78604192,49.378958,-115.300034
70359,PILOT # 1185,"I-15, EXIT 9   3",Littlefield,AZ,910,3.689,36.896955,-113.910724
70361,MAVERIK COUNTRY STORE #599,US-89 & CR-122,Thayne,WY,825,3.669,42.712649,-110.934071
70343,PILOT TRAVEL CENTER #1103,"I-5, EXIT 208 & SR-530",Arlington,WA,962,4.559,48.18599,-122.195361
70345,LOVES TRAVEL STOP #742,"I-196, EXIT 52",Holland,MI,406,4.089,42.750119470482,-86.206635620612
70374,LOVES TRAVEL STOP #746,I-72 & SR-121,Decatur,IL,280,3.449,39.892775,-89.002315
70346,Kwik Star #924,SR-17 & US-20 EXIT 140,Webster City,IA,433,3.20233333,42.4694197,-93.8158563
70375,QUIKTRIP #1853,US-81,Decatur,TX,630,2.899,33.226888,-97.591703
70374,LOVES TRAVEL STOP #746,I-72 & SR-121,Decatur,IL,280,3.489,39.892775,-89.002315
70349,WEIGELS #90,SR-139 & SR-66,Kodak,TN,405,3.199,35.954172,-83.592805
70376,QUIKTRIP #1935,SR-183,Dallas,TX,630,2.97566666,33.007894,-96.795088
70351,MAVERIK COUNTRY STORE #606,US-91,Franklin,ID,825,3.579,42.015089,-111.80151
70377,WEIGELS #81,I-81 & SR-32,Morristown,TN,405,3.259,36.255906,-83.278639
70352,KWIK TRIP #1019,CR-5 & SR-65,Isanti,MN,448,3.474,45.493403,-93.240786
70379,SPEEDWAY #7209,US-411 & SR-20,Cartersville,GA,18,3.11566666,34.207694,-84.799696
70353,ASAP General Store #314,"US-62, US-81, SR-9",Chickasha,OK,483,3.13233333,35.743654,-98.745486
70390,FLYING J #1206,SR-302 & CR-313,Kermit,TX,710,3.25566666,31.8531568,-103.0683492
70380,LOVES TRAVEL STOP #714,"I-85, EXIT 29",Charlotte,NC,46,3.52233333,35.256281,-80.981105
70360,MAVERIK COUNTRY STORE #595,"I-84, EXIT 28",Caldwell,ID,785,3.369,43.6628148,-116.6878889
70383,SPEEDWAY #4400,I-10 & SR-59,Loxley,AL,715,3.28233333,30.655795,-87.760164
70366,FAST STOP,US-41,Escanaba,MI,360,3.399,45.7457374,-87.0713038
70405,LOVES TRAVEL STOP #760,SR-18 & SR-234,Eunice,NM,593,3.329,34.3945144,-103.1445463
70385,LONGHORN EXPRESS,US-70,Ardmore,OK,253,3.009,34.081138472311,-97.23728267049
70371,KENT KWIK #440,US-277,Haskell,TX,575,3.539,33.157635,-99.732736
70406,LOVES TRAVEL STOP #754,SR-251,Rochelle,IL,520,3.749,41.897982,-89.066946
70391,MACH 1 #12,I-57 EXIT 65,West Frankfort,IL,510,3.299,37.897879,-88.952111
70373,KWIK TRIP #791,US-45 & SR-54,New London,WI,582,3.484,44.380699,-88.731486
70408,BOLLA MARKET,"I-495, EXIT 64",Medford,NY,83,4.039,40.825016,-72.994976
70391,MACH 1 #12,I-57 EXIT 65,West Frankfort,IL,510,3.199,37.897879,-88.952111
70388,PILOT #1205,"I-20, EXIT 80",Monahans,TX,710,3.46566666,31.614232,-102.811148
70408,BOLLA MARKET,"I-495, EXIT 64",Medford,NY,83,3.539,40.825016,-72.994976
70403,MAVERIK COUNTRY STORE #607,"I-90, EXIT 1",Post Falls,ID,970,3.37566666,47.719693,-116.948048
70389,PILOT #1145,SR-191,Midland,TX,710,3.56566666,31.980116,-102.033656
70409,SPEEDWAY #6512,"I-196, EXIT 49 & SR-40",Holland,MI,456,3.899,43.415157,-83.896799
70404,MAVERIK COUNTRY STORE #602,"I-25 EXIT, 138",Colorado Springs,CO,803,3.289,38.835224,-104.819798
70407,BOLLA MARKET,"I-495, EXIT 57",Islandia,NY,83,3.539,40.808186,-73.192456
70411,MARATHON,SR-72,Elberton,GA,16,3.899,34.104363,-82.853388
70406,LOVES TRAVEL STOP #754,SR-251,Rochelle,IL,520,3.849,41.897982,-89.066946
70407,BOLLA MARKET,"I-495, EXIT 57",Islandia,NY,83,3.599,40.808186,-73.192456
70413,CASEYS #3782,US-169 & SR-2,Mount Ayr,IA,320,3.164,40.711076,-94.233197
70407,BOLLA MARKET,"I-495, EXIT 57",Islandia,NY,83,3.639,40.808186,-73.192456
70408,BOLLA MARKET,"I-495, EXIT 64",Medford,NY,83,3.639,40.825016,-72.994976
70423,LOVES TRAVEL STOP #763,I-90 & US-20,Hampshire,IL,290,3.649,42.09691,-88.530144
70415,GARDEN TRUCK STOP,SR-55 /EXIT 35,Vineland,NJ,150,3.999,39.52195,-75.063027
70410,SPEEDWAY #4107,I-285 & US-78,Stone Mountain,GA,18,3.529,33.826386,-84.196292
70423,LOVES TRAVEL STOP #763,I-90 & US-20,Hampshire,IL,290,3.549,42.09691,-88.530144
70416,ALLSUPS CONVENIENCE STORE #2361,US-54 & US-287,Stratford,TX,585,2.95733333,36.33197,-102.072532
70417,CASEYS #3434,US-63,Denver,IA,565,3.499,42.671352,-92.337251
70424,LOVES TRAVEL STOP #743,"I-75, EXIT 144A",Bridgeport,MI,260,3.289,43.3485777,-83.8610284
70419,FUEL AMERICA TRAVEL CENTER,I-35 EXIT 24,Laredo,TX,693,3.099,27.6138892,-99.523951
70424,LOVES TRAVEL STOP #743,"I-75, EXIT 144A",Bridgeport,MI,260,3.389,43.3485777,-83.8610284
70424,LOVES TRAVEL STOP #743,"I-75, EXIT 144A",Bridgeport,MI,260,3.479,43.3485777,-83.8610284
70420,Circle K #2709302,SR-67,Decatur,AL,615,3.50733333,34.591527,-87.029048
70426,BISHOPS TRAVEL CENTER,US-27,Attapulgus,GA,20,3.699,30.748968,-84.483908
70424,LOVES TRAVEL STOP #743,"I-75, EXIT 144A",Bridgeport,MI,260,3.279,43.3485777,-83.8610284
70421,CASEYS #3581,US-62/US-67,Corning,AR,695,3.28233333,36.412352,-90.586442
70425,LOVES TRAVEL STOP #731,"I-79, EXIT 105 & SR-108",Slippery Rock,PA,165,4.249,41.03672,-80.127308
70422,CIRCLE K #2741675,"I-10, EXIT 134",Tolleson,AZ,930,3.519,33.451097,-112.238835
70427,PARKERS #64 (DISCOUNT AVAILABLE),SR-307,Savannah,GA,195,3.03233333,32.0806102,-81.0900966
70423,LOVES TRAVEL STOP #763,I-90 & US-20,Hampshire,IL,290,3.449,42.09691,-88.530144
70433,GAS N WASH,SR-126,Plainfield,IL,290,3.599,41.564745,-88.273138
70429,BP,SR-76,Adel,GA,10,2.969,31.12265,-83.418865
70423,LOVES TRAVEL STOP #763,I-90 & US-20,Hampshire,IL,290,3.459,42.09691,-88.530144
70434,HUCKS FOOD & FUEL #371,SR-148 & SR-142,Mount Vernon,IL,340,3.099,38.317612,-88.9047343
70430,SPRINT FOODS #715,I-520 & SR-56,Augusta,GA,135,3.19233333,33.440948,-81.996143
70423,LOVES TRAVEL STOP #763,I-90 & US-20,Hampshire,IL,290,3.489,42.09691,-88.530144
70436,CASEYS #3492,US-36,Marysville,KS,413,3.299,39.842167,-96.643172
70431,TA EXPRESS HOLSTEIN #941,I-20 E,Holstein,IA,527,3.559,42.47399,-95.543975
70424,LOVES TRAVEL STOP #743,"I-75, EXIT 144A",Bridgeport,MI,260,3.589,43.3485777,-83.8610284
70440,MOUND MINI MART,I-696,Warren,MI,325,3.699,42.477538,-83.044896
70432,GAS N WASH,SR-43,Frankfort,IL,365,3.499,46.279725,-123.760077
70428,PARKERS #63 (DISCOUNT AVAILABLE),US-301,Jesup,GA,195,3.11566666,31.6071939,-81.8853231
70441,BREAK TIME #3165,US-50 & SR-13,Warrensburg,MO,400,3.29233333,38.7792,-93.684389
70437,Thorntons #155,"SR-1020 N, & SR1065 E",Louisville,KY,415,2.90566666,38.225314,-85.577427
70432,GAS N WASH,SR-43,Frankfort,IL,365,3.599,46.279725,-123.760077
70446,ALLSUPS CONVENIENCE STORE #2220,US-285,Loving,NM,640,3.599,32.286224,-104.101517
70438,BREAU BRIDGE TRUCKSTOP AND CASINO,SR-94,Breaux Bridge,LA,730,3.229,30.240449,-91.962868
70439,CHEVRON,I-20 & SR-151,Arcadia,LA,590,3.189,32.566228,-92.911614
70447,84 QUIK STOP,"I-84, EXIT 3 & US-6",New Hampton,NY,120,3.459,41.406333,-74.401739
70452,LOVES TRAVEL STOP #749,SR-78,Westmorland,CA,900,4.849,33.040763,-115.629669
70442,GOLDEN GATE PETRO,I-580 & US-50,Carson City,NV,966,3.599,39.174764,-119.738623
70454,DANDY MINI MART #36,US-220,Monroeton,PA,200,4.03233333,41.718304,-76.472516
70443,GLUCKSTADT FLEETWAY,"I-55, EXIT 112",Madison,MS,760,3.199,32.51623,-90.09716
70456,RUTTERS #67,SR-16 & SR-75,Mercersburg,PA,70,4.399,39.830146,-77.903872
70445,CASEYS #3514,SR-1,Oakes,ND,341,3.38233333,46.138903,-98.0845
70457,RUTTERS #15,"I-83, EXIT 22 & SR-4009",York,PA,70,4.199,39.954574,-76.748982
70458,STOP-A MINIT,US-25 & SR-418,Pelzer,SC,30,2.899,34.627273,-82.39137
70447,84 QUIK STOP,"I-84, EXIT 3 & US-6",New Hampton,NY,120,3.699,41.406333,-74.401739
70459,GET N GO #22,I-90 & SR-115,Sioux Falls,SD,530,2.939,43.4993,-96.770053
70460,ALLSUPS CONVENIENCE STORE #2371,US-87,San Angelo,TX,612,3.20566666,31.560275,-100.546683
70448,CIRCLE K #4707623,"I-81, EXIT 31",Brewerton,NY,220,4.089,43.233307,-76.132762
70461,CIRCLE K #2741074,I-35 & FM-1103,New Braunfels,TX,740,2.844,29.692352,-98.111612
70450,QUEENSBURY,SR-149,Queensbury,NY,12,3.789,43.377308,-73.613629
70464,GOLDEN GATE PETEROLEUM 24 RD,US-6,Grand Junction,CO,810,3.539,39.062274,-108.515961
70468,CIRCLE K #2741325,I-14 & SR-121,Belton,TX,765,2.88566666,31.05125,-97.485436
70452,LOVES TRAVEL STOP #749,SR-78,Westmorland,CA,900,4.789,33.040763,-115.629669
70467,QUIKTRIP #598,"I-80, EXIT 439, SR-370",Omaha,NE,486,2.92733333,41.233416,-96.139405
70474,EXXON,"I-30, EXIT 42A",Dallas,TX,630,3.499,32.997796,-96.797372
70452,LOVES TRAVEL STOP #749,SR-78,Westmorland,CA,900,4.779,33.040763,-115.629669
70476,KWIK TRIP #1037,SR-65/23,Mora,MN,451,3.394,45.869853,-93.2945615
70452,LOVES TRAVEL STOP #749,SR-78,Westmorland,CA,900,4.889,33.040763,-115.629669
70478,TA Express Salina,"I-70, EXIT 56",Salina,UT,835,3.649,38.9575965,-111.8600522
70453,MARIETTA PETROLEUM,"I-35, EXIT 15 & SR-32",Marietta,OK,253,2.92233333,33.9371723,-97.11688
70480,BIG B TRUCK STOP,"I-90, EXIT 321",Sprague,WA,962,3.899,47.208792,-118.226342
70455,RUTTERS #37,US-332/US-22 & SR-75,Mifflintown,PA,70,4.099,40.5468,-77.368086
70483,BOLLA MARKET,SR-27 & CR-47,Copiague,NY,83,3.399,40.691694,-73.397608
70483,BOLLA MARKET,SR-27 & CR-47,Copiague,NY,83,3.439,40.691694,-73.397608
70463,CIRCLE K #2741496,US-290,Chappell Hill,TX,670,2.999,30.135826,-96.258775
70485,ALLSUPS CONVENIENCE STORE #2145,SR-132,Hobbs,NM,593,3.38233333,32.760089,-103.179296
70484,ALLSUPS CONVENIENCE STORE #2117,SR-18 & CR-97,Lovington,NM,700,3.104,32.94431,-103.359041
70466,Circle K #2741925,SR-19,Trinity,TX,670,2.899,30.932321,-95.374895
70488,ALLSUPS CONVENIENCE STORE #2365,US-380 & SR-214,Plains,TX,700,3.369,33.184235,-102.816786
70492,KWIK TRIP #1033,US-51 EXIT 191B,Wausau,WI,395,3.454,44.914094,-89.648118
70469,TA EXPRESS #286,I-30 & SR-423,Mount Vernon,TX,637,3.299,33.173449,-95.220295
70491,MFA OIL PETRO CARD 24,US-36,Hamilton,MO,276,3.24066666,39.734586,-93.909263
70494,7-ELEVEN #37570,I-76/US-6,Commerce City,CO,800,3.639,40.000417846025,-104.961497991815
70472,SHELL/ONE9 #1304,I-820 & CR-156,Fort Worth,TX,630,2.89233333,32.756540610138,-97.33237841894
70493,LOVES TRAVEL STOP #759,US-63/SR-11,Hazen,AR,695,3.22566666,34.8156455,-91.5678011
70496,KWIK TRIP #1015,"I-43, EXIT 171",Denmark,WI,582,3.36233333,44.345675,-87.843
70479,CROSSROADS MARKET,US-60 & SR-657,Gladstone,VA,185,3.439,37.57199,-78.895988
70495,LOVES TRAVEL STOP #689,US-65 & US-82,Lake Village,AR,695,3.269,33.3313326,-91.2842788
70500,STRIPES 7FLEET #42526,SR-289,Lubbock,TX,700,3.05566666,33.505964,-101.869803
70481,GOHL POST BP,"I-39, EXIT 100",Endeavor,WI,420,3.17566666,43.713254,-89.467372
70498,KWIK TRIP #939,"SR-29, EXIT 101",Stanley,WI,295,3.469,44.959159,-90.93718
70502,STRIPES 7FLEET #42532,SR-302 & FM-1936,Odessa,TX,710,3.099,31.849462,-102.374677
70482,BIG D OIL #19,SR-259 & SR-387,Midwest,WY,790,3.459,43.410359,-106.271371
70503,STRIPES 7FLEET #42491,US-67 & SR-137,Big Lake,TX,710,3.549,31.19098,-101.466773
70505,STRIPES #42593,LOOP 289 & MLK BLVD,Lubbock,TX,700,2.96566666,33.505964,-101.869803
70501,STRIPES 7FLEET #42527,SR-191 & US-349,Midland,TX,710,3.47233333,31.982874,-102.036792
70516,STRIPES 7FLEET #42528,"I-20, EXIT 217 & SR-139",Colorado City,TX,575,2.899,32.411412,-100.859565
70507,ALLSUPS CONVENIENCE STORE #2154,SR-206 / US-283,Coleman,TX,575,3.159,31.81188,-99.422568
70539,PILOT TRAVEL CENTER #1174,"I-70/SR-1, EXIT 147",Marshall,IL,510,3.359,39.4190424,-87.6953213
70527,THORNTONS #164,I-65 EXIT 16 & US-31,Memphis,IN,415,3.62566666,38.488226,-85.770595
70508,7-ELEVEN #34715,I-294 EXIT 20,Schiller Park,IL,290,4.579,41.951203,-87.883801
70539,PILOT #1174,"I-70/SR-1, EXIT 147",Marshall,IL,510,3.499,39.419365,-87.695716
70539,PILOT TRAVEL CENTER #1174,"I-70/SR-1, EXIT 147",Marshall,IL,510,3.299,39.4190424,-87.6953213
70509,ALLSUPS CONVENIENCE STORE #2108,US-377 & US-183,Early,TX,575,2.93233333,31.742021,-98.948146
70540,LOVES TRAVEL STOP #674,US-27 & SR-60,Lake Wales,FL,140,3.55233333,27.8732247,-81.593368
70545,ALLSUPS CONVENIENCE STORE #2205,SR-83,Denver City,TX,700,3.36566666,32.966712,-102.818344
70510,ALLSUPS CONVENIENCE STORE #2147,SR-6 & CR-454,De Leon,TX,630,3.159,32.114871,-98.5271
70541,Kwik Star#1012,US-71 & SR-9,Spirit Lake,IA,440,3.299,43.4306155,-95.0624448
70548,ALLSUPS CONVENIENCE STORE #2114,US-84,Muleshoe,TX,700,3.19066666,34.232127,-102.73512
70530,LOVES TRAVEL STOP #767,FM-511 & SR-48,Brownsville,TX,625,3.15566666,25.954326,-97.4184819
70543,ALLSUPS CONVENIENCE STORE #2078,US-60,White Deer,TX,585,2.969,35.432434,-101.178287
70538,SPEEDWAY #9329,"I-64 EXIT 43, SR 395 & 2823",Waddy,KY,410,3.149,38.151869,-85.071341
70546,ALLSUPS CONVENIENCE STORE #2370,US-287 & SR-70,Clarendon,TX,585,2.929,34.940823,-100.894831
70554,HORSESHOE CONVENIENCE,SR 302 & IC 200,Mentone,TX,710,3.10733333,31.705879,-103.598655
70539,PILOT #1174,"I-70/SR-1, EXIT 147",Marshall,IL,510,3.299,39.419365,-87.695716
70547,ALLSUPS CONVENIENCE STORE #2140,SR-114,Bridgeport,TX,630,2.899,33.214539,-97.767754
70556,ZIP ZONE EXPRESS,US-23,Catlettsburg,KY,255,3.699,38.4213,-82.601534
70539,PILOT TRAVEL CENTER #1174,"I-70/SR-1, EXIT 147",Marshall,IL,510,3.499,39.4190424,-87.6953213
70551,KWIK TRIP #1047,SR-100 & SR-59,Milwaukee,WI,444,3.54066666,43.060265,-88.05942
70560,PILOT DEALER #1235,"I-8, EXIT 42",Tacna,AZ,900,3.599,32.690652,-113.953648
70544,ALLSUPS CONVENIENCE STORE #2100,US-87,Odonnell,TX,700,3.099,32.971021,-101.835266
70555,THORNTONS #615,I-40 EXIT 188,Kingston Springs,TN,460,2.98233333,36.085211,-87.098744
70549,ALLSUPS CONVENIENCE STORE #2194,214 PLAINS HIGHWAY,Denver City,TX,700,3.38233333,32.966712,-102.818344
70562,SPEEDWAY #7161,I-65 & US-31,Portland,TN,460,3.024,36.627523,-86.565748
70557,LOVES TRAVEL STOP #727,"I-44, EXIT 283 & US-69",Big Cabin,OK,560,3.41233333,36.568247,-95.21848
70550,TEXACO #379545,US-290,Giddings,TX,595,3.399,30.184744,-96.95495
70563,PILOT #1234,US-93 & CR-145,Willow Beach,AZ,910,3.899,35.70023,-114.476513
70559,KWIK TRIP #1026,"HWY-23/ HWY-169, EXIT 23",Milaca,MN,453,3.369,45.756875,-93.639008
70552,KWIK TRIP #941,US-2,Duluth,MN,334,3.499,46.730741,-92.18028
70561,PILOT #1143,I-20 & SR-302,Odessa,TX,710,3.599,31.784469,-102.477596
70572,LOVES TRAVEL STOP #745,I-94,Saint Clair,MI,342,3.949,42.8638439,-82.5616927
70553,KWIK TRIP #1028,US-59,Worthington,MN,425,3.16566666,43.636509,-95.596081
70564,SPEEDWAY #7236,"I-90/SR-2, EXIT 151",Avon,OH,305,3.659,41.46386,-82.057803
70576,KWIK TRIP #593,"I-94, EXIT 41 & SR-25",Menomonie,WI,295,3.574,44.904096,-91.933383
70558,LOVES TRAVEL STOP #752,"I-43, EXIT 25 & SR-67",Elkhorn,WI,520,3.24066666,42.652564,-88.542025
70565,Kwik Star #1025,SR-9/SR-4,Estherville,IA,425,3.33233333,43.4018631,-94.8202286
70560,PILOT #1235,"I-8, EXIT 42",Tacna,AZ,900,3.659,32.691055,-113.953639
70578,COMMON CENTS #125,"I-90/US-14, EXIT 61",Rapid City,SD,506,3.20733333,44.079405,-103.221959
70574,SPEEDWAY #3961,"I-55, EXIT 109",Williamsville,IL,318,3.299,39.962061,-89.561949
70581,LOVES TRAVEL STOP #773,"SR-14 & I-59/20, EXIT 40",Eutaw,AL,615,3.13733333,32.845532,-86.591889
70563,PILOT DEALER #1234,US-93 & CR-145,Willow Beach,AZ,910,3.839,35.866473,-114.66225
70575,SPEEDWAY #6721,SR 51,Mc Kees Rocks,PA,165,3.899,40.47278,-80.060023
70584,PILOT TRAVEL CENTER #1209,"I-20, EXIT 136 & SR-349",Midland,TX,710,3.56566666,31.9149552,-102.2153823
70567,LEDGEWOOD BP,I-80/SR-46,Ledgewood,NJ,115,3.299,40.88121,-74.65599
70577,SPEEDWAY #3715,US-30,Crest Hill,IL,293,3.299,41.566359,-88.144225
70571,LOVES TRAVEL STOP #748,"I-90, I-80 & SR-49",Edon,OH,550,3.88733333,39.893121,-83.722912
70587,MAVERIK COUNTRY STORE #623,US-89,Gunnison,UT,835,3.419,41.799908,-111.832766
70579,Exxon/One9 #1338,I-35 & CR-372,Jarrell,TX,765,2.88566666,30.820641930333,-97.608605466524
70573,KWIK TRIP #1038,US-12,Prairie Du Sac,WI,420,3.484,43.293997,-89.757913
70590,CIRCLE K #2722291,US-1 & SR-206,Saint Augustine,FL,75,3.379,29.815401,-81.26909
70582,Kwik Star #1039,I-80 EXIT 301,Bettendorf,IA,270,3.649,41.526274,-90.507281
70577,SPEEDWAY #3715,US-30,Crest Hill,IL,293,3.359,41.566359,-88.144225
70586,MAVERIK COUNTRY STORE #610,I-80,Winnemucca,NV,966,3.389,40.9723383,-117.7279389
70595,SPEEDWAY #6509,"I-74, EXIT 206",Oakwood,IL,280,3.349,40.122605,-87.777793
70580,LOVES TRAVEL STOP #753,I-90 EXIT 96 & SR-474,Missoula,MT,820,3.674,46.954571,-114.1372438
70591,SPEEDWAY #6465,"I-77, EXIT 101",Canton,OH,249,3.60733333,40.798638,-81.410304
70595,SPEEDWAY #6509,"I-74, EXIT 206",Oakwood,IL,280,3.299,40.122605,-87.777793
70583,LOVES TRAVEL STOP #783,US-60 & US-63,Willow Springs,MO,535,3.419,36.974105,-91.9442214
70593,LOVES TRAVEL STOP #735,I-75/SR-401,Calhoun,GA,285,3.279,34.441226,-84.917243
70598,SPEEDWAY #7175,US-78 & SR-175,Memphis,TN,435,3.199,35.020954,-89.91995
70585,PILOT TRAVEL CENTER #1211,US-385 & CR-1910,Andrews,TX,710,3.639,29.2190169,-98.4150252
70595,SPEEDWAY #6509,"I-74, EXIT 206",Oakwood,IL,280,3.199,40.122605,-87.777793
70603,ROAD RANGER #277,"I-30, EXIT 201 & SR-8",New Boston,TX,766,3.08066666,33.47721,-94.41127
70588,SPEEDWAY #7217,I-70 EXIT 49,Smithton,PA,165,3.91566666,40.171435,-79.733144
70596,SPEEDWAY #7208,I-85 EXIT 137,Jefferson,GA,16,3.119,34.151345,-83.640633
70605,SPEEDWAY #1042,"I-55 & SR-50, EXIT 286",Cicero,IL,291,3.599,41.834314,-87.744131
70592,LOVES TRAVEL STOP #751,"I-20, EXIT 87",Elgin,SC,135,3.42566666,34.504908,-82.961337
70599,Jet Food Store,US-278,Warrenton,GA,85,3.41566666,33.407791,-82.653964
70606,SPEEDWAY #7179,"I-65 & SR-101, EXIT 38",Smiths Grove,KY,415,3.06566666,37.044351,-86.20927
70597,SPEEDWAY #9394,SR-4 & US-25,Lexington,KY,410,3.129,37.979957,-84.55108
70601,24/7 TRAVEL STORE,I-70 EXIT 275,Abilene,KS,523,2.994,38.93841,-97.214687
70607,SPEEDWAY #8544,"I-55 & US-6, EXIT 24B",Channahon,IL,291,3.299,41.45901,-88.192203
70600,KWIK STAR #1027,US-65,Mason City,IA,433,3.264,43.1364024,-93.2011972
70605,SPEEDWAY #1042,"I-55 & SR-50, EXIT 286",Cicero,IL,291,3.569,41.834314,-87.744131
70608,KWIK TRIP #1017,US-10/SR-47,Anoka,MN,451,3.624,45.21153,-93.412557
70604,KWIK STAR #940,US-69 & SR-9,Forest City,IA,433,3.449,43.261486,-93.637271
70609,JP TRAVEL PLAZA,"I-75, EXIT 205 & SR-16",Jackson,GA,18,3.159,33.2598317,-84.0967782
70617,QUIKTRIP #224,"I-435, EXIT 57",Kansas City,MO,400,3.099,39.224808,-94.549348
70607,SPEEDWAY #8544,"I-55 & US-6, EXIT 24B",Channahon,IL,291,3.249,41.45901,-88.192203
70612,SHREES TRUCK STOP #2,I-90 EXIT 101,Thorp,WA,920,3.839,47.0824631,-119.8603196
70619,KWIK TRIP #1049,US-212 & CR-68,Glencoe,MN,448,3.524,44.769806,-94.12752
70611,Shell,US-6 & SR-3,Kendallville,IN,370,3.499,41.451755,-85.284498
70612,SHREES TRUCK STOP #2,I-90 EXIT 101,Thorp,WA,920,3.859,47.0824631,-119.8603196
70620,LOVES TRAVEL STOP #779,I-30 EXIT 97,Malvern,AR,635,3.499,34.387572,-92.846639
70612,SHREES TRUCK STOP #2,I-90 EXIT 101,Thorp,WA,920,3.809,47.0824631,-119.8603196
70618,LOVES TRAVEL STOP #744,"I-270 N, EXIT 49",Lockbourne,OH,315,3.45566666,39.845037,-82.937416
70623,SPEEDWAY #1127,"I-55, EXIT 267 & SR-53",Bolingbrook,IL,293,3.299,41.6802163,-88.0685064
70615,THORNTONS #0334,I-57 EXIT 350 & SR-83,Posen,IL,365,3.399,41.623008,-87.675273
70621,FRIENDLY GUS STORE #24,I-16 EXIT 53 & SR-19,Dublin,GA,85,3.399,32.493275,-82.983548
70624,KWIK STAR #929,I-74 EXIT 2,Bettendorf,IA,270,3.599,41.526274,-90.507281
70623,SPEEDWAY #1127,"I-55, EXIT 267 & SR-53",Bolingbrook,IL,293,3.589,41.6802163,-88.0685064
70622,SPEEDWAY #6781,US-422,Douglassville,PA,208,3.799,40.263572,-75.741107
70626,GOLDEN GATE PETROLEUM,"I-70, EXIT 97",Silt,CO,810,3.459,38.450274,-107.867105
70625,BROWNVILLE IRVING,SR-11,Brownville,ME,170,3.93233333,45.306056,-69.035832
70628,PILOT #1195,"I-90, EXIT 106",Ellensburg,WA,977,3.959,46.971031,-120.537779
70628,PILOT #1195,"I-90, EXIT 106",Ellensburg,WA,977,3.899,46.971031,-120.537779
70628,PILOT #1195,"I-90, EXIT 106",Ellensburg,WA,977,3.839,46.971031,-120.537779
70628,PILOT #1195,"I-90, EXIT 106",Ellensburg,WA,977,3.859,46.971031,-120.537779
70629,KWIK TRIP #930,"I-35, EXIT 147 & SR-95",North Branch,MN,448,3.40233333,45.508789,-92.998329
70630,SPEEDWAY #3632,"I-76, EXIT 33 & SR-43",Kent,OH,249,3.53233333,41.1057,-81.347692
70634,CORNER MARKET #101,US-83 & SR-96,Scott City,KS,525,3.359,37.843806100005,-94.704703201868
70641,LOVES TRAVEL STOP #706,"I-81/I-64, EXIT 213 ",Staunton,VA,185,3.649,38.15749,-79.071325
70632,CIRCLE K #4706705,SR-394,Crete,IL,365,3.499,41.469462,-87.578291
70635,CIRCLE K #4705706,US-224 & SR-99,Willard,OH,249,3.599,41.041231,-82.717333
70637,CIRCLE K #2704111,I-2/US-83 & CR-493,Donna,TX,639,3.009,26.180786,-98.04164
70638,LOVES TRAVEL STOP #769,"I-70, EXIT 358A & US-75",Topeka,KS,570,3.284,39.08236,-95.72612
70649,KWIK TRIP #931,SR-95,North Branch,MN,448,3.42733333,45.508789,-92.998329
70642,LOVES TRAVEL STOP #776,"I-20, EXIT 15",Vicksburg,MS,760,3.549,32.362989,-90.6681992
70640,LOVES TRAVEL STOP #794,SR-3/SR-33,Watonga,OK,483,3.37566666,35.841097,-98.404633
70650,MAVERIK COUNTRY STORE #581,"I-15 N, EXIT 334 & SR-193",Clearfield,UT,835,3.33566666,41.799908,-111.832766
70643,LOVES TRAVEL STOP #774,US-431/CR-248,Smiths Station,AL,720,3.194,32.539404,-85.099866
70644,KWIK TRIP #1031,I-494 EXIT 20,Delano,MN,451,3.524,45.034726,-93.770313
70651,WALBURG TRAVEL CENTER,"I-35, EXIT 266",Georgetown,TX,595,2.83233333,30.710547,-97.647186
70645,QUIKTRIP #4048,"I-410, EXIT164B",San Antonio,TX,740,2.96566666,29.475233,-98.38046
70646,KWIK TRIP #1051,I-43 & CR-N,Green Bay,WI,582,3.44066666,44.480808,-88.023202
70652,ROADYS MACH 1 #14,I-57 EXIT 94,Mount Vernon,IL,574,3.099,38.317612,-88.9047343
70647,PILOT #1227,I-20 EXIT 66,Pyote,TX,710,3.46566666,31.527943,-103.119513
70652,ROADYS MACH 1 #14,I-57 EXIT 94,Mount Vernon,IL,574,3.199,38.317612,-88.9047343
70652,ROADYS MACH 1 #14,I-57 EXIT 94,Mount Vernon,IL,574,3.299,38.317612,-88.9047343
70648,BARRINGTON APPLEGREEN,SR-125 & SR-9,Barrington,NH,178,3.899,43.2182047,-71.0367711
70654,PILOT #1269,I-10 EXIT 378,San Simon,AZ,980,3.309,32.270837,-109.244474
70653,MACH 1 #24,I-74 EXIT 215A & SR-1,Tilton,IL,280,3.299,40.099558,-87.635381
70653,MACH 1 #24,I-74 EXIT 215A & SR-1,Tilton,IL,280,3.199,40.099558,-87.635381
70656,LOVES TRAVEL STOP #757,"US-23, EXIT 25",Milan,MI,325,3.489,42.0769679,-83.6689197
70656,LOVES TRAVEL STOP #757,"US-23, EXIT 25",Milan,MI,325,3.579,42.0769679,-83.6689197
70654,PILOT DEALER #1269,I-10 EXIT 378,San Simon,AZ,980,3.334,32.27077,-109.24419
70658,CASEYS #3708,SR-235,New Carlisle,OH,411,3.259,39.94096,-84.028323
70656,LOVES TRAVEL STOP #757,"US-23, EXIT 25",Milan,MI,325,3.649,42.0769679,-83.6689197
70655,GOLDEN GATE PETROLEUM,US-6,Grand Junction,CO,810,3.499,39.105919,-108.609008
70661,CASEYS #3238,US-52 EXIT 64 & CR-12,Oronoco,MN,451,3.51566666,44.164111,-92.534771
70657,INTERFUEL,I-96 EXIT 167,Springfield,VA,60,3.899,38.745377,-77.188964
70656,LOVES TRAVEL STOP #757,"US-23, EXIT 25",Milan,MI,325,3.569,42.0769679,-83.6689197
70663,LENNYS GAS N WASH BOURBONNAIS,US-45/US-52,Bourbonnais,IL,296,3.399,41.169767,-87.874878
70662,GETGO #3202,I-79 EXIT 183A,Erie,PA,240,3.899,42.110986,-80.118692
70660,CASEYS #3852,"I-35, EXIT 33 & US-34",Creston,IA,320,3.349,41.059249,-94.369654
70663,LENNYS GAS N WASH BOURBONNAIS,US-45/US-52,Bourbonnais,IL,296,3.299,41.169767,-87.874878
70666,Thorntons #322,"I-55, EXIT 288",Chicago,IL,290,3.599,41.830737,-87.695388
70670,MAVERIK COUNTRY STORE #625,"I-215, EXIT 27 & CR-68",North Salt Lake,UT,835,3.44233333,40.771968,-111.93868
70665,POCO LOCO MARKET,I-35 EXIT 219,Buda,TX,595,2.89233333,30.061854,-97.820732
70667,EZ TRIP #1226,"I-84, EXIT 104 & US-97",Wasco,OR,935,3.239,45.669766,-120.8311558
70673,PAC PRIDE,SR-202,Mesa,AZ,930,4.024,46.59061,-119.137161
70668,LOVES TRAVEL STOP #784,US-30 & CR-9,Schuyler,NE,486,3.28233333,41.446353,-97.05976
70674,ALLTOWN FRESH #769,SR-111,Ayer,MA,34,3.649,42.549515,-71.57151
70669,TA EXPRESS BIGGS,"I-84, EXIT 104 & US-97",Wasco,OR,935,3.199,45.66909,-120.833941
70686,HOLIDAY STATIONSTORE #2746471,US-12,Hudson,WI,448,3.539,44.962106,-92.731681
70677,PAC PRIDE,US-60,Glendale,AZ,930,4.024,33.538558,-112.1837
70676,PAC PRIDE,"I-10, EXIT 138",Phoenix,AZ,930,4.0365,33.847199007022,-112.133195279394
70687,RUTTERS #87,"I-99, EXIT 78B & SR-150",Bellefonte,PA,70,4.01566666,40.913407,-77.764751
70679,PAC PRIDE,"I-10, EXIT 151",Phoenix,AZ,930,4.024,33.847199007022,-112.133195279394
70681,PETRO STOP,US-60,Mesa,AZ,930,4.01566666,33.356370438649,-111.658980589708
70692,RUTLAND ROUTE 7 IRVING,US-4 & US-7,Rutland,VT,170,3.699,43.611799736326,-72.96282378629
70680,PAC PRIDE,"I-17, EXIT 215B",Phoenix,AZ,930,4.024,33.847199007022,-112.133195279394
70682,LOVES TRAVEL STOP #758,"I-255/US-50, EXIT 15",East Saint Louis,IL,540,3.489,38.5618788,-90.1311549
70691,QUIKTRIP #4049,"I-10/US-90, EXIT 583",San Antonio,TX,740,2.96566666,29.475233,-98.38046
70682,LOVES TRAVEL STOP #758,"I-255/US-50, EXIT 15",East Saint Louis,IL,540,3.589,38.5618788,-90.1311549
70682,LOVES TRAVEL STOP #758,"I-255/US-50, EXIT 15",East Saint Louis,IL,540,3.689,38.5618788,-90.1311549
70693,MAPCO #3507,US-76 & SR-71,Dalton,GA,285,3.119,34.761598,-84.952577
70682,LOVES TRAVEL STOP #758,"I-255/US-50, EXIT 15",East Saint Louis,IL,540,3.379,38.5618788,-90.1311549
70698,ALLSUPS CONVENIENCE STORE #2038,US-54,Logan,NM,585,3.199,35.363734,-103.411244
70695,ALLSUPS CONVENIENCE STORE #2132,US-54 & US-380,Carrizozo,NM,580,3.28233333,33.6468,-105.871445
70696,DK #11822,I-20 EXIT 131,Midland,TX,612,2.85733333,31.997433,-102.078043
70705,CASEYS #3464,SR-48 & CR-10,Morrisonville,IL,280,3.999,39.4213979,-89.4583004
70699,QUIK STOP,US-79,Paris,TN,490,2.959,36.302754,-88.326359
70705,CASEYS #3464,SR-48 & CR-10,Morrisonville,IL,280,3.759,39.4213979,-89.4583004
70705,CASEYS #3464,SR-48 & CR-10,Morrisonville,IL,280,3.959,39.4213979,-89.4583004
70700,PATRIOT FUELING CENTER,US-231/SR-9,Wetumpka,AL,720,3.199,33.304926,-85.756589
70707,TA Express West Point #283,"I-85/SR-403, EXIT 2 & SR-18",West Point,GA,720,3.66566666,32.876963,-85.177854
70708,LOVES TRAVEL STOP #785,"I-96, EXIT 90",Grand Ledge,MI,406,3.949,42.7849,-84.66659
70704,KUM & GO #0702,"I-44, EXIT 6 & SR-86",Joplin,MO,535,3.009,37.063814688969,-94.117710811141
70710,LOVES TRAVEL STOP #799,US-72 & SR-15,Walnut,MS,655,3.559,34.9518581,-88.9108422
70709,VP Racing Fuels,SR-19,Center,MO,540,3.16566666,39.505065,-91.536615
70706,BIG APPLE TRAVEL CENTER,I-44/US-71,Joplin,MO,416,3.21233333,37.0670829,-94.4055009
70714,PILOT DEALER #1281,US-89,Page,AZ,910,3.999,32.27077,-109.24419
70711,LOVES TRAVEL STOP #762,FM-1472,Laredo,TX,693,3.25566666,27.64479,-99.55579
70718,ROAD RANGER #278,"I-40, EXIT 216 & US-49",Brinkley,AR,695,3.199,34.913037,-91.194424
70717,Certified Oil #400491,I-270 EXIT 52,Columbus,OH,315,3.20233333,39.9150946,-83.0207844
70714,PILOT TRAVEL CENTER #1281,US-89,Page,AZ,910,3.999,35.238602,-111.822032
70719,FAST LANE #31,"I-70, EXIT 183",Jonesburg,MO,540,3.299,38.85692,-91.304309
70725,LOVES TRAVEL STOP #782,"I-24 & US-41, EXIT 86",Oak Grove,KY,415,3.14233333,36.664638,-87.427403
70724,LOVES TRAVEL STOP #790,"I-95, EXIT108",Summerton,SC,135,3.509,33.6084762,-80.3528477
70720,SPEEDWAY #4453,SR-23,Sauk Rapids,MN,451,3.189,45.58297,-94.064222
70726,CASEYS #1195,US-36,Belleville,KS,336,3.339,39.807063,-97.650955
70727,CASEYS #2998,US-75 & SR-23,Pipestone,MN,530,3.449,44.000535,-96.30752
70722,SPEEDWAY #9935,I-90 EXIT 35 & SR-298,Syracuse,NY,190,4.099,43.048956,-76.071441
70728,CASEYS #3245,US-81,Freeman,SD,530,3.299,43.3499813,-97.4257017
70731,PILOT #1181,IL-38 E,Rochelle,IL,520,3.759,41.935583,-89.017623
70723,SPEEDWAY #9932,I-99 EXIT 8 & SR-417,Painted Post,NY,190,4.099,42.109793,-77.155496
70730,CASEYS #3855,US-81,Yankton,SD,572,3.139,42.871064,-97.390536
70733,CASEYS #1607,US-63,Macon,MO,392,3.29066666,39.7376555,-92.4653433
70729,CASEYS #3785,US-14,Fort Pierre,SD,571,3.399,44.3537103,-100.3737089
70731,PILOT TRAVEL CENTERS #1181,IL-38 E,Rochelle,IL,520,3.759,41.9355496,-89.0175245
70735,CASEYS #1778,SR-267/SR-111,Brighton,IL,574,3.299,39.039434,-90.140671
70735,CASEYS #1778,SR-267/SR-111,Brighton,IL,574,3.239,39.039434,-90.140671
70732,MAVERIK COUNTRY STORE #627,I-15 EXIT 303,Salt Lake City,UT,835,3.44233333,40.771968,-111.93868
70735,CASEYS #1778,SR-267/SR-111,Brighton,IL,574,3.279,39.039434,-90.140671
70738,QUIKTRIP #7061,I-49 EXIT 39A,Joplin,MO,413,3.02233333,37.055554,-94.423904
70735,CASEYS #1778,SR-267/SR-111,Brighton,IL,574,3.279,39.039434,-90.140671
70735,CASEYS #1778,SR-267/SR-111,Brighton,IL,574,3.239,39.039434,-90.140671
70739,CASEYS #2602,US-36/SR-5 & SR-11,Brookfield,MO,276,3.249,39.7895256,-93.0760072
70736,CASEYS #1941,"I-35, EXIT 90 & SR-160",Ankeny,IA,320,3.139,41.72508,-93.600414
70741,CASEYS #3590,US-27,Geneva,IN,465,3.594,40.597906,-84.957304
70746,CASEYS #3085,US-34 & SR-14,Aurora,NE,330,3.099,40.865614,-97.997362
70737,CASEYS #2272,I-80/US-6 EXIT 155 & SR-117,Colfax,IA,320,3.099,41.712332,-93.247539
70747,CASEYS #3702,US-377/SR-99 & SR-9,Seminole,OK,560,3.02566666,35.2244329,-96.6685382
70740,JACK FLASH,"I-70, EXIT 82 & SR 128",Altamont,IL,574,3.099,39.04649,-88.748898
70748,CASEYS #3717,US-218,Vinton,IA,380,3.199,42.1592203,-92.0279128
70750,CASEYS #3787,"I-35, EXIT 222",Blackwell,OK,483,2.999,36.804325,-97.2829767
70740,JACK FLASH,"I-70, EXIT 82 & SR 128",Altamont,IL,574,3.199,39.04649,-88.748898
70752,CASEYS #3755,SR-7/SR-27,Russellville,AR,645,3.419,35.342426346264,-93.22052055042
70742,CASEYS #3653,SR-14,Greene,IA,433,3.599,42.896323,-92.801214
70754,CASEYS #3758,US-77,Douglass,KS,570,3.264,37.519613,-97.013552
70756,CASEYS #3780,US-40,Tonganoxie,KS,400,3.159,39.109288,-95.084984
70743,CASEYS #3659,US-10 & SR-115,Randall,MN,250,3.48566666,46.093281,-94.5046256
70759,CASEYS #3832,"I-35, EXIT 40A & US-14",Janesville,MN,425,3.58233333,44.1162358,-93.7075792
70744,CASEYS #3686,I-80 EXIT 81,Utica,IL,296,2.969,41.351754,-88.991095
70760,CASEYS #2730,US-34 & SR-15,Seward,NE,413,3.369,40.907826,-97.09908
70744,CASEYS #3686,I-80 EXIT 81,Utica,IL,296,2.999,41.351754,-88.991095
70763,CASEYS #3854,"US-20, EXIT 275 & SR-13",Manchester,IA,380,3.54566666,42.483972,-91.457936
70764,CASEYS #3856,"I-51, EXIT 48 & SR-251",Tonica,IL,520,3.199,41.217852,-89.068419
70744,CASEYS #3686,I-80 EXIT 81,Utica,IL,296,3.159,41.351754,-88.991095
70764,CASEYS #3856,"I-51, EXIT 48 & SR-251",Tonica,IL,520,3.099,41.217852,-89.068419
70764,CASEYS #3856,"I-51, EXIT 48 & SR-251",Tonica,IL,520,3.069,41.217852,-89.068419
70745,CASEYS #3752,",",Mountain Lake,MN,425,3.40233333,43.941804,-94.919285
70767,CASEYS #3493,SR-72,Shannon,IL,520,3.699,42.154609,-89.740443
70768,CASEYS #3497,SR-29,South Pekin,IL,368,3.699,40.494591,-89.6520252
70749,CASEYS #3719,US-160,Ulysses,KS,525,3.409,37.580796,-101.358041
70768,CASEYS #3497,SR-29,South Pekin,IL,368,3.619,40.494591,-89.6520252
70751,CASEYS #3795,"I-43, EXIT 96",Saukville,WI,444,3.289,43.381842,-87.941746
70771,CASEYS #3545,US-14/CR-27,Sleepy Eye,MN,425,3.33233333,44.2972598,-94.7255612
70773,CASEYS #3575,US-36,Seneca,KS,413,3.159,39.841292,-96.064065
70753,CASEYS #3798,"I-44, EXIT 211",Drumright,OK,560,3.119,35.988471,-96.602934
70772,CASEYS #3554,"I-70, EXIT 52",Mulberry Grove,IL,368,3.489,38.927465,-89.26539
70775,CASEYS #3576,US-56,Overbrook,KS,400,3.19566666,38.780544,-95.556726
70755,CASEYS #3809,US-56 & SR-51,Hugoton,KS,525,3.39233333,37.1756809,-101.3481478
70757,CASEYS #3811,US-69,McAlester,OK,560,3.22566666,34.933784,-95.766566
70779,CASEYS #3204,"I-80, EXIT 29 & I-880, EXIT 29A",Minden,IA,319,3.159,41.467837,-95.539913
70782,CASEYS #3465,"I-80, EXIT 285 & US-30",Gibbon,NE,330,3.049,40.746909,-98.845838
70761,CASEYS #3841,"US-61, EXIT 5",Kieler,WI,335,3.489,42.5848196,-90.6030319
70783,ENMARKET #820,"I-95/SR-405, EXIT 109 & SR-21",Port Wentworth,GA,195,3.09066666,32.189189,-81.192796
70765,CEFCO #103,SR-36,Temple,TX,765,2.96566666,31.1387412,-97.3318425
70786,CIRCLE K #2741502,"I-37, EXIT 9",Corpus Christi,TX,625,3.06066666,27.713163,-97.403276
70784,CIRCLE K #2723046,"I-95, EXIT 41 & SR-59/CR2252",Hope Mills,NC,63,2.909,34.983587,-78.930148
70768,CASEYS #3497,SR-29,South Pekin,IL,368,3.679,40.494591,-89.6520252
70785,CIRCLE K #2705347,"I-77, EXIT 5 & SR-48",Columbia,SC,135,3.204,34.074536,-81.154931
70769,CASEYS #3527,US-169 & US-60,Nowata,OK,307,3.18233333,36.70091,-95.639223
70787,LOVES TRAVEL STOP #778,"I-16, EXIT 143 & US-280",Ellabell,GA,135,3.29566666,32.184113,-81.456012
70770,CASEYS #3528,SR-92,Washington,IA,380,3.271,41.472243,-91.836954
70792,ANEW TRAVEL CENTER,US-6/34 & CR-410,Cambridge,NE,475,3.364,40.285333,-100.150104
70788,SPEEDWAY #1031,"I-480 & I-271, EXIT 26",Bedford,OH,305,3.649,41.4233894,-81.5038986
70774,CASEYS #3079,"US-20, EXIT 71 & US-71",Early,IA,440,3.299,42.461279,-95.148043
70793,LOVES TRAVEL STOP #119,"I-70, EXIT 160",Green River,UT,835,3.391,38.995501,-110.162145
70790,LOVES TRAVEL STOP #788,"I-70, EXIT 175",New Florence,MO,540,3.12233333,38.9128951,-91.46049
70776,CASEYS #3579,US-36,Smith Center,KS,330,3.179,39.780244,-98.785769
70794,CASEYS #3747,SR-103 & CR-96,Carey,OH,411,3.17566666,40.952565,-83.382691
70793,LOVES TRAVEL STOPS #119,"I-70, EXIT 160",Green River,UT,835,3.299,38.995487,-110.184673
70778,CASEYS #3588,"I-75 N, EXIT 69",Tipp City,OH,411,3.099,39.96111,-84.176638
70797,QUICK FUEL #3176,"I-35E, EXIT 442",Carrollton,TX,637,3.01566666,32.938304,-96.92603
70832,FLYERS #766,SR-648,Sparks,NV,966,4.059,39.541213,-119.747997
70780,CASEYS #3306,SR-15 & CR-47/CR-136,Saint Cloud,MN,522,3.249,45.559293,-94.156517
70798,QUICK FUEL #1926,"I-90, EXIT 171B & US-14",Janesville,WI,420,3.399,42.725525,-89.012422
70845,FLYERS #759,"I-80, EXIT 19",Sparks,NV,966,4.05066666,39.541213,-119.747997
70789,7FLEET #46080,"I-41 & US-41, EXIT 133",Neenah,WI,360,3.449,44.178238,-88.477226
70831,FLYERS #768,"I-80, EXIT 19 & SR-659",Sparks,NV,966,4.05233333,39.541213,-119.747997
70855,FLYERS #761,"I-580, EXIT 5",Carson City,NV,966,3.699,39.16458,-119.766919
70791,LOVES TRAVEL STOP #791,"I-40, EXIT 126",Holladay,TN,460,3.12233333,35.83927,-88.084726
70859,FLYERS #732,I-580 & US-50,Carson City,NV,966,3.699,39.16458,-119.766919
70870,ESSENTIAL FUELS,US-26,Scottsbluff,NE,795,3.599,41.859338,-103.692785
70796,QUICK FUEL #3177,"I-35W, EXIT 56",Fort Worth,TX,637,3.03233333,32.830886,-97.31742
70873,TA LAKE CITY #288,"I-75, EXIT 414",Lake City,FL,225,3.299,29.994778,-82.596565
70871,ALLTOWN MARKETS #835,"I-95, EXIT 62",Madison,CT,100,4.239,41.290762,-72.580312
70833,FLYERS #764,SR-667,Reno,NV,966,4.05233333,39.526903,-119.813283
70876,JIFFY MART,SR-123/SR-12,Walpole,NH,12,3.68566666,43.112955,-72.429188
70877,LOVES TRAVEL STOP #770,"US-41, EXIT 1A",Wadsworth,IL,444,3.819,42.4888503,-87.9533958
70858,SPEEDWAY #1012,"I-65, EXIT 158 & CR-6",Hope Hull,AL,720,3.05233333,32.19562,-86.420225
70878,MAVERIK COUNTRY STORE #630,I-15 EXIT 13,Malad City,ID,825,3.394,42.183976,-112.248058
70882,RUTTERS #77,US-11/US-15 & US-22,Duncannon,PA,70,4.294,40.355669,-76.98712
70860,FLYERS #726,"I-80, EXIT 303",Elko,NV,966,3.629,40.828095,-115.776396
70884,RUTTERS #75,SR-194 & SR-550,Walkersville,MD,70,3.93233333,39.484645,-77.3500277
70864,FLYERS #747,"I-580/US-395, EXIT 29 & SR-659",Reno,NV,966,4.054,39.526903,-119.813283
70888,HUTCHS #125,US-283,Altus,OK,483,2.999,34.667426,-99.315687
70874,CIRCLE T,SR-6 & SR-515,Navasota,TX,670,3.43233333,30.376807,-96.068637
70877,LOVES TRAVEL STOP #770,"US-41, EXIT 1A",Wadsworth,IL,444,3.759,42.4888503,-87.9533958
70891,QUARLES #4908,I-64 EXIT 297,Chesapeake,VA,130,3.52566666,36.71459,-76.2499253
70879,MAVERIK COUNTRY STORE #611,I-40 EXIT 154,Albuquerque,NM,580,3.194,35.187094639587,-106.63978649433
70893,QUARLES #4002,"I-95 EXIT 130A, SR-2",Fredericksburg,VA,60,3.759,38.332713774243,-77.483962856311
70875,FUEL MAXX #57,SR-105 & SR-146,Liberty,TX,610,3.13233333,30.066941,-94.795618
70895,QUARLES #4011/SHELL,I-95 EXIT 118,Woodford,VA,180,2.899,38.070185302464,-77.531457700344
70894,QUARLES #4009,US-301,Waldorf,MD,60,3.759,38.6410643,-76.8979736
70880,RUTTERS #81,SR-61 & SR-73,Leesport,PA,208,3.89733333,40.445184,-75.968797
70896,QUARLES #4200,US-522,Front Royal,VA,60,3.699,38.955767,-78.199236
70881,RUTTERS #79,"I-99/US-220, EXIT 28 US-22/SR-764",Duncansville,PA,14,4.099,40.425405,-78.426488
70897,QUARLES #4302,SR-801 & SR-42,Broadway,VA,60,3.459,38.611638,-78.794953
70900,QUARLES #4306,I-81 EXIT 150A,Roanoke,VA,185,3.559,37.271133,-79.939056
70883,RUTTERS #41,US-422,Lebanon,PA,70,3.799,40.296079011449,-76.373978478712
70902,QUARLES #4309,US-460/29,Lynchburg,VA,185,3.774,37.414345,-79.143204
70903,QUARLES #4310,US-11,Roanoke,VA,185,3.559,37.271133,-79.939056
70885,KWIK TRIP #1061,CR-CE & CR-HH,Combined Locks,WI,582,3.549,44.25628,-88.294097
70904,QUARLES #4400,I-95 EXIT 166A,Lorton,VA,60,4.059,38.692864,-77.218538
70905,QUARLES #4401,US-29,Fairfax,VA,60,4.059,38.8471215,-77.3063159
70887,LOVES TRAVEL STOP #781,"I-20, EXIT 113 & SR-83",Madison,GA,16,3.849,33.562086,-83.49661
70909,QUARLES #4408,SR-201,Bladensburg,MD,60,3.699,38.94276,-76.9329
70889,TRUCK WORLD,I-90 EXIT 241 & SR-7,Conneaut,OH,305,3.359,41.914791,-80.567526
70912,QUARLES #4411,"I-695 EXIT 1, SR-173",Curtis Bay,MD,22,3.499,39.224341,-76.59151
70890,PILOT #1299,US-287 & SR-148,Henrietta,TX,770,3.12566666,33.800419,-98.195887
70913,QUARLES #4412,I-270 EXIT 8,Rockville,MD,60,3.759,39.08418,-77.1529039
70892,QUARLES #4001,I-95 EXIT 133,Fredericksburg,VA,60,3.759,38.332713774243,-77.483962856311
70915,QUARLES #4414,I-95 EXIT 60,Baltimore,MD,22,3.449,39.290443,-76.612333
70917,QUARLES #4416,US-13,Salisbury,MD,194,3.659,38.365568,-75.599181
70898,QUARLES #4303,"I-81 EXIT 243, US-11",Harrisonburg,VA,60,2.899,38.406900309684,-78.828564250608
70918,QUARLES #4417,I-895 EXIT 8B,Curtis Bay,MD,22,3.499,39.224341,-76.59151
70899,QUARLES #4304,"I-64 EXIT 96, SR-624",Waynesboro,VA,180,3.799,38.071684,-78.898443
70920,QUARLES #4423,SR-100 EXIT 11,Glen Burnie,MD,22,3.699,39.164818,-76.624984
70921,QUARLES #4424,SR-5,Clinton,MD,60,3.899,38.763908,-76.906159
70901,QUARLES #4307,"I-81 EXIT 137, US-11/460",Salem,VA,185,3.559,37.2929984,-80.0567641
70923,QUARLES #4426,SR-124,Gaithersburg,MD,60,3.759,39.142187,-77.193402
70922,QUARLES #4425,US-50 EXIT 5,Hyattsville,MD,60,3.899,38.954926,-76.945542
70906,QUARLES #4403,"I-95 EXIT 29A, US-1",Beltsville,MD,22,3.899,39.039856,-76.910021
70924,QUARLES #4427,I-276 EXIT 351,Levittown,PA,153,3.84566666,40.154658,-74.827115
70907,QUARLES #4404,I-95 EXIT 43A,Elkridge,MD,22,3.499,39.207073,-76.72717
70925,QUARLES #4430,US-13,Sharon Hill,PA,160,3.869,39.907754,-75.273017
70908,QUARLES #4407,I-495 EXIT 11A,Upper Marlboro,MD,60,3.899,38.817168,-76.755631
70929,QUARLES #4503,US-11,Martinsburg,WV,60,3.959,39.456216,-77.963914
70910,QUARLES #4409,I-95 EXIT 50B,Baltimore,MD,22,3.499,39.290443,-76.612333
70933,QUARLES #4507,US-11,Winchester,VA,60,3.799,38.955767,-78.199236
70930,QUARLES #4504,I-81 EXIT 313A,Winchester,VA,60,3.799,38.955767,-78.199236
70914,QUARLES #4413,I-495 EXIT 15A,Capitol Heights,MD,60,3.899,38.884984,-76.915863
70934,QUARLES #4509,I-270 EXIT 31B,Frederick,MD,60,3.599,39.414181,-77.410935
70931,QUARLES #4505,SR-65,Hagerstown,MD,60,3.899,39.6395843,-77.7189406
70916,TA Express White Hills,US-93,Willow Beach,AZ,910,3.779,35.684217,-114.467334
70939,QUARLES #4606,SR-234,Manassas,VA,60,3.859,38.750771,-77.475089
70937,QUARLES #4603,US-29/211,Warrenton,VA,60,3.799,38.713842,-77.795561
70919,QUARLES #4422,US-13,New Castle,DE,243,3.699,39.660656,-75.56184
70941,QUARLES #4934,US-60,Sandston,VA,180,3.259,37.525652,-77.318931
70938,QUARLES #4605,SR-606,Sterling,VA,60,3.659,39.001663,-77.40325
70926,QUARLES #4431,US-22,Allentown,PA,90,3.989,40.6027532,-75.4697592
70942,QUARLES #4608,SR-657,Chantilly,VA,60,3.659,38.888687,-77.417493
70927,QUARLES #4434,SR-617,Springfield,VA,60,4.059,38.785814,-77.18725
70946,QUARLES #4703,US-29 & SR-616,Ruckersville,VA,180,3.699,38.233471,-78.364066
70928,QUARLES #4435,"I-95 EXIT 41, US-1",Jessup,MD,22,3.499,39.146459,-76.769819
70947,QUARLES #4946,"I-95, EXIT 130A, SR-3",Fredericksburg,VA,60,3.759,38.332713774243,-77.483962856311
70935,QUARLES #4511,I-70 EXIT 55,Frederick,MD,60,3.599,39.414181,-77.410935
70952,QUARLES #4810,I-540 EXIT 4A,Raleigh,NC,177,3.709,35.7813033,-78.6416795
70948,QUARLES #4804,I-40 EXIT 211,Greensboro,NC,65,3.649,36.072701,-79.793899
70940,QUARLES #4607,SR-28,Manassas,VA,60,3.859,38.750771,-77.475089
70950,QUARLES #4807,I-40 EXIT 203,Kernersville,NC,65,3.199,36.120257,-80.074659
70943,QUARLES #4700,US-15BUS/29BUS,Culpeper,VA,60,3.799,38.471131,-78.006892
70951,QUARLES #4947,SR-7,Leesburg,VA,60,3.659,39.108,-77.550635
70944,QUARLES #4701,US-15 BUS & US-522,Culpeper,VA,60,3.799,38.471131,-78.006892
70959,QUARLES #4814,US-117,Wilmington,NC,245,3.799,34.2367,-77.946197
70954,QUARLES #4811,SR-50/US-70,Garner,NC,177,3.599,35.7095379,-78.613919
70949,QUARLES #4805,US-1 EXIT 95,Apex,NC,177,3.999,35.7271832,-78.8541457
70955,QUARLES #4949,"I-95, EXIT 136, US-1",Fredericksburg,VA,60,3.759,38.332713774243,-77.483962856311
70945,QUARLES #4944,US-17,Bealeton,VA,60,3.759,38.580347,-77.766971
70964,SEALSTON DELI,"I-95, EXIT 130A, SR-3",King George,VA,180,3.499,38.261738,-77.332049
70956,QUARLES #4813,SR-133,Wilmington,NC,245,3.779,34.2367,-77.946197
70953,QUARLES #4948,"I-95, EXIT 126, US-1",Fredericksburg,VA,60,3.759,38.332713774243,-77.483962856311
70958,QUARLES #4951,SR-3,Fredericksburg,VA,60,3.759,38.332713774243,-77.483962856311
70968,QUARLES #4928,"I-95, EXIT 86A & SR-656",Ashland,VA,180,3.674,37.768355831792,-77.466494973966
70957,QUARLES #4950,"I-95, EXIT 126A, US-1",Fredericksburg,VA,60,3.759,38.332713774243,-77.483962856311
70960,QUARLES #4962,"I-81, EXIT 222, US-250",Staunton,VA,185,2.899,38.15749,-79.071325
70963,QUARLES #4817,"US-70, EXIT 333",Selma,NC,205,3.799,35.5354817,-78.2850942
70961,QUARLES #4815,"I-140, EXIT 14",Wilmington,NC,245,3.799,34.2367,-77.946197
70969,QUARLES #4824,I-40 EXIT 210,Greensboro,NC,65,3.699,36.072701,-79.793899
70962,QUARLES #4965,"I-295, EXIT 37A, US-360",Warsaw,VA,180,3.759,52.1813712,21.2366532
70971,QUARLES #4932,"I-64, EXIT 173 & SR-623",Rockville,VA,180,3.699,37.7225759,-77.7030613
70977,QUARLES #4828,I-440 EXIT 13B,Raleigh,NC,177,3.709,35.7813033,-78.6416795
70965,QUARLES #4822,US-401,Raleigh,NC,177,3.709,35.7813033,-78.6416795
70973,QUARLES #4826,US HWY 29/70,High Point,NC,65,3.66566666,35.953972,-80.003935
70978,QUARLES #4829,I-40 EXIT 298A,Raleigh,NC,177,3.599,35.7813033,-78.6416795
70966,QUARLES #4927,SR-10 & SR-145,Chesterfield,VA,180,3.699,37.3747305,-77.5079005
70974,QUARLES #4933,US-60,Richmond,VA,180,3.699,37.540759,-77.433932
70983,QUARLES #4943,"I-295, EXIT 22A & SR-5",Henrico,VA,180,3.699,37.6312763,-77.5449561
70967,QUARLES #4823,I-95,Fayetteville,NC,63,3.799,35.054417,-78.883659
70976,QUARLES #4827,I-40 EXIT 203,Kernersville,NC,65,3.199,36.120257,-80.074659
70970,QUARLES #4931,US-60 & SR-603,Powhatan,VA,180,3.699,37.339865,-79.247803
70980,QUARLES #4938,"I-64, EXIT 159 & SR-522",Gum Spring,VA,180,3.699,37.7753956,-77.8972392
70975,QUARLES #4935,"I-95, EXIT 64 & SR-613",Richmond,VA,180,3.699,37.540759,-77.433932
70982,EXXON/QUARLES #4942,"I-64/33, EXIT 205 & SR-249",Quinton,VA,180,3.509,37.5333441,-77.1242508
70991,QUARLES #4917,I-64 EXIT 255,Newport News,VA,130,3.41066666,36.977714,-76.430349
70986,QUARLES #4833,US-1,Youngsville,NC,177,3.699,36.024707,-78.476988
70979,QUARLES #4830,I-540 EXIT 3,Raleigh,NC,177,3.719,35.7813033,-78.6416795
70984,QUARLES #4831,US-64 EXIT 470,Rocky Mount,NC,205,3.409,35.939032,-77.800239
70993,QUARLES #4905,I-95 EXIT 89,Ashland,VA,180,3.699,37.768355831792,-77.466494973966
70995,QUARLES #4910,I-95 EXIT 61B,Chester,VA,180,3.799,37.357547,-77.441974
70985,QUARLES #4832,I-40 EXIT 189,Winston Salem,NC,65,3.57233333,36.096261,-80.243735
70994,QUARLES #4906,I-95 EXIT 73,Richmond,VA,180,3.699,37.540759,-77.433932
70996,QUARLES #4912,I-64 EXIT 136,Troy,VA,180,3.899,37.9764931,-78.236564
70987,QUARLES #4902,US-250/33,Richmond,VA,180,3.699,37.540759,-77.433932
71001,QUARLES #4921,I-95 EXIT 83B,Richmond,VA,180,3.699,37.540759,-77.433932
71002,QUARLES #4922,US-250,Charlottesville,VA,180,3.899,38.08861238898,-78.416969475635
70988,QUARLES #4909,I-664 EXIT 3,Hampton,VA,244,3.42566666,37.028265,-76.342338
71003,QUARLES #4923,I-95 EXIT 73,Richmond,VA,180,3.699,37.540759,-77.433932
71004,QUARLES #4924,US-1 & SR-688,Doswell,VA,180,3.699,37.845655,-77.4648474
70989,QUARLES #4911,I-264 EXIT 19B,Virginia Beach,VA,130,3.57233333,36.8451268,-75.9754369
71005,QUARLES #4925,I-95 EXIT 78,Richmond,VA,180,3.699,37.540759,-77.433932
71006,QUARLES #4926,I-95 EXIT 79,Richmond,VA,180,3.699,37.540759,-77.433932
70990,QUARLES #4915,I-664 EXIT 2,Hampton,VA,244,3.42566666,37.028265,-76.342338
71010,KEYSTOPS,"I-64, EXIT 17",Louisville,KY,415,3.19566666,37.021839,-86.364615
71013,ALLTOWN MARKETS #647,SR-3 EXIT 5,Plymouth,MA,175,3.959,42.122162006424,-70.897289037401
70992,QUARLES #4904,I-64 EXIT 197B,Sandston,VA,180,3.259,37.525652,-77.318931
71014,Global,"I-95, EXIT 43 & US-1",Elkridge,MD,22,3.099,39.207073,-76.72717
71020,Fast Trac 21,SR-21 & CR-50,Caldwell,TX,670,3.299,30.622035,-96.544485
70997,QUARLES #4913,SR-76,Midlothian,VA,180,3.699,37.5036456,-77.6517491
71009,WEIGELS #80,"I-40, EXIT 435 & US-321",Newport,TN,405,3.11566666,35.949117,-83.201557
71021,Amoco,"I-39 & HWY 23, EXIT 54",Oglesby,IL,290,3.199,41.299189,-89.06811
70998,QUARLES #4916,I-246 EXIT 6,Portsmouth,VA,130,3.46566666,36.833873,-76.297735
71018,KWIK STAR #1076,US-218,Vinton,IA,565,3.199,42.1590954,-92.038379
71022,TEX BEST #530,"I-10, EXIT 628 & SR-80",Luling,TX,595,3.009,29.6800314,-97.6476153
71007,HAYDEN TRAVEL CENTER,"I-65, EXIT 284 & SR-160",Warrior,AL,615,3.129,33.848697,-86.823851
71021,Amoco,"I-39 & HWY 23, EXIT 54",Oglesby,IL,290,3.249,41.299189,-89.06811
71023,LOVES TRAVEL STOP #853,SR-302 & CR-313,Kermit,TX,710,3.25066666,31.853,-103.07
71011,Global,"I-84 E, EXIT 2 & US-6 E",Danbury,CT,100,3.459,41.41572,-73.408585
71024,LOVES TRAVEL STOP #804,US-34/US-67,Monmouth,IL,270,3.449,40.912018,-90.647017
71024,LOVES TRAVEL STOP #804,US-34/US-67,Monmouth,IL,270,3.389,40.912018,-90.647017
71012,ALLTOWN MARKETS #838,"I-95 N, EXIT 12",Darien,CT,100,3.83233333,41.067147,-73.504869
71024,LOVES TRAVEL STOP #804,US-34/US-67,Monmouth,IL,270,3.349,40.912018,-90.647017
71025,KWIK TRIP #644,SR-57 & SR-32,New Holstein,WI,582,3.39066666,43.9496847,-88.0846628
71019,KWIK TRIP #489,SR-3,Northfield,MN,448,3.524,44.454406,-93.167103
71029,CASEYS #6445,I-355 EXIT 27 & SR-64,Lombard,IL,293,3.349,41.87485,-88.019343
71036,GOLDEN GATE PETRO,US-550,Montrose,CO,810,3.43566666,38.495396016396,-107.847477544055
71027,Kwik Star #1068,I-35,Story City,IA,320,2.959,42.185863,-93.5910591
71030,QUIKTRIP #1469,"I-10, EXIT 248 & SR-77",Marana,AZ,980,3.06233333,32.423597,-111.165369
71042,SINCLAIR,I-580/US-395 EXIT 6,Carson City,NV,966,3.599,39.154834,-119.76753
71034,MAVERIK COUNTRY STORE #635,I-15 EXIT 57,Cedar City,UT,791,3.44233333,41.799908,-111.832766
71032,MAVERIK COUNTRY STORE #416,US-50 & US-95,Fallon,NV,966,3.52566666,39.473939,-118.781518
71046,SPEEDWAY #9336,US-27/SR-126,Cincinnati,OH,300,3.699,39.262189,-84.6031
71037,SUNOCO,US-220 EXIT 111,Lock Haven,PA,138,3.599,41.129959,-77.436099
71033,MAVERIK COUNTRY STORE #560,I-580 & US-50,Carson City,NV,966,3.589,39.16458,-119.766919
71047,LOVES TRAVEL STOP #722,"I-17, EXIT 262 & SR-69",Mayer,AZ,930,3.68066666,33.279888,-111.962307
71055,LOVES TRAVEL STOP #793,"I-840, EXIT 67 & COUCHVILLE PIKE",Mount Juliet,TN,460,3.25233333,36.202937,-86.524525
71039,TURNPIKE MARKET EXPRESS,SR-5,Newton Falls,OH,573,3.259,41.21273,-80.956239
71053,ROAD RANGER #279,"I-57, EXIT 45 & SR-148",Marion,IL,275,3.379,38.634406983281,-89.125928691492
71056,SPEEDWAY #1044,US-72 & SR-20,Decatur,AL,615,3.42566666,34.618983,-87.052897
71050,GILL MART CORNER STORE,US-131 & SR-216,Three Rivers,MI,465,3.699,41.943998,-85.632764
71061,CIRCLE K #2702344,US-78 & SR-39,Williston,SC,135,3.799,33.401552,-81.42554
71057,LOVES TRAVEL STOP #795,US-97/US-26 & HALL RD,Madras,OR,935,3.689,44.6125915,-121.136863
71051,SHEETZ #683,I-83 EXIT 28,York,PA,70,3.259,40.079731,-76.765901
71063,MAVERIK COUNTRY STORE #639,"I-40, EXIT 153",Albuquerque,NM,580,3.19733333,35.187094639587,-106.63978649433
71058,KWIK TRIP #1090,SR-19 & SR-21,New Prague,MN,448,3.349,44.54425,-93.585316
71053,ROAD RANGER #279,"I-57, EXIT 45 & SR-148",Marion,IL,275,3.699,38.634406983281,-89.125928691492
71059,CIRCLE K #2706781,US-17 & SR-200,Yulee,FL,75,3.34233333,30.618067,-81.652141
71064,LOVES TRAVEL STOP #798,I-57 EXIT 212,Tuscola,IL,280,3.489,39.78739,-88.27414
71072,LOVES TRAVEL STOP #801,I-75 EXIT 102,Cordele,GA,10,3.309,31.9755,-83.7593
71060,CIRCLE K #2701537,"I-77, EXIT 100 & SR-89",Mount Airy,NC,65,2.859,36.473811,-80.620197
71064,LOVES TRAVEL STOP #798,I-57 EXIT 212,Tuscola,IL,280,3.389,39.78739,-88.27414
71073,LOVES TRAVEL STOP #803,I-57 EXIT 54B,Marion,IL,540,3.739,35.6580312,-81.9633241
71062,MAVERIK COUNTRY STORE #637,"I-70, EXIT 56 & US-89",SALINA,UT,835,3.44233333,41.799908,-111.832766
71074,Speedway #7764,SR-72 & SR-25,Dundee,IL,293,3.279,42.091312,-88.251408
71065,MAVERIK COUNTRY STORE #429,US-40 & SR-121,Roosevelt,UT,835,3.439,41.799908,-111.832766
71064,LOVES TRAVEL STOP #798,I-57 EXIT 212,Tuscola,IL,280,3.289,39.78739,-88.27414
71067,7-ELEVEN #41219,I-385 EXIT 9,Laurens,SC,30,3.099,34.556159,-82.006752
71080,BIG INDIAN SMOKE SHOP,I-90 & US-20,Irving,NY,38,2.929,42.573469,-79.085246
71066,Circle K #2745067,"I-75, EXIT 155",Macon,GA,85,3.089,32.806185,-83.569675
71071,KWIK TRIP #1074,SR-35,Somerset,WI,448,3.524,45.126277,-92.669106
71083,SPRINT FOOD #701,US-78,Augusta,GA,195,3.22566666,33.440948,-81.996143
71073,LOVES TRAVEL STOP #803,I-57 EXIT 54B,Marion,IL,540,3.749,35.6580312,-81.9633241
71079,DK,SR-375,El Paso,TX,640,2.699,31.764552,-106.409239
71075,TEXAS TRAVEL CENTER,"I-35, EXIT 277",Jarrell,TX,595,2.83233333,30.866134,-97.586338
71080,BIG INDIAN SMOKE SHOP,I-90 & US-20,Irving,NY,38,3.029,42.573469,-79.085246
71090,CEFCO #2076,US-60 & SR-207,Panhandle,TX,585,2.94566666,35.33758,-101.38259
71076,Kwik Star #589,US-151,Marion,IA,380,3.524,42.036098,-91.587223
71084,FIESTA MART #42,US-75,Tulsa,OK,560,3.16566666,36.2504883,-95.928894
71094,BP,US-63 & SR-137,Eddyville,IA,320,3.379,41.153794,-92.627534
71077,COMMUNITY CO OPS LAKE PARK,US-10,Lake Park,MN,341,3.509,46.876548,-96.099767
71086,THORNTONS #318,SR-59 & SR-38,West Chicago,IL,290,3.699,41.863222,-88.195231
71085,Sunoco,SR-49,Greenville,OH,317,3.599,40.070347,-84.626659
71088,KARDES,US-151,Monticello,IA,335,3.399,42.209319,-91.193593
71099,THORNTONS #336,"I-57, EXIT 335 & SR-50",Monee,IL,365,3.399,41.4331954,-87.7669154
71086,THORNTONS #318,SR-59 & SR-38,West Chicago,IL,290,3.649,41.863222,-88.195231
71091,BREAK TIME #3163,US-63 & CR-M,Moberly,MO,310,3.46233333,39.394334,-92.411174
71087,HALF SUN TRAVEL PLAZA,"I-90, EXIT 176",Moses Lake,WA,920,4.029,47.09915,-119.318518
71096,GAS N WASH,US-30 & SR-394,Chicago Heights,IL,365,3.499,41.488282,-87.57844
71087,HALF SUN TRAVEL PLAZA,"I-90, EXIT 176",Moses Lake,WA,920,3.569,47.09915,-119.318518
71099,THORNTONS #336,"I-57, EXIT 335 & SR-50",Monee,IL,365,3.349,41.4331954,-87.7669154
71102,365 Food and Fuel,"I-35W/US-287, EXIT 54A & SR-183",Fort Worth,TX,637,2.97566666,32.800576,-97.322073
71095,HOBO PANTRY #29,US-84/SR-12 & SR-95,Gordon,AL,20,3.659,31.127585,-85.073614
71099,THORNTONS #336,"I-57, EXIT 335 & SR-50",Monee,IL,365,3.459,41.4331954,-87.7669154
71103,FAT DOGS NORTH PLATTE SOUTH,"I-80, EXIT 177 & US-83",North Platte,NE,475,3.074,41.108553,-100.764937
71097,THORNTONS #329,"I-55, EXIT 267 & SR-53",Romeoville,IL,290,3.309,41.66825,-88.0635
71099,THORNTONS #336,"I-57, EXIT 335 & SR-50",Monee,IL,365,3.409,41.4331954,-87.7669154
71104,SPINX #364,"I-26, EXIT 194",Summerville,SC,475,3.399,33.08428,-80.205694
71097,THORNTONS #329,"I-55, EXIT 267 & SR-53",Romeoville,IL,290,3.359,41.66825,-88.0635
71101,FOOD N FUEL,"I-55, EXIT 244 & SR-53",Elwood,IL,365,3.499,41.443738,-88.145362
71105,SHEPHERD 700,US-64 & CR-450,Alva,OK,337,3.219,36.798096,-98.637558
71098,DANDY MINI MART #74,US-6 & SR-187,Wysox,PA,32,3.999,41.774744,-76.398335
71107,SPARKYS ONE STOP,"US-20, EXIT 96 & SR-4",Rockwell City,IA,343,3.21566666,42.451569,-94.671553
71101,FOOD N FUEL,"I-55, EXIT 244 & SR-53",Elwood,IL,365,3.599,41.443738,-88.145362
71116,CEFCO #101,US-59 & SR-49,Jefferson,TX,766,2.899,32.755866,-94.355464
71108,Stuckeyâ€™s Travel Center West,"I-10, EXIT 819 & FM-1663",Anahuac,TX,610,2.80733333,29.776479,-94.670663
71106,SECURITY OIL,"I-135, EXIT 10B & SR-96",Wichita,KS,570,3.299,37.796387,-96.912674
71109,KWIK TRIP #1067,"SR-13, BETWEEN FAIRWAY & TRINITY DR",Phillips,WI,295,3.31566666,45.7073854,-90.4168766
71110,KWIK TRIP #1121,"I-94 & SR-26, EXIT 267",Watertown,WI,420,3.289,43.207075,-88.70834
71111,MAPCO #5167,"I-59, EXIT 21B & SR-35",Fort Payne,AL,285,3.479,34.424626,-85.738144
71112,BERKSHIRE ENERGY,"I-91, EXIT 8 & SR-80",New Haven,CT,100,3.549,41.323923,-72.886013
71121,HAT CREEK TRAVEL,"I-10/US-70, EXIT 82A & US-180",Deming,NM,640,2.919,32.270045,-107.754334
71113,PLATEU TRAVEL PLAZA,"I-95, EXIT 39A & US-1",Madras,OR,935,3.359,44.664172,-121.138276
71115,FASTBREAK #6,US-50/US-151 & US-41,Vincennes,IN,510,4.039,38.694196,-87.496708
71123,XPRESS FUEL DBA ONE9 #1264,"I-10, EXIT 203",Eloy,AZ,930,3.139,32.779905,-111.618557
71114,SHEETZ #672,"I-95, EXIT 11B & SR-606",Woodford,VA,180,2.899,38.132815,-77.508883
71118,THORNTONS #0331,"I-35/US-51, EXIT 3 & CR-9",Roscoe,IL,520,3.419,42.4583079,-88.9987611
71127,QUIKTRIP #4044,"I-10, EXIT 609",Seguin,TX,740,2.94566666,29.600494,-97.964142
71118,THORNTONS #0331,"I-35/US-51, EXIT 3 & CR-9",Roscoe,IL,520,3.469,42.4583079,-88.9987611
71123,ONE9 XPRESS FUEL #1264,"I-10, EXIT 203",Eloy,AZ,930,3.139,32.749355434194,-111.554834293718
71131,7-ELEVEN #38816,"I-85, EXIT 66 & US-29",Spartanburg,SC,210,3.30566666,34.932362677032,-82.215881292809
71117,AM-PM TRUCK STOP,"I-520/SR-415, EXIT 9 & SR-56",Augusta,GA,135,3.359,33.472494,-81.964397
71124,LOVES TRAVEL STOP #761,"I-10, EXIT 343 & US-301",Jacksonville,FL,75,3.849,30.5163245,-81.6328643
71133,AMIGOS TRAVEL CENTER,"I-35, EXIT 85 & FM-117",Dilley,TX,740,3.399,28.681067,-99.181905
71119,PARKER'S #69 (DISCOUNT AVAILABLE),"I-95/SR-405, EXIT 102 & US-80",Pooler,GA,195,3.12233333,32.113801,-81.249549
71132,CEFCO #104,US-259 & SR-315,Mount Enterprise,TX,618,2.959,31.926671,-94.682926
71134,ALLSUPS CONVENIENCE STORE #2376,US-54/US-285 & US-60,Vaughn,NM,580,3.499,34.601506,-105.209788
71120,GAS PRO TRAVEL CENTER,US-25 & SR-56,Waynesboro,GA,135,3.799,33.101996,-81.996749
71140,BP,"I-94, EXIT 267 & SR-26, EXIT 30",Jefferson,WI,420,3.209,43.00413,-88.80699
71138,LUMMI BAY MARKET,"I-5, EXIT 260",Bellingham,WA,850,3.759,48.732829,-122.669122
71126,QUIKTRIP #1177,I-77 & US-21,Blythewood,SC,46,3.07566666,34.176007,-80.969426
71141,CASEYS #3901,"I-55, EXIT 178 & CR-23",Lexington,IL,368,3.359,40.641579,-88.782133
71139,GAS N WASH,SR-47 & CR-9,Yorkville,IL,290,3.599,41.699045,-88.447458
71129,Queens Market,"I-85, EXIT 41 & SR-2480",Charlotte,NC,46,3.499,35.209891185345,-80.827901964531
71142,LOVES TRAVEL STOP #775,US-20 & SR-2,Rockford,IL,520,3.269,42.266802,-89.088377
71141,CASEYS #3901,"I-55, EXIT 178 & CR-23",Lexington,IL,368,3.339,40.641579,-88.782133
71136,CIRCLE K #2706788,"I-795, EXIT 22 & US-70, EXIT 356",Goldsboro,NC,205,3.39233333,35.39771,-77.965282
71145,CASEYS #3905,I-74/US-421 EXIT 113,Shelbyville,IN,372,3.599,39.522942,-85.775886
71142,LOVES TRAVEL STOP #775,US-20 & SR-2,Rockford,IL,520,3.349,42.266802,-89.088377
71142,LOVES TRAVEL STOP #775,US-20 & SR-2,Rockford,IL,520,3.289,42.266802,-89.088377
71147,CASEYS #3910,US-177 & SR-33,Perkins,OK,560,3.01566666,35.976226,-97.027773
71142,LOVES TRAVEL STOP #775,US-20 & SR-2,Rockford,IL,520,3.229,42.266802,-89.088377
71148,CASEYS #1892,US-65,Sheffield,IA,433,3.15233333,42.893286,-93.215301
71151,LOVES TRAVEL STOP #880,US-50 & SR-130,Olney,IL,510,3.389,42.4888503,-87.9533958
71143,CASEYS #3904,SR-141,Manning,IA,319,3.209,41.906635,-95.063795
71149,KOUNTRY KORNER,SR-20,Mount Pleasant,MI,260,3.619,33.156221,-94.978778
71152,LOVES TRAVEL STOP #841,"US-24, EXIT 41",Napoleon,OH,550,3.705,41.391099,-84.124808
71144,CASEYS #3675,US-12 & US-75,Ortonville,MN,250,3.379,45.304825,-96.444966
71150,LOVES TRAVEL STOP #812,"I-84, EXIT 141",Bliss,ID,785,3.78566666,47.711161,-117.004099
71152,LOVES TRAVEL STOPS #841,"US-24, EXIT 41",Napoleon,OH,550,3.689,41.416354,-84.107046
71146,CASEYS #2968,US-34,Eagle,NE,413,3.239,-23.4421948,144.2492862
71151,LOVES TRAVEL STOP #880,US-50 & SR-130,Olney,IL,510,3.189,42.4888503,-87.9533958
71155,KWIK TRIP #1124,"SR-16, EXIT 184",Sussex,WI,444,3.37733333,43.132488,-88.18809
71151,LOVES TRAVEL STOP #880,US-50 & SR-130,Olney,IL,510,3.289,42.4888503,-87.9533958
71151,LOVES TRAVEL STOP #880,US-50 & SR-130,Olney,IL,510,3.339,42.4888503,-87.9533958
71158,CIRCLE K #2707533,"SR-570, EXIT 3 & SR-572",Lakeland,FL,225,3.53233333,28.044709,-81.907486
71151,LOVES TRAVEL STOP #880,US-50 & SR-130,Olney,IL,510,3.189,42.4888503,-87.9533958
71151,LOVES TRAVEL STOP #880,US-50 & SR-130,Olney,IL,510,3.289,42.4888503,-87.9533958
71160,CIRCLE K #4706316,"I-96, EXIT 46  & SR-6, EXIT 15",Caledonia,MI,371,3.699,42.839828,-85.531618
71154,KWIK TRIP #489,CR-3,DUNDAS,MN,448,3.499,44.427273,-93.198557
71153,KWIK TRIP #1083,SR-35,Osceola,WI,451,3.499,45.3111014,-92.7180993
71160,CIRCLE K #4706316,"I-96, EXIT 46  & SR-6, EXIT 15",Caledonia,MI,371,3.639,42.839828,-85.531618
71163,DANDY MINI MART #68,"I-86/SR-17, EXIT 51A & CR-64",Elmira,NY,32,3.899,42.095007,-76.789872
71161,CIRCLE K #2720931,"I-95, EXIT 107 & US-301",Kenly,NC,205,3.149,35.593341,-78.129837
71166,MAVERIK COUNTRY STORE #616,US-50,Montrose,CO,810,3.39566666,38.478034,-107.876806
71167,LOVES TRAVEL STOP #768,"I-55, EXIT 247",Channahon,IL,290,3.389,41.4296627,-88.2285061
71162,CIRCLE K #4705694,US-20 & CR-245,Norwalk,OH,305,3.614,41.247522,-82.590489
71167,LOVES TRAVEL STOP #768,"I-55, EXIT 247",Channahon,IL,290,3.489,41.4296627,-88.2285061
71167,LOVES TRAVEL STOP #768,"I-55, EXIT 247",Channahon,IL,290,3.549,41.4296627,-88.2285061
71164,DANDY MINI MART #59,SR-287,Middlebury Center,PA,138,3.999,41.833346,-77.283462
71167,LOVES TRAVEL STOP #768,"I-55, EXIT 247",Channahon,IL,290,3.449,41.4296627,-88.2285061
71171,TEXSTAR TRAVEL CENTER,I-35 EXIT 302,Temple,TX,765,2.91233333,31.114861,-97.356025
71165,PALMETTO EXPRESS #115,"I-26, EXIT 125 & US-176",Gaston,SC,135,3.199,33.867088682208,-81.036588008657
71168,LOVES TRAVEL STOP #797,"I-80, EXIT 176",Winnemucca,NV,966,3.744,40.9723383,-117.7279389
71177,COMO TRAVEL CENTER,"I-55, EXIT 257 & SR-310",Como,MS,435,3.079,34.961841,-89.565913
71167,LOVES TRAVEL STOP #768,"I-55, EXIT 247",Channahon,IL,290,3.349,41.4296627,-88.2285061
71169,LOVES TRAVEL STOP #879,"I-69 EXIT,286 & US-24 & SR-9",Huntington,IN,370,3.50066666,40.882786,-85.49732
71179,7-ELEVEN #41332,"I-26, EXIT 76 & SR-219",Newberry,SC,210,3.33233333,34.292175,-81.54699
71170,LOVES TRAVEL STOP #849,"I-94, EXIT 292 & CR-21",Valley City,ND,390,3.969,46.9233717,-98.0030597
71172,ZIPPY JS #18,CR-577 & CR-80,Brenham,TX,670,3.199,30.169641,-96.380593
71181,7-ELEVEN #38637,"I-85, EXIT 72 & I-585/US-176",Spartanburg,SC,210,3.11566666,34.932362677032,-82.215881292809
71173,ENMARKET #828,"I-95/SR-405, EXIT 102 & US-80",Pooler,GA,195,3.08233333,32.087575,-81.277001
71186,7-ELEVEN #36837,US-29 & SR-904,Anderson,SC,30,3.089,34.634152,-82.597663
71185,SHEETZ #698,"I-78/US-22, EXIT 45 & SR-863",Kutztown,PA,90,3.329,40.582167,-75.708445
71176,QUIKTRIP #1710,US-23/SR-365,Gainesville,GA,16,3.34566666,34.279891,-83.879257
71188,QUIKTRIP #1722,"I-75, EXIT 153",Macon,GA,85,3.089,32.716239,-83.724312
71190,LOVES TRAVEL STOP #888,"I-80/US-30, EXIT 85 & SR-374",Green River,WY,835,3.707,41.516933,-109.468634
71187,KWIK TRIP #1041,SR-11 & CR-H,Sturtevant,WI,444,3.794,42.699241,-87.915306
71189,QUIKTRIP #1198,"I-20, EXIT 55",Lexington,SC,135,3.129,33.960547,-81.230049
71195,ASAP GENERAL STORE #301,"I-40, EXIT 108 & US-281/SR-8",Geary,OK,483,3.13233333,35.6360027,-98.3172363
71190,LOVES TRAVEL STOPS #888,"I-80/US-30, EXIT 85 & SR-374",Green River,WY,835,3.589,41.560036,-109.539637
71191,MAVERIK COUNTRY STORE #631,I-80/5600 WEST,Salt Lake City,UT,835,3.459,40.771968,-111.93868
71196,ASAP GENERAL STORE #302,SR-33 & SR 54,Thomas,OK,483,3.13233333,35.7435,-98.74558
71198,LOVES TRAVEL STOP #844,"I-90, EXIT 233 & SR-74",Saint Charles,MN,515,3.569,43.971916,-92.064964
71193,ASAP GENERAL STORE #308,US-60 & SR-123,Bartlesville,OK,560,3.191,36.75154,-96.00022
71200,LOVES TRAVEL STOP #730,"I-80, EXIT 440 & SR-50",Omaha,NE,319,3.28066666,41.109805,-102.949744
71199,LOVES TRAVEL STOP #814,"I-22, EXIT 14 & CR-35",Hamilton,AL,576,3.55566666,34.135317394735,-87.987864458237
71194,ASAP GENERAL STORE #104,"I-40, EXIT 84 & US-54",Weatherford,OK,483,3.13233333,35.53361,-98.65738
71202,QUIKTRIP #1181,"I-26, EXIT 154B & US-301",Orangeburg,SC,42,3.23566666,33.456638,-80.735304
71201,PRIDE TRAVEL CENTER,I-91 EXIT 33,Hartford,CT,100,3.509,41.756156,-72.706503
71197,ASAP GENERAL STORE #304,US-60/SR-51 & US-283,Arnett,OK,483,3.23233333,36.13519,-99.76654
71207,GAS N WASH,"I-80, EXIT 148B & SR-43",Tinley Park,IL,365,3.679,41.560219,-87.8526
71208,RACEWAY #6789,US-301 & SR-150,Richmond                                ,VA,180,3.429,37.447374,-77.441665
71206,JACKSONS FOOD STORES #138,US-95/SR-339 & SR-208,Yerington,NV,966,3.679,38.994294,-119.181286
71207,GAS N WASH,"I-80, EXIT 148B & SR-43",Tinley Park,IL,365,3.599,41.560219,-87.8526
71207,GAS N WASH,"I-80, EXIT 148B & SR-43",Tinley Park,IL,365,3.499,41.560219,-87.8526
71209,RACETRAC #2529,"I-75, EXIT 285 & SR-52",San Antonio,FL,225,3.31566666,28.324129,-82.332124
71218,KUM & GO #1435,US-65,Fair Grove,MO,535,3.15566666,37.385481,-93.15729
71210,RACETRAC #2515,I-820 & BUS-287,Fort Worth,TX,630,2.87733333,32.705555,-97.321622
71212,KUM & GO #0426,BUS-71,Springdale,AR,735,3.149,36.388547682796,-92.579221602435
71219,KUM & GO #1568,"I-44, EXIT 156",Waynesville,MO,535,3.099,37.807252,-92.222247
71211,KUM & GO #0138,US-67,Jacksonville,AR,695,3.099,34.867756,-92.10974
71213,KUM & GO #0429,US-62,Rogers,AR,735,3.009,35.839636873744,-90.367154576613
71221,LOVES TRAVEL STOP #786,I-435 EXIT 55,Kansas City,MO,400,3.389,38.001181,-100.996287
71214,MAVERIK #5317,"I-76, EXIT 22",Brighton,CO,800,3.234,39.971695,-104.749059
71215,MAVERIK #5319,SR-392 & SR-257,Windsor,CO,800,3.159,40.437449,-104.903932
71223,SCOOBA JUNCTION,US-45 & SR-16,Scooba                                  ,MS,705,3.21566666,32.830306,-88.460684
71216,Maverik Country Store #5337,"I-35, EXIT 102 & SR-210",Huxley,IA,320,3.09233333,41.894263,-93.600561
71217,KUM & GO #0185,US-65,Bondurant,IA,320,3.095,41.674157,-93.480566
71228,SHELL,"I-80, EXIT 279 & SR-10",Gibbon                                  ,NE,330,3.299,40.746909,-98.845838
71227,TEX BEST #529,SR-16 & SR-1604,Von Ormy,TX,740,3.049,29.288992,-98.644755
71232,GATEWAY TRAVEL CENTER,US-16 & US-85,Newcastle,WY,822,3.324,43.850369,-104.182693
71230,THE PRIDE OF LAKE COUNTY,US-12 & SR-53,Lake Zurich,IL,290,3.349,42.16659,-88.061987
71229,THE PRIDE OF PALATINE,"I-90, EXIT 65 & SR-62",Palatine,IL,290,3.399,42.080051,-88.078666
71246,TOOT N TOTUM #99,I-40 EXIT 75,Amarillo,TX,585,3.04566666,35.184972,-101.794894
71234,CHEVRON #352305,I-610 & SR-47,Chalmette,LA,725,3.139,29.946339,-89.987763
71233,Fuel America Travel Center #2,"I-35, EXIT 32",Encinal,TX,693,3.049,27.6138892,-99.523951
71248,RACETRAC #2560,"I-4, EXIT-55",Davenport,FL,140,3.289,28.158394,-81.638901
71240,LOVES TRAVEL STOP #764,I-24 EXIT 117 ,Hillsboro,TN,285,3.32566666,32.0095472,-97.0935144
71239,CASEYS #3926,"I-29, EXIT 84 & SR-118",Mound City,MO,400,3.15733333,40.13423,-95.234304
71249,RACETRAC #2589,"I-20, EXIT 185",Oxford,AL,587,2.999,33.602672,-85.831475
71244,MAVERIK COUNTRY STORE #644,"I-84/I-15, EXIT 344 & SR-39",Ogden,UT,835,3.37233333,41.799908,-111.832766
71241,WEIGLES #58,"I-40, Exit 356A & SR-58",Kingston                                ,TN,405,3.169,35.87282,-84.441289
71250,NAVAJO BLUE TRAVEL CENTER,I-40 EXIT 219,Flagstaff,AZ,930,3.609,35.166405,-111.269822
71245,MAVERIK COUNTRY STORE #651,"I-15, EXIT 67 & US-30",Pocatello,ID,825,3.40233333,42.8665492,-112.4435336
71242,LAST STOP TRAVEL CENTER,US-93,Willow Beach,AZ,910,3.49566666,35.715627,-114.484077
71252,QUIKTRIP #1178,"I-26, EXIT 54 & SR-72",Clinton,SC,210,3.099,34.495747,-81.846781
71251,RUTTERS #91,US-30 & SR-772,Gap,PA,208,4.199,40.544929,-77.369242
71247,LOVES TRAVEL STOP #848,"I-59, Exit 104",Sandersville,MS,705,3.16233333,31.783287,-89.057252
71253,QUIKTRIP #4066,"I-35, EXIT 122 & SR-173",Devine,TX,740,2.96566666,29.132835,-98.897627
71255,Fuel N Treat,"I-70/US-40, EXIT 84 & CR-J",Nelson                                  ,MO,401,3.284,38.953714,-93.087184
71256,SIGNAL FOOD STORE #120,US-60,Seymour                                 ,MO,535,3.02566666,37.150384,-92.752672
71260,LOVES TRAVEL STOP #881,US HWY 224 & OH 225,Diamond,OH,573,3.45233333,41.10755,-81.04968
71259,LOVES TRAVEL STOP #846,I-10 EXIT 10,Irvington,AL,715,3.16566666,30.5085926,-88.2337942
71257,FARMERS UNION SOUTHERN VALLEY,US-75 & SR-210,Wahpeton                                ,ND,341,3.499,46.05613,-96.6061
71264,MAVERIK COUNTRY STORE #649,I-25/US-85 EXIT 220 & SR-500,Albuquerque,NM,580,3.20566666,35.187094639587,-106.63978649433
71261,Una Travel Center,I-94 EXIT 228,Roseville,MI,325,3.899,42.48039,-82.934469
71266,LOVES TRAVEL STOP #787,"I-81, EXIT 30 & SR-70 ",Mosheim,TN,405,3.55566666,36.183919633154,-82.886057149425
71265,U SAVE FOOD STORES 1,SR-39/SR-55,Richwood,WV,44,3.599,38.2251015,-80.533325
71262,LOVES TRAVEL STOP #892,"I-70, EXIT 118 & SR-310",Etna,OH,315,3.46066666,39.893121,-83.722912
71268,MAVERIK COUNTRY STORE #650,SR 85 & W 900 S,West Jordan,UT,835,3.43233333,41.799908,-111.832766
71267,LOVES TRAVEL STOP #878,"US-131/SR-43, EXIT 44",Kalamazoo,MI,431,3.649,42.25361948784,-85.571010899361
71263,Loves Travel Stop # 660,"I-25, Exit 49",Walsenburg,CO,796,4.249,37.6246633,-104.7813835
71275,ALLSUPS CONVENIENCE STORE #2272,US-67/US-84,Bangs,TX,575,2.93233333,31.717394,-99.127167
71267,LOVES TRAVEL STOP #878,"US-131/SR-43, EXIT 44",Kalamazoo,MI,431,3.589,42.25361948784,-85.571010899361
71269,Maverik Country Store #652,I-84 & SR 79,Jerome,ID,787,3.394,42.7240114,-114.5185037
71277,CIRCLE K #2706619,I-75 EXIT 354,Ocala,FL,140,3.45733333,29.091293,-82.243454
71267,LOVES TRAVEL STOP #878,"US-131/SR-43, EXIT 44",Kalamazoo,MI,431,3.689,42.25361948784,-85.571010899361
71270,QUIKTRIP #7904,I-20 EXIT 285 ,Abilene,TX,575,2.87566666,32.48944,-99.746736
71278,Kwik Trip #1506,SR-26,Fort Atkinson,WI,420,3.57733333,42.904246,-88.855437
71281,Pride (One9 Fuel Network) #1213,"I-40, Exit 25",Yucca,AZ,910,3.559,34.863835,-114.143723
71271,MAVERIK COUNTRY STORE #672,SR-69,Dewey                                   ,AZ,930,3.219,34.52809,-112.2414272
71283,QUIKTRIP #7135,US-17 ,Hardeeville,SC,195,2.999,32.270309,-81.079178
71281,Pride Travel Center dba One9 #1213,"I-40, Exit 25",Yucca,AZ,910,3.559,34.86386,-114.143719
71276,Circle K #2706617,I-4 EXIT 28,Lakeland,FL,225,3.25066666,28.044709,-81.907486
71284,Loves Travel Stop #889,"I-22, Exit 30",Holly Springs,MS,435,3.31566666,34.767501,-89.444805
71287,RACETRAC #482,I-310 EXIT 2A,Saint Rose                              ,LA,725,3.12566666,29.971844,-90.307286
71282,QuikTrip #4128,SR-71,Bastrop,TX,595,2.96566666,30.103947,-97.306878
71288,SHEETZ #700,"I-270, EXIT 49 & SR-317",Groveport,OH,315,3.059,39.892785,-82.883252
71290,LOVES TRAVEL STOP #808,"US-19/SR-3, EXIT 3 & US-82",Albany,GA,10,3.789,31.62259399031,-84.146736466734
71285,Shrees Truck Stop Seattle,SR-509,Seattle,WA,962,3.799,47.532221,-122.335898
71289,7-ELEVEN #38835,I-75 EXIT 139,Fort Myers,FL,225,3.599,26.67332616363,-81.977265261291
71291,HUCKS FOOD & FUEL #351,"I-57, Exit 116",Salem                                   ,IL,574,3.099,38.6255,-88.96799
71286,RACETRAC #2323,I-75 EXIT 128,Fort Myers,FL,225,3.299,26.634022,-81.871743
71291,HUCKS FOOD & FUEL #351 DBA ONE9 #1286,"I-57, Exit 116",Salem                                   ,IL,574,3.239,38.6255,-88.96799
71298,QUIKTRIP #1923,"I-45, EXIT 229",Corsicana,TX,641,2.849,32.075858,-96.448011
71295,MOUNTAINEER MART #33,US-33/119,Buckhannon,WV,44,3.899,39.006007,-80.271228
71291,HUCKS FOOD & FUEL #351 DBA ONE9 #1286,"I-57, Exit 116",Salem                                   ,IL,574,3.139,38.6255,-88.96799
71307,Speedway #1221,"I-24/69, EXIT 27 & US-62",Calvert City,KY,415,3.449,37.001679,-88.320631
71299,QUIKTRIP #7903,"I-35, EXIT 331",Waco,TX,765,2.95566666,31.603243,-97.104274
71291,HUCKS FOOD & FUEL #351,"I-57, Exit 116",Salem                                   ,IL,574,3.139,38.6255,-88.96799
71308,QUIKTRIP #7145,"I-40, EXIT 239A",Lebanon,TN,460,2.91566666,36.185818,-86.266359
71300,SPEEDWAY #1407,"I-94, EXIT 145",Jackson,MI,385,3.549,42.237809512426,-84.357894208826
71300,SPEEDWAY #1407,"I-94, EXIT 145",Jackson,MI,385,3.599,42.237809512426,-84.357894208826
71301,Atlanta IL Visitors Center,I-55 EXIT 140,Atlanta,IL,280,3.399,40.260993,-89.231125
71305,AMIGO'S COUNTRY STORE,"I-35, EXIT 122 & SR-173",Devine,TX,740,3.099,29.698366,-97.099063
71302,KWIK STAR #1107,I-380 EXIT 18 ,Cedar Rapids,IA,380,3.574,41.9780542,-91.6698616
71310,CIRCLE K #2722120,US-441/27,Summerfield,FL,140,3.52566666,29.006839,-82.006263
71303,KWIK TRIP #1132,SR-21 ,Omro,WI,582,3.37733333,44.041348,-88.713579
71318,LOVES TRAVEL STOP  #800,SR-83 ,Elk Grove Village,IL,290,3.489,42.0034042,-88.0092089
71311,CIRCLE K #708,"I-85, EXIT 64 & US-29",Opelika,AL,50,3.26566666,32.644084,-85.348874
71318,LOVES TRAVEL STOP  #800,SR-83 ,Elk Grove Village,IL,290,3.549,42.0034042,-88.0092089
71309,SUGAR CROSSING CONVENIENCE,US-33 & CR-63,Lancaster,OH,315,3.38233333,39.6640696,-82.5602711
71313,LOVES TRAVEL STOP  #821,"US-70, Exit W Main St",Durant,OK,253,3.489,34.002133,-96.373375
71318,LOVES TRAVEL STOP  #800,SR-83 ,Elk Grove Village,IL,290,3.589,42.0034042,-88.0092089
71314,Loves Travel Stop  #806,I-20 Exit 124,Monroe,LA,760,3.16733333,41.9647475,-83.3453977
71316,KWIK TRIP #1084,SR-97,Marshfield,WI,395,3.47566666,44.6276855,-90.1387939
71315,KWIK TRIP #1062,SR-33 ,West Bend                               ,WI,444,3.55566666,43.427205,-88.15823
71320,TA EXPRESS EDGERTON #284,I-35 EXIT 205 ,Edgerton,KS,400,3.699,38.764033,-94.962451
71318,LOVES TRAVEL STOP  #800,SR-83 ,Elk Grove Village,IL,290,3.379,42.0034042,-88.0092089
71322,KWIK TRIP #1101,US-141,Crivitz,WI,582,3.304,45.22273,-87.99562
71318,LOVES TRAVEL STOP  #800,SR-83 ,Elk Grove Village,IL,290,3.449,42.0034042,-88.0092089
71319,LOVES TRAVEL STOP #868,"I-95, EXIT 223 ",Mims,FL,143,3.689,29.6023208,-82.0863254
71318,LOVES TRAVEL STOP  #800,SR-83 ,Elk Grove Village,IL,290,3.649,42.0034042,-88.0092089
71329,SPEEDWAY #1439,I-20 Exit 100,Mc Calla,AL,615,2.90233333,33.280604,-87.098813
71321,Kwik Star #1119,US-18 ,Emmetsburg                              ,IA,433,3.449,43.1128982,-94.6814354
71327,MAVERIK COUNTRY STORE #668,"I-80, EXIT 313",Laramie,WY,795,3.24566666,42.712649,-110.934071
71323,MAVERIK COUNTRY STORE #517,SR-114 & E MILL RD,Orem,UT,835,3.44066666,41.799908,-111.832766
71333,ALLSUPS CONVENIENCE STORE #2105,"I-20, EXIT 332 & US-183",Cisco,TX,575,2.929,32.375549,-98.970451
71331,KWIK TRIP #1106,SR-13 & SR-64,Medford,WI,395,3.42233333,45.1427168,-90.3337009
71324,7-ELEVEN #38992,"I-85/US-29, EXIT 40 & I-185, EXIT 12",Piedmont,SC,30,3.499,34.689469,-82.55218
71335,ALLSUPS CONVENIENCE STORE #2367,"I-27/US-87, EXIT 49B & US-70",Plainview,TX,585,2.909,34.173,-101.703455
71337,ALLSUPS CONVENIENCE STORE #2229,US-377 & SR-108,Stephenville,TX,630,3.159,32.211485,-98.19482
71325,QUIKTRIP #7223,"I-20, EXIT 23 & SR-782-2",Bossier City,LA,745,2.89233333,32.532156,-93.674144
71336,ALLSUPS CONVENIENCE STORE #2180,US-84 & US-180,Snyder,TX,612,2.98566666,32.740722,-100.91768
71339,CASEYS #3934,"I-35, EXIT 89 & CO-R6F",Ankeny,IA,320,3.099,41.72508,-93.600414
71326,CIRCLE K #4705730,"I-480 & SR-82, EXIT 36",Twinsburg,OH,249,3.989,41.284409,-81.440077
71340,KWIK TRIP #180,US-14/SR-68,New Ulm,MN,425,3.349,44.29744,-94.445405
71328,IRVING,US-1  ,Norwood,MA,170,3.694,42.202825097577,-71.21067041443
71341,QUIKTRIP #7147,"I-40, EXIT 172 & SR-46",Dickson,TN,460,2.91566666,36.010559,-87.329593
71345,ALLSUPS CONVENIENCE STORE #2084,US-377 & CR-234,Brownwood,TX,575,2.949,31.691865,-98.996514
71330,JORDAN MINI MART,SR- 31 & CR-59,Jordan,NY,220,3.799,43.082099,-76.477148
71342,CASEYS #3505,US-212 ,Stewart                                 ,MN,425,3.369,44.72078,-94.481804
71346,ALLSUPS CONVENIENCE STORE #2094,US-277 & US-83,Abilene,TX,575,2.889,32.419308,-99.783093
71330,JORDAN MINI MART,SR- 31 & CR-59,Jordan,NY,220,3.859,43.082099,-76.477148
71349,ALLSUPS CONVENIENCE STORE #2204,SR-115 & CR-201,Wink,TX,710,3.089,31.761772,-103.153548
71344,ALLSUPS CONVENIENCE STORE #2061,US-84 & US-380,Post,TX,700,2.944,33.195542,-101.378733
71332,ALLSUPS CONVENIENCE STORE #2308,SR-128 & SR-18,Jal,NM,710,3.129,32.108691,-103.193597
71352,ALLSUPS CONVENIENCE STORE #2223,US-285 & SR-357,Artesia,NM,700,3.399,32.834922,-104.397235
71351,ALLSUPS CONVENIENCE STORE #2207,US-377/US-67 & SR-36,Comanche,TX,575,3.159,31.898002,-98.598838
71334,ALLSUPS CONVENIENCE STORE #2278,SR-302 & SR-18,Kermit,TX,710,3.089,31.849561,-103.077143
71353,ALLSUPS CONVENIENCE STORE #2246,US-84 & SR-268,Melrose,NM,585,3.81233333,34.424869,-103.627108
71357,ALLSUPS CONVENIENCE STORE #2279,SR-115 & SR-18,Kermit,TX,710,3.089,31.849561,-103.077143
71338,KWIK TRIP #755,US-18 ,Fennimore                               ,WI,335,3.424,42.984843,-90.655113
71359,ALLSUPS CONVENIENCE STORE #2350,"I-20, EXIT 285 & US-83",Abilene,TX,575,2.87566666,32.419308,-99.783093
71358,ALLSUPS CONVENIENCE STORE #2285,US-285 & US-62,Carlsbad,NM,593,3.194,32.434072,-104.18273
71343,ALLSUPS CONVENIENCE STORE #2014,US-377/US-67,Dublin,TX,630,3.159,32.109487,-98.329423
71361,ALLSUPS CONVENIENCE STORE #2358,US-277/US-87,Wall,TX,612,3.20566666,31.372977,-100.282263
71360,ALLSUPS CONVENIENCE STORE #2353,US-76/US-277,San Angelo,TX,612,3.19566666,31.560275,-100.546683
71347,ALLSUPS CONVENIENCE STORE #2128,"I-20, EXIT 301 & CR-276",Clyde,TX,575,2.889,32.410941,-99.489268
71364,QUICK FUEL #3188,I-75 ,Sidney,OH,317,3.33233333,40.280924,-84.188418
71362,ALLSUPS CONVENIENCE STORE #2359,US-377/US-67 & CR-498,Stephenville,TX,630,3.159,32.211485,-98.19482
71348,ALLSUPS CONVENIENCE STORE #2142,US-62/US-180,Hobbs,NM,593,3.38233333,32.760089,-103.179296
71365,COLES BP,SR 49,Brownsville,WI,582,3.099,43.616304,-88.492289
71369,MR GAS TRAVEL CENTER #21,I-84 EXIT 59A,Boise,ID,785,3.69566666,43.510444,-116.146948
71350,ALLSUPS CONVENIENCE STORE #2206,US-385 & SR-176,Andrews,TX,710,3.39233333,32.324154,-102.51288
71366,AMOCO,SR 31,Kenosha,WI,444,3.719,42.588079,-87.822877
71371,BREAK TIME #3167,US-65 & HWY-HH,Sedalia,MO,310,3.294,38.73738,-93.22453
71354,ALLSUPS CONVENIENCE STORE #2247,US-377 & SR-16,Comanche,TX,575,3.16233333,31.898002,-98.598838
71368,Kwik Star #1071,I-280 E and US-61 N,Davenport,IA,270,3.324,41.50751600148,-90.634205705012
71376,7-ELEVEN #41127,SR-29,Labelle,FL,95,3.559,26.639324690869,-81.63067793098
71355,ALLSUPS CONVENIENCE STORE #2249,US-377 & US-281 ,Stephenville,TX,630,3.159,32.211485,-98.19482
71367,ROAD RANGER #280,"I-20, EXIT 79 & SR-464",Monahans,TX,710,3.459,31.569397,-102.907904
71356,ALLSUPS CONVENIENCE STORE #2266,I-20 & US-285 ,Pecos,TX,710,3.379,31.401279,-103.504068
71383,Caseys #3940,I-69 & SR 4,Ashley,IN,465,3.59733333,41.525056,-85.066926
71372,Simonson Station,US-71 & SR-34,Park Rapids,MN,458,3.599,46.922447,-95.059678
71363,ALLSUPS CONVENIENCE STORE #2360,FM-988 & FM-8,Stephenville,TX,630,3.159,32.211485,-98.19482
71386,CASEYS #3952,SR-1 & SR-9,Hoopeston,IL,368,3.249,40.464913,-87.673513
71377,7-ELEVEN #38485,I-76 Exit 25,Brighton,CO,800,3.599,39.986899186934,-104.808802449302
71370,MAVERIK COUNTRY STORE #645,"I-40, Exit 16",Gallup,NM,580,3.159,35.519123,-108.739769
71386,CASEYS #3952,SR-1 & SR-9,Hoopeston,IL,368,3.189,40.464913,-87.673513
71381,KWIK TRIP #1112,US-63 & SR-77,Hayward,WI,295,3.639,46.011895,-91.487406
71378,QUIKTRIP #1410,"I-10, EXIT 136B & SR-202, EXIT 78A",Phoenix,AZ,930,3.369,33.639817,-112.096624
71386,CASEYS #3952,SR-1 & SR-9,Hoopeston,IL,368,3.239,40.464913,-87.673513
71390,SPEEDWAY #7269,I-270 EXIT 6B,Granite City,IL,540,3.379,38.761863,-90.067073
71379,QUIKTRIP #7211,"I-30/US-67/US-70, EXIT 128 ",Little Rock,AR,695,3.049,34.655113,-92.412407
71388,CASEYS #3850,US HWY 77 ,Wahoo,NE,319,3.174,41.212016,-96.62255
71390,SPEEDWAY #7269,I-270 EXIT 6B,Granite City,IL,540,3.459,38.761863,-90.067073
71382,KWIK TRIP #346,US-151 BUS & CR-G/CR-D,Beaver Dam,WI,582,3.19566666,43.440867,-88.856478
71391,QUIKTRIP #7210,I-40 EXIT 142,North Little Rock,AR,695,3.049,34.765417884891,-92.354094294839
71392,Loves Travel Stop #834,SR 17 & SR 1,Grant Park,IL,290,3.329,41.241013,-87.644665
71384,CASEYS #3944,I-29 & CR-106,Tea,SD,530,3.199,43.4464865,-96.8334507
71392,Loves Travel Stop #834,SR 17 & SR 1,Grant Park,IL,290,3.379,41.241013,-87.644665
71395,KWIK TRIP #340,US-18 & SR-23,Dodgeville,WI,420,3.489,42.959842,-90.129778
71385,CASEYS #3907,I-675 & SR-235,Fairborn,OH,411,3.679,39.8229508,-84.0179419
71393,CASEYS #3303,HWY 15 AND HWY 55,Kimball,MN,451,3.199,45.315652,-94.299243
71399,Loves Travel Stop  #809,"I-70 & MO Hwy D, Exit 31",Bates City,MO,400,3.22066666,39.01054125423,-94.090308327195
71386,CASEYS #3952,SR-1 & SR-9,Hoopeston,IL,368,3.259,40.464913,-87.673513
71394,QUIKTRIP #955,"I-35W, EXIT 26A & US-67",Alvarado,TX,630,2.97566666,32.415557,-97.228449
71402,FIREBIRD FUEL #6196,US-60 & SR-303,Surprise,AZ,930,3.383,33.628998,-112.330171
71387,CASEYS #3954,"I-80, Exit 168",Newton,IA,320,3.249,41.685083,-93.000974
71397,RACEWAY #6971,US-82/SR-520,Leesburg,GA,10,3.109,31.630147,-84.238109
71405,FLYERS #3201,"US-60, Exit 157",Phoenix,AZ,930,3.369,33.448204,-112.0725848
71389,SPEEDWAY #1590,"I-95, EXIT 193",Dillon,SC,205,3.12566666,34.44443,-79.374443
71408,Flyers #3205,"I-17, Exit 195B",Phoenix,AZ,930,3.38233333,33.448204,-112.0725848
71406,FLYERS #3203,"I-10, Exit 139",Phoenix,AZ,930,3.319,33.448204,-112.0725848
71390,SPEEDWAY #7269,I-270 EXIT 6B,Granite City,IL,540,3.519,38.761863,-90.067073
71411,Flyers #3214,"I-10, Exit 161C",Chandler,AZ,930,3.35233333,33.302285,-111.840103
71418,Quick Fuel #3228,"I-10, Exit 264",Tucson,AZ,980,3.36233333,32.221878,-110.971225
71398,KWIK STAR #1089,SR 415,Polk City,IA,320,3.159,41.77184,-93.713807
71412,FLYERS #3215,SR 87,Chandler,AZ,930,3.35233333,33.302285,-111.840103
71429,QUIKTRIP #1432,SR 202 EXIT 76,Phoenix,AZ,930,3.369,33.639817,-112.096624
71401,KWIK TRIP #1169,"I-694, EXIT 52B & SR-36",Saint Paul,MN,448,3.51566666,44.732384,-93.201673
71413,Flyers #3216,"US 60, Exit 194",Apache Junction,AZ,930,3.42233333,33.4223432,-111.5461005
71434,KWIK STAR #1154,"SR 18 & SR 60, Exit 34",Sheldon,IA,433,3.199,43.1860062,-95.8449994
71404,Flyers #3200,"I-17, Exit 215B",Phoenix,AZ,930,3.35233333,33.448204,-112.0725848
71417,Flyers #3227,"I-10, Exit 263A",Tucson,AZ,980,3.35566666,32.221878,-110.971225
71435,QUIKTRIP #1036,I-85 Exit 40,Charlotte,NC,46,3.304,35.223605,-80.890033
71407,FLYERS #3204,SR 202,Phoenix,AZ,930,3.35233333,33.448204,-112.0725848
71430,QUIKTRIP #7144, US-31W,Goodlettsville,TN,460,2.91566666,36.350711,-86.715864
71436,GOOD 2 GO #213,I-90 EXIT 58 & US-16,Buffalo,WY,836,3.525,44.346694,-106.716196
71410,Flyers #3213,"US-60, Exit 181",Mesa,AZ,930,3.35233333,33.4151797,-111.8315
71437,GOOD 2 GO #121,I-15 EXIT 113,Idaho Falls,ID,825,3.479,43.49137,-112.0402264
71439,LOVES TRAVEL STOP #802,I-10 EXIT 26,Milton,FL,20,3.339,29.6023208,-82.0863254
71416,FLYERS #3225,"I-10, Exit 255",Tucson,AZ,980,3.359,32.221878,-110.971225
71438,LOVES TRAVEL STOP #893,US-80 & SR-307,Savannah,GA,195,3.289,32.102779,-81.194684
71440,MAVERIK COUNTRY STORE #667,"I-90, EXIT 289 & SR-27",Spokane,WA,970,3.999,47.658557,-117.329385
71421,FLYERS #3236,"SR 601, Exit 22",El Paso,TX,640,3.229,31.720338839799,-106.242484100591
71441,MAVERIK COUNTRY STORE #678,US-191,Vernal,UT,835,3.44233333,40.445434193769,-109.568748868167
71440,MAVERIK COUNTRY STORE #667,"I-90, EXIT 289 & SR-27",Spokane,WA,970,3.969,47.658557,-117.329385
71428,KWIK TRIP #1140,SR-69/SR-92 & HWY-CC,Belleville,WI,420,3.604,42.862613,-89.558028
71442,RACETRAC #2597,"I-65, EXIT 91 & US-31W",Elizabethtown,KY,415,2.919,37.670442,-85.845427
71443,LOVES TRAVEL STOP #810,US-33 & SR-540,Bellefontaine,OH,411,3.35233333,40.3597,-83.759876
71433,Kwik Star #1146,US HWY 151,Cedar Rapids,IA,380,3.624,41.9780542,-91.6698616
71447,KWIK TRIP #612,SR-116 ,Winneconne                              ,WI,582,3.53233333,44.112961,-88.695814
71444,One9 #1318,"I-44, Exit 88",Strafford,MO,416,2.98566666,37.268339,-93.118506
71440,MAVERIK COUNTRY STORE #667,"I-90, EXIT 289 & SR-27",Spokane,WA,970,3.989,47.658557,-117.329385
71449,MAVERIK COUNTRY STORE #628,I-15 & CR-215,Las Vegas                               ,NV,910,3.35566666,36.109974159439,-115.208702753193
71446,SPEEDWAY #4221,I-80 Exit 292,Davenport,IA,320,3.749,41.605356,-90.624745
71440,MAVERIK COUNTRY STORE #667,"I-90, EXIT 289 & SR-27",Spokane,WA,970,3.979,47.658557,-117.329385
71450,MAVERIK COUNTRY STORE #664,I-25 EXIT 203 ,Los Lunas,NM,580,3.20233333,34.80661,-106.733473
71456,ALLSUPS CONVENIENCE STORE #2058,"I-40, Exit 332 & SR-209",Tucumcari,NM,585,3.355,35.157099,-103.725298
71445,SPEEDWAY #1051,I-90 & I-94 Exit 69,Mauston,WI,420,3.299,43.7955584,-90.0720687
71452,ALLSUPS CONVENIENCE STORE #2016,SR-214 & SR-114,Morton,TX,700,3.399,33.720213,-102.759474
71458,ALLSUPS CONVENIENCE STORE #2082,SR-70,Spur,TX,700,3.199,33.483228,-100.855755
71453,ALLSUPS CONVENIENCE STORE #2025,US-285,Roswell,NM,593,3.28566666,33.394819,-104.558602
71454,ALLSUPS CONVENIENCE STORE #2036,SR-18,Hobbs,NM,593,3.399,32.760089,-103.179296
71465,ALLSUPS CONVENIENCE STORE #2173,US-20,Sweetwater,TX,575,2.84566666,32.449566,-100.397895
71455,ALLSUPS CONVENIENCE STORE #2043,US-62,Idalou,TX,700,2.96566666,33.666249,-101.682128
71457,ALLSUPS CONVENIENCE STORE #2075,US-70 & SR-6,Crowell,TX,770,3.199,33.984479,-99.719135
71469,ALLSUPS CONVENIENCE STORE #2227,SR-114 ,Morton,TX,700,3.399,33.720213,-102.759474
71462,ALLSUPS CONVENIENCE STORE #2138,CR-61,Hobbs,NM,593,3.38233333,32.760089,-103.179296
71460,ALLSUPS CONVENIENCE STORE #2101,SR-136,Fritch,TX,585,3.149,35.645565,-101.592164
71466,ALLSUPS CONVENIENCE STORE #2185,US-380 & 9TH ST,Aspermont,TX,575,3.36566666,33.136604,-100.227312
71461,ALLSUPS CONVENIENCE STORE #2111,US-87 & ,Texline,TX,585,2.96566666,36.37449,-103.018596
71472,ALLSUPS CONVENIENCE STORE #2276,HWY 84 & CR-466,Hermleigh,TX,612,2.97233333,32.634622,-100.763694
71463,ALLSUPS CONVENIENCE STORE #2146,SR-18,Hobbs,NM,593,3.21233333,32.760089,-103.179296
71478,RACEWAY #6970,SR-1 & Coker Rd,Rome,GA,193,3.199,34.271587,-85.237975
71473,ALLSUPS CONVENIENCE STORE #2378,US-BUS 287 & SR-25,Electra,TX,770,2.999,34.032039,-98.924215
71464,ALLSUPS CONVENIENCE STORE #2153,US-277,Haskell,TX,575,3.539,33.166436,-99.733282
71474,PILOT #1292,US-290 & SR-21,Paige,TX,765,3.499,30.213553,-97.139645
71467,ALLSUPS CONVENIENCE STORE #2192,SR-86 & SR-207,Silverton,TX,585,3.159,34.47468,-101.304478
71482,LOVES TRAVEL STOP #789,"I-15, Exit 277",Great Falls,MT,815,3.77233333,47.506453,-111.306019
71479,RACETRAC #118,I-575 & SR-15,Jasper                                  ,GA,193,3.309,34.397055,-84.414001
71468,ALLSUPS CONVENIENCE STORE #2212,SR-6,Stamford,TX,575,3.129,32.943599,-99.78916
71481,Loves Travel Stop #843,"I-29, Exit 187",Drayton,ND,341,3.56566666,48.564181,-97.177746
71470,ALLSUPS CONVENIENCE STORE #2267,"I-20, EXIT 42 & CR-761",Pecos,TX,710,3.379,31.401279,-103.504068
71484,CIRCLE K #2745064,"I-75/SR-401, EXIT 101 & US-280/SR-30",Cordele,GA,10,2.999,31.961053,-83.753753
71471,ALLSUPS CONVENIENCE STORE #2269,SR-524 & CR-658 ,Carlsbad,NM,593,3.249,32.434072,-104.18273
71485,Circle K #2709088,US-521 & SR-9,Lancaster,SC,46,3.299,34.73636,-80.777273
71476,KWIK TRIP #493,US HWY 12,Whitewater,WI,420,3.499,42.830675,-88.709524
71477,KWIK TRIP #1141,SR 54,Luxemburg,WI,582,3.48233333,44.546385,-87.703671
71480,Loves Travel Stop #836,US-87,Dalhart,TX,585,3.43566666,36.076751,-102.53673
71486,HUCKS FOOD & FUEL #338,US-50/US-150 & US-41 BUS,Vincennes                               ,IN,510,3.959,38.682025,-87.5125
71495,SPEEDWAY #1212,"I-65, EXIT 99 & US-31",Greenwood,IN,375,3.59733333,39.6142426,-86.0641861
71491,SPEEDWAY #1520,"I-55, EXIT 58 & SR-80",Matthews,MO,460,3.189,36.759964,-89.534943
71487,LOVES TRAVEL STOP #835,"I-15, EXIT 163 & SR-99",Fillmore,UT,835,3.685,38.96675,-112.323686
71494,SPEEDWAY/7FLEET #7008,"I-90, EXIT 48A & SR-77",Corfu,NY,190,3.889,43.001961,-78.405222
71487,LOVES TRAVEL STOPS #835,"I-15, EXIT 163 & SR-99",Fillmore,UT,835,3.599,38.948526,-112.352741
71488,LOVES TRAVEL STOP #816,"I-90, EXIT 284",Kimball,SD,506,3.57066666,35.03598,-85.582148
71492,LOVES TRAVEL STOP #839,"I-64, EXIT 92",Leavenworth,IN,415,3.949,38.200016,-86.344169
71490,LOVES TRAVEL STOP #818,"I-20, EXIT 205 & SR-46",Heflin,AL,615,3.20733333,32.845532,-86.591889
71500,KWIK TRIP #1114,SR-35,Holmen,WI,515,3.33066666,43.999791,-91.294664
71493,NEW TRAVEL PLAZA,I-20 EXIT 86,Ruston,LA,590,3.06566666,32.5324656,-92.6390585
71496,SPEEDWAY/7fleet #1052,US-30 & SR-57,Orrville,OH,249,3.499,40.797395,-81.765772
71486,HUCKS FOOD & FUEL #338 DBA PILOT DEALER #1294,US-50/US-150 & US-41 BUS,Vincennes                               ,IN,510,3.959,38.682025,-87.5125
71502,ROAD RANGER #281,I-20 EXIT 332,Cisco,TX,575,3.14066666,32.37326,-98.969641
71498,KWIK TRIP #1143,US HWY 45,Antigo,WI,395,3.50733333,45.161752,-89.147668
71506,KWIK STAR #1165,SR-60  ,Sibley,IA,433,3.224,43.4039999,-95.7512081
71505,KWIK TRIP #1029,I-43 & SR-20,East Troy,WI,444,3.174,42.793103,-88.387876
71510,RACETRAC #2601,"I-64, Exit 58",Frankfort,KY,410,2.919,38.170443,-84.811053
71511,RACETRAC #2592,US HWY 29,Athens,GA,16,3.31233333,33.945892,-83.427288
71512,RACETRAC #2603,Country Road 527,Orlando,FL,140,3.299,28.598332,-81.215208
71504,MAVERIK COUNTRY STORE #378,"I-84/I-15, EXIT 346 & SR-126",Ogden                                   ,UT,835,3.379,41.799908,-111.832766
71514,LOVES TRAVEL STOP #817,SR-136,Santa Teresa,NM,640,3.26233333,31.86235,-106.687016
71499,KWIK TRIP #1130,US HWY 151/18,Mount Horeb,WI,420,3.589,43.006217,-89.702471
71509,MAPLEFIELDS IRVING,I-91 & US-2,Saint Johnsbury,VT,39,3.599,44.418174,-72.029818
71515,LOVES TRAVEL STOP #824,"I-64 & SR-37, Exit 80",Mount Vernon,IL,574,3.589,38.278031,-88.903176
71503,LOVES TRAVEL STOP #093,US-80 & US-400/US-50,Garden City                             ,KS,525,3.729,37.960759,-100.833131
71515,LOVES TRAVEL STOP #824,"I-64 & SR-37, Exit 80",Mount Vernon,IL,574,3.349,38.278031,-88.903176
71515,LOVES TRAVEL STOP #824,"I-64 & SR-37, Exit 80",Mount Vernon,IL,574,3.449,38.278031,-88.903176
71516,LOVES TRAVEL STOP #833,"I-90, EXIT 61 & US-20",Ripley,NY,38,3.879,42.258806,-79.743704
71524,Loves Travel Stop #813,"I-77, Exit 112",North Canton,OH,249,3.62733333,40.898601,-81.437115
71518,SPEEDWAY/7Fleet #9305,SR-18 & SR-1,Forrest City,AR,460,3.174,35.039593,-90.789553
71515,LOVES TRAVEL STOP #824,"I-64 & SR-37, Exit 80",Mount Vernon,IL,574,3.389,38.278031,-88.903176
71527,D & C FUEL EAST,US-6/SR-92,Tunkhannock,PA,200,3.699,41.551912,-75.912148
71521,KWIK TRIP #1065,US-12 & SR-89,Whitewater,WI,420,3.424,42.830675,-88.709524
71517,7-ELEVEN #41905,I-85 & CR-2120,Salisbury,NC,46,3.749,35.676789521312,-80.457572650771
71531,BERT'S TRAVEL PLAZA,SR-33,Wellsville,KS,400,3.31566666,38.7098265,-95.0751108
71523,QUIKTRIP #7170,I-59 EXIT 77,Cottondale,AL,615,2.91566666,33.170984,-87.44686
71519,SPEEDWAY #1506,US-231 & SR-271,Montgomery,AL,720,3.04233333,32.29777,-86.197834
71534,GOLDEN GATE - YERINGTON,SR-339 & US-95 ALT,Yerington,NV,966,3.71566666,38.993329,-119.181361
71525,LOVES TRAVEL STOP #796,"I-40, EXIT 432B & U-25W/US-411/US-70",Newport,TN,405,3.689,35.971035,-83.248127
71520,KWIK TRIP #1104,SR-35/65 & SR-29,River Falls,WI,451,3.40566666,44.844939,-92.62845
71528,GOOD 2 GO #218,I-90 EXIT 25 & US-14,Sheridan,WY,836,3.44233333,44.7954338,-106.9558968
71556,KWIK TRIP #1167,"HWY 29, EXIT 108",Thorp                                   ,WI,295,3.45233333,44.953004,-90.7994
71522,Y NOT STOP BARBER SPUR,SR-10 & SR-13,Ville Platte,LA,730,3.499,30.692147,-92.427778
71529,Kwik Trip #1161,US-BUS 53,Eau Claire                              ,WI,295,3.40733333,44.8425206,-91.589527
71557,MUSKOGEE TRAVEL PLAZA,US-69,Muskogee,OK,560,3.01566666,35.71353,-95.405205
71526,LOVES TRAVEL STOP #820,"I-90, EXIT 41 & SR-414",Waterloo,NY,190,4.149,42.462433,-92.404111
71535,GOLDEN GATE BATTLE MOUNTAIN,"I-80, EXIT 233",Battle Mountain,NV,966,3.339,40.620012,-116.915574
71559,ALLSUPS CONVENIENCE STORE #2228,US-83 & CR-613,Tuscola,TX,575,2.91733333,32.320885,-99.754895
71555,Kwik Trip #307,SR-35/US-18,Prairie Du Chien,WI,335,3.599,43.019675,-91.113914
71536,PILOT TRAVEL CENTERS  #1106,"I-25/US-85, EXIT 215 & SR-47",Albuquerque,NM,580,3.56566666,35.084248,-106.649241
71560,CIRCLE K #2709675,"I-25, EXIT 41 & SR-543/SR-26",Hatch                                   ,NM,640,3.799,32.67152,-107.153195
71558,ALLSUPS #2384,US-60,Friona,TX,585,2.994,34.638407,-102.735163
71542,CIRCLE K #2706625,US-85,Eaton,CO,795,3.399,40.519134,-104.708757
71561,ABBOTTS TRAVEL CENTER,I-35 EXIT 359,Abbott,TX,765,3.06566666,31.898708,-97.091425
71562,PILOT #1317,I-90 EXIT 28,Fultonville,NY,12,3.999,42.947098,-74.354462
71543,THE SOCO GROUP #4,SR-111,El Centro,CA,900,4.839,32.793169,-115.539105
71563,Kwik Star #1081,SR-9 ,Decorah,IA,515,3.579,43.3032932,-91.7883408
71568,QUIKTRIP #294,I-35 ,Gardner,KS,485,2.999,38.811428,-94.912999
71564,GRAB N GO,SR-200 & SR-22,Killdeer,ND,273,3.549,47.3690541,-102.7510735
71565,CIRCLE K #2741253,"SR 375, Exit 39",El Paso,TX,640,3.19566666,31.793653,-106.37123
71571,RACETRAC #2587,I-75 & US-98,Brooksville                             ,FL,140,3.299,28.522547,-82.234174
71570,STEELE 66 TRUCK PLAZA,Hwy O & CR-425,Steele,MO,418,3.399,36.016341,-89.87039
71566,Mankato Travel Center,US HWY 14 & SR 22,Mankato,MN,425,3.499,44.17067,-93.94134
71572,7-ELEVEN #41525,US-460 & SR-630,Disputanta,VA,180,2.999,37.184748,-77.320978
71573,RACETRAC #2588,I-4 & US-301,Tampa,FL,225,3.299,27.923517,-82.338836
71567,PRIDE CONVENIENCE STORE,"I-91, EXIT 40 & SR-20",East Granby,CT,100,3.649,41.930128,-72.711667
71579,KWIK TRIP #1138,SR 28,Sheboygan,WI,444,3.24233333,43.762367,-87.723299
71574,RACETRAC #2594,US-441 ,Dublin,GA,85,2.999,32.484391,-82.93621
71580,MAVERIK COUNTRY STORE #676,"I-15/I-84, EXIT 376 & SR-13",Tremonton,UT,835,3.444,41.799908,-111.832766
71575,Racetrac #2308,SR-161,Irving,TX,630,2.93566666,32.878669,-96.992427
71592,THE WOODSHED,US-59 & SR-10,Welch                                   ,OK,307,3.099,36.873548,-95.098646
71582,LOVES TRAVEL STOP #847,US-601 & SR-207,Pageland,SC,46,3.38566666,34.798714,-80.406142
71576,RACETRAC #2429,SR-161,Irving                                  ,TX,630,2.90066666,32.878669,-96.992427
71583,CIRCLE K #2706993,SR 27 N,Lake Wales,FL,225,3.799,27.842022,-81.585599
71577,TOOT N TOTUM #130,US-87 & Dorsey Rd,Clayton,NM,585,3.199,36.439441,-103.176471
71594,BP,US-20 & SR13,Middlebury,IN,465,3.799,41.654941,-85.70621
71578,RACETRAC #2595,I-65 EXIT 284,Alabaster,AL,615,2.999,33.219738,-86.797727
71595,Hucks Market #100,US-36,Hannibal                                ,MO,494,3.13233333,39.712106,-91.360209
71602,SHELL,"HWY-401, EXIT 10 & CR-11",Oldcastle,ON,620,4.45292033,42.23082,-82.96358
71586,ALLTOWN FRESH,US-9 & SR-23,Livingston,NY,12,3.699,42.179506,-73.758571
71597,Allsups #2380,US-84,Sudan,TX,700,3.199,34.063688,-102.517711
71586,ALLTOWN FRESH,US-9 & SR-23,Livingston,NY,12,3.659,42.179506,-73.758571
71598,Allsups #2381,SR-199,Azle,TX,630,2.919,32.909214,-97.575543
71590,TA SPRINGER,I-25 EXIT 419,Springer                                ,NM,580,3.529,36.3598847,-104.5944269
71600,TA EXPRESS #290,"I-45, EXIT 198 & FM-27",Fairfield,TX,765,3.439,31.726532,-96.165495
71604,MAVERIK COUNTRY STORE #669,"I-80, Exit 113 & SR-172",Salt Lake City,UT,835,3.44566666,40.771968,-111.93868
71596,ALLSUPS #2379,US-70/US-380,Tinnie,NM,700,3.359,33.371913,-105.245509
71602,SHELL,"HWY-401, EXIT 10 & CR-11",Oldcastle,ON,620,4.46276974,42.23082,-82.96358
71606,Allsups #2396,HWY 62 82 179,Wolfforth,TX,700,2.91566666,33.503519,-102.008217
71601,Circle K #2723479,"I-40, EXIT 306B & US-70",Garner,NC,205,3.369,35.601079,-78.573131
71602,SHELL,"HWY-401, EXIT 10 & CR-11",Oldcastle,ON,620,3.95368953,42.23082,-82.96358
71602,SHELL,"HWY-401, EXIT 10 & CR-11",Oldcastle,ON,620,3.95252583,42.23082,-82.96358
71612,RACEWAY #6898,"I-95, EXIT 373 & HWY A1A",Yulee                                   ,FL,75,3.27066666,30.620902,-81.64572
71602,SHELL,"HWY-401, EXIT 10 & CR-11",Oldcastle,ON,620,3.95078155,42.23082,-82.96358
71602,SHELL,"HWY-401, EXIT 10 & CR-11",Oldcastle,ON,620,4.46211176,42.23082,-82.96358
71605,Allsups Convenience Store #2377,US-70 & US-54,Alamogordo,NM,640,3.06233333,32.898168,-105.929848
71617,CIRCLE K #2709087,US-98/US-19,Chiefland,FL,75,3.58233333,29.486359,-82.859408
71603,FLYERS #3223,US-70/191,Safford,AZ,980,3.86233333,32.83435,-109.707728
71610,FRIENDLY GUS #25,US-80 & SR-338,Dudley                                  ,GA,85,3.83233333,32.483057,-82.897599
71607,Loves Travel Stop #827,"I-90, Exit 174",Moses Lake,WA,970,3.889,47.102613,-119.341433
71614,7-ELEVEN #41808,"I-85, EXIT 106 & US-29",Blacksburg,SC,210,3.359,35.161248,-81.453426
71608,Loves Travel Stop #842,"I-194, eXIT 164",Saint Cloud,MN,448,3.29066666,45.512142,-94.28537
71616,ALLSUPS CONVENIENCE STORE #2382,"I-20, EXIT 366 & US-281 ",Mineral Wells,TX,630,2.94566666,32.804346,-98.137176
71625,MAVERIK COUNTRY STORE #679,US-160/285 & SR-17,Alamosa,CO,803,3.349,37.468191,-105.874293
71609,QUIKTRIP #73,"US-75, US 62",Henryetta,OK,560,3.02566666,35.44044,-95.969687
71619,7-ELEVEN # 41365,"I-840/I-785, EXIT 18 & US-70",Greensboro,NC,65,3.199,36.070211,-79.86848
71627,QUIKTRIP #1730,I-75 EXIT 185,Forsyth,GA,85,3.089,33.027893,-83.914282
71615,HUTCHS #128,US-62 & US-281/SR-8,Anadarko,OK,483,2.999,35.073361,-98.243148
71622,Circle K #2706628,SR-193 & SR-163 ,Theodore,AL,715,3.39233333,30.55292,-88.122354
71629,KWIK TRIP #1139,SR-95 & SR-65,Cambridge,MN,451,3.399,45.537314,-93.231324
71618,Loves Travel Stop #837,"I-35, Exit 52",Cameron,MO,400,3.689,39.753525854929,-94.241474849717
71623,Circle K #2706637,US-43,Grove Hill,AL,715,3.719,31.683939,-87.780885
71635,Racetrac #2610,US-231,Murfreesboro,TN,460,3.049,35.82517,-86.416419
71621,TOOT N TOTUM #127,"I-27, Exit 49B",Plainview,TX,585,2.89566666,34.188536,-101.748409
71624,MAVERIK COUNTRY STORE #681,"I-80, Exit 410",West Wendover,NV,835,3.38566666,40.736041,-114.07507
71638,QUIKTRIP #4032,"I-35, EXIT 176",Schertz,TX,740,2.91566666,29.609035,-98.268188
71628,QUIKTRIP #7171,I-65 EXIT 231,Calera,AL,615,2.999,33.139549,-86.751541
71632,Loves Travel Stop #819,SR-21 & SR-275,Rincon,GA,195,3.33066666,32.336091,-81.259058
71641,76,I-17,Phoenix,AZ,930,3.23233333,33.407143,-112.082341
71630,CIRCLE K #2701524,"US-52, Exit 134 & SR-268",Pilot Mountain,NC,65,3.429,36.375756,-80.488477
71636,RACETRAC #2580,US-41 & SR-268,Murfreesboro,TN,460,3.03233333,35.82517,-86.416419
71642,MAVERIK COUNTRY STORE #398,HWY 89 & LAKE POWELL BLVD,Page                                    ,AZ,930,3.45566666,36.910943,-111.456174
71631,RACEWAY #6891,SR-20 & SR-67,Decatur                                 ,AL,615,3.099,34.618994,-87.029927
71637,HORSESHOE #4,SR-114,Smyer,TX,700,2.959,29.4698,-98.5988
71646,SPEEDWAY #6542,"I-10, Exit 192",Midway,FL,155,3.599,30.48544,-84.423402
71634,76,"US HWY 278, US HWY 45",Tupelo,MS,742,3.149,34.257443,-88.703408
71644,CHISUM TRAVEL CENTER #38,I-20 EXIT 210,Colorado City,TX,612,2.92566666,32.388445,-100.86463
71649,Allsups Convenience Store #2385,US-183 & US-180,Breckenridge,TX,575,3.30733333,32.756068,-98.891845
71639,PAR MAR FOOD STORE #13,"I-77, EXIT 1 & SR-7",Hannibal                                ,OH,430,3.899,39.6698828,-80.8740286
71647,QUIKTRIP #667,I-44 Exit 189,Rolla,MO,392,2.98233333,37.980898,-91.721099
71648,QUIKTRIP #7149,I-24 Exit 8,Clarksville,TN,460,2.91566666,36.555984,-87.252672
71640,RACETRAC #2544,SR-81 & SR-316,Bethlehem,GA,16,3.31233333,33.94901,-83.752608
71650,ALLSUPS CONVENIENCE STORE #2405,SR-208 & SR-158,Robert Lee,TX,612,3.26566666,31.894429,-100.484286
71643,Pilot #1319,I-35 Exit 30,Alvarado                                ,TX,630,3.20566666,32.46394,-97.264526
71653,MAVERIK COUNTRY STORE #701,US-160,Durango,CO,614,3.299,37.28225,-107.877762
71656,CASEYS #3268,US-59 & SR-119,Appleton,MN,522,3.44566666,45.196559,-96.01966
71654,LOVES TRAVEL STOP  #851,"I-39/US-51, EXIT 111 & SR-72",Monroe Center,IL,520,3.749,42.099818,-89.01897
71651,QUIKTRIP #4151,"I-35, Exit 220",Buda,TX,595,2.91566666,30.059963,-97.835415
71664,RUTTERS #95,SR-9,Martinsburg,WV,22,3.999,39.439802923648,-77.926997383285
71657,CASEYS #2855,US HWY 63,Cabool,MO,535,3.259,37.123589,-92.103988
71652,CIRCLE K #4705575,SR-261,Akron,OH,249,3.769,41.076868,-81.497285
71668,7-ELEVEN #41572,I-77 & US-70,Statesville,NC,46,2.859,35.847643,-80.861673
71661,Loves Travel Stop #822,"I-40,  Exit 57 & S Crawford St",Clarksville,AR,695,3.39233333,35.460037,-93.48017
71655,79 ONE STOP,SR-62 & SR-37,Saint Croix                             ,IN,415,3.499,38.223901,-86.586281
71676,CIRCLE K #4702409,US-52,Lafayette,IN,375,3.15733333,40.37357,-86.779715
71663,Allsups #2388,I-27 & SR-217,Canyon,TX,585,2.90066666,34.9791,-101.881452
71659,Loves Travel Stop #646,"I-84, Exit 71",Willington,CT,100,4.359,41.925943,-72.259449
71679,TOOT N TOTUM #22,FM 1541 & FM 1151,Amarillo,TX,585,2.96733333,35.184972,-101.794894
71667,7-Eleven #38986,"I-75, EXIT 301 & US-98",Brooksville,FL,225,3.399,28.524207,-82.238684
71662,PUMP & PANTRY #33,SR-22/39,Genoa,NE,330,3.289,41.448211,-97.732526
71681,WASPYS TRUCK STOP,US-71,Audubon,IA,319,3.31566666,41.705141,-94.925129
71673,7-ELEVEN #41792,"I-85, EXIT 27",Anderson,SC,30,2.959,34.634152,-82.597663
71666,Circle K#2746513,SR-13/SIOUX TRL,Savage,MN,448,3.799,44.745814,-93.375913
71687,ALLSUPS #2386,I-20 EXIT 216,Colorado City,TX,612,2.94233333,32.407216,-100.845143
71680,Alexs Shelby Truck Stop,US HWY 278 & SR 32,Shelby,MS,655,3.199,33.95243,-90.75858
71672,7-ELEVEN #41573,US-67,Glen Rose,TX,765,3.589,32.250867,-97.728352
71688,KWIK TRIP #1151,"I-90, EXIT 183 & CR-BT",Beloit,WI,420,3.374,42.554497,-89.025236
71685,ON THE ROAD 110,US-59,Diboll,TX,618,3.199,31.217468,-94.773192
71674,Kwik Trip #1177,SR-65,Cambridge,MN,451,3.424,45.537314,-93.231324
71689,KWIK TRIP #1108,"I-41/US-45, EXIT 52 & SR-164",Colgate,WI,444,3.24733333,43.192895,-88.262223
71686,Allsups #2391,I-20 Exit 269,Merkel,TX,575,2.87566666,32.467957,-99.983929
71682,Gas N Wash,"SR 83, SR 50, I-294",Alsip,IL,365,3.399,41.661741,-87.728456
71694,J&H Family Store,"I-96, Exit 19",Coopersville,MI,456,3.499,43.054338,-85.908389
71691,ALLSUPS #2399,US-287 & SR-207,Claude,TX,585,2.929,35.110829,-101.360634
71682,Gas N Wash,"SR 83, SR 50, I-294",Alsip,IL,365,3.499,41.661741,-87.728456
71697,LOVES TRAVEL STOP #829,I-80 EXIT 81,Brookville,PA,14,4.019,41.171112,-79.047195
71694,J&H Family Store,"I-96, Exit 19",Coopersville,MI,456,3.599,43.054338,-85.908389
71682,Gas N Wash,"SR 83, SR 50, I-294",Alsip,IL,365,3.299,41.661741,-87.728456
71698,Kwik Star #1142,hwy 6,Iowa City                               ,IA,380,3.134,41.6612397,-91.5301283
71692,GXP #200,"I-85/SR-403, EXIT 140 & SR-82",Jefferson,GA,16,3.239,34.1174483,-83.5733577
71683,GAS N WASH,US HWY 6,Joliet,IL,365,3.799,41.54692,-88.004597
71700,ARCO,US-19/US-98/US-27Alt & CR-30A,Perry                                   ,FL,75,3.699,30.068611,-83.559361
71707,QUARLES #4437,US HWY 30,Lancaster,PA,208,3.999,40.039401,-76.307078
71695,KWIK TRIP #1126,US-14/US-61,La Crosse,WI,444,3.384,43.851967068856,-91.229060920659
71702,SHOP AND SAVE,US-220 & CR-734,Ridgeway                                ,VA,65,3.909,36.617058579166,-82.127164715029
71708,QUARLES #4936,I-95 Exit 69,Richmond,VA,180,3.699,37.540759,-77.433932
71696,SUPER SAVE #10,I-220 EXIT 1A,Shreveport,LA,745,3.199,32.473435,-93.839992
71710,KWIK STAR #1180,SR-141,Perry,IA,320,3.06066666,41.838506,-94.099735
71709,MAPCO EXPRESS #7553,SR 153 EXIT 2,Chattanooga,TN,285,2.994,35.058584260517,-85.176023403345
71699,KWIK TRIP #597,"I-94, EXIT 344 & SR-31",Kenosha,WI,444,3.744,42.589329,-87.88327
71712,MAVERIK COUNTRY STORE #693,"I-70, Exit 160 & hwy 191",Green River,UT,810,3.28233333,41.799908,-111.832766
71714,RACETRAC #2576,SR-997 & SR-994,Miami,FL,95,3.28733333,25.597474,-80.372341
71701,CIRCLE K #2746510,SR 32,De Pere,WI,360,3.349,44.427531,-88.055562
71716,Allsups #2404,US-62,Carlsbad,NM,593,3.194,32.434072,-104.18273
71719,LOVES TRAVEL STOP #832,"I-35, EXIT 129 ",Forest Lake,MN,515,3.36233333,45.249249,-93.022565
71704,QUIKTRIP #962,"I-30, Exit 61A",Garland,TX,630,2.89733333,32.869086,-96.632489
71718,KWIK STAR #1158,US-30,Ames,IA,320,3.174,42.026802,-93.620181
71705,STRIPES #41980,"I-37, EXIT 11A",Corpus Christi,TX,625,3.199,27.7322577,-97.3734261
71721,HUCKS FOOD & FUEL #314,US-50/150,Washington,IN,510,3.46233333,38.6595752,-87.1702132
71706,QUIKTRIP #1176,I-77Exit 2,West Columbia,SC,135,3.309,33.934948,-81.076332
71722,MAVERIK #5392,FM-16,Keenesburg,CO,800,3.154,40.114868,-104.521541
71713,Pilot #1383,"I-555, Exit 39",Jonesboro,AR,435,3.489,35.805136,-90.625497
71735,Love's #811,US-395,Pasco,WA,925,4.589,46.263806,-119.081673
71725,Allsups Convenience Store #2406,US-67,Rankin,TX,710,3.499,31.21869,-101.947199
71713,Pilot Dealer #1383,"I-555, Exit 39",Jonesboro,AR,435,3.439,35.838393,-90.710505
71735,Loves Travel Stop #811,US-395,Pasco,WA,925,4.589,47.008483,-120.586181
71715,Allsups Convenience Store #2401,US-87,San Angelo,TX,612,3.19566666,31.560275,-100.546683
71740,SPRINT FOODS #735,US-78/US-1 & SR-19,Aiken,SC,135,3.17233333,33.508858484249,-81.751447559183
71737,RACETRAC #2605,"I-295, EXIT 25",Jacksonville,FL,75,3.249,30.115129178579,-81.593194696403
71717,Kwik Trip #1199,US-14 ,Darien                                  ,WI,345,3.199,42.605646,-88.719722
71738,KWIK TRIP #1196,"US-151, EXIT 21 ",Platteville                             ,WI,335,3.514,42.7269712,-90.4515641
71723,ALLSUPS CONVENIENCE #2398,SR-70,Pampa,TX,585,3.079,35.53281,-100.99013
71741,SPRINT FOOD STORE #733,"I-20, EXIT 183 & US-221",Harlem,GA,135,3.599,33.481784,-82.315075
71724,ALLSUPS CONVENIENCE #2403,US-180,Mineral Wells,TX,630,3.00566666,32.80387,-98.13695
71774,CASEYS #4292,1020 5TH ST ,Carrollton                              ,IL,574,3.239,39.302147,-90.407601
71769, DUCK THRU FOOD STORE #60,US HWY 64,Spring Hope,NC,205,3.469,35.93351,-78.099341
71726,Kwik Trip #1152,US HWY 169,Saint Peter,MN,425,3.724,44.314715,-93.964107
71770,ONVO TRAVEL PLAZA,"I-81, Exit 155",Mountain Top,PA,200,3.58733333,41.408843,-75.505623
71775,Caseys #3950,US-270 & US-54,Liberal,KS,525,3.319,37.044056,-100.922339
71736,Racetrac #2312,US-41/SR-92,Acworth,GA,18,3.209,34.082818,-84.655422
71773,KWIK STAR #710,US-30 EXIT-202,Toledo,IA,565,3.399,41.990908,-92.581705
71776,QUIKTRIP #7172,"I-85/US-29, EXIT 58 & SR-169",Opelika,AL,50,2.999,32.614144,-85.398913
71739,TA EXPRESS #418,"I-16/SR-404, EXIT 116 & US-301/25",Register,GA,135,3.28566666,32.3635124,-81.885545
71787,PUMP & PANTRY #55,US-159 & US-73,Falls City,NE,486,3.239,40.060451,-95.602123
71784,7-ELEVEN #41750,I-4 & SR-33,Lakeland,FL,225,3.289,28.047304,-81.907367
71771,BREAK TIME #3170,SR-13 & HWY-T,Bolivar,MO,535,3.374,37.594063,-93.429697
71793,QUARLES #4602,"SR-267, EXIT 8B & SR-606",Sterling,VA,60,3.659,39.001663,-77.40325
71779,TCI PHOENIX,"I-10, EXIT 138 & US-202, EXIT 76 ",Phoenix,AZ,930,2.92233333,33.448204,-112.0725848
71772,Kwik Trip #1137,US-8,Saint Croix Falls                       ,WI,451,3.524,45.410276,-92.6448673
71785,7-ELEVEN #41266,I-81 & SR-924,Hazleton,PA,200,3.839,40.966709014478,-75.972421977656
71774,CASEYS #4292,1020 5TH ST ,Carrollton                              ,IL,574,3.289,39.302147,-90.407601
71797,KWIK STAR #1186,"I-80/US-6, EXIT 142 & US-65",Altoona,IA,320,3.199,41.64404,-93.464609
71792,KWIK TRIP #1147,US-71 & SR-60,Windom                                  ,MN,425,3.349,43.855564,-95.11477
71774,CASEYS #4292,1020 5TH ST ,Carrollton                              ,IL,574,3.429,39.302147,-90.407601
71798,Space Age #202,"I-5, EXIT 52 ",Castle Rock,WA,935,3.659,46.322087,-122.911616
71794,KWIK TRIP #1174,US-51 & US-2,Ironwood,MI,334,3.479,46.463915,-90.167064
71786,SHEETZ #751,I-76 EXIT 91,Donegal,PA,165,3.259,40.105907,-79.375726
71800,Stuckeys Travel Plaza,"I-44, EXIT 179",Newburg                                 ,MO,535,2.97233333,37.943943,-91.882313
71794,KWIK TRIP #1174,US-51 & US-2,Ironwood,MI,334,3.459,46.463915,-90.167064
71794,KWIK TRIP #1174,US-51 & US-2,Ironwood,MI,334,3.139,46.463915,-90.167064
71804,GAS N WASH,I-88 EXIT 114,Montgomery,IL,290,3.599,41.742816,-88.376045
71794,KWIK TRIP #1174,US-51 & US-2,Ironwood,MI,334,3.159,46.463915,-90.167064
71795,CIRCLE  K #2654290,I-85 EXIT 13,Lagrange,GA,50,3.899,33.042322,-84.983529
71811,7-ELEVEN #41826,SR-722 & SR-283,Lancaster,PA,70,4.129,40.156614033394,-76.199481526162
71794,KWIK TRIP #1174,US-51 & US-2,Ironwood,MI,334,3.179,46.463915,-90.167064
71801,Love's Travel Stop #869,US HWY 75,Le Mars,IA,527,3.45566666,42.462433,-92.404111
71812,KWIK TRIP #1198,I-43 & Hwy AA,Oostburg,WI,444,3.24233333,43.623276,-87.776234
71803,KENT KWIK #321,I-20 EXIT 143,Midland,TX,710,2.94066666,31.981153,-102.149842
71802,ALLSUPS #2407,I-10 EXIT 259,Fort Stockton,TX,710,3.029,30.905681,-102.883479
71813,Kweik Star #1156,SR-150 & SR-3,Oelwein,IA,565,3.58233333,42.678527,-91.911989
71806,RACETRAC #2600,SR-70,Okeechobee,FL,140,3.299,27.245533,-80.819052
71805,RACETRAC #2583,I-24E,La Vergne,TN,460,2.899,36.000019,-86.596816
71814,TEX-BEST #531,US-90,Uvalde,TX,740,2.874,29.210991,-99.786769
71807,KWIK TRIP #1270,SR-172,Green Bay,WI,582,3.29066666,44.4982524,-88.1126181
71808,WEIGELS #100,SR 153,Chattanooga,TN,405,3.01566666,35.114501,-85.258047
71816,MAVERIK COUNTRY STORE #694,I-15 EXIT 222,Nephi,UT,835,3.40566666,41.799908,-111.832766
71815,MAVERIK COUNTRY STORE #688,I-15 EXIT 339,Ogden,UT,835,3.38566666,41.799908,-111.832766
71817,KWIK TRIP #1128,US-12,Altoona,WI,295,3.33233333,44.806641,-91.44757
71818,TA EXPRESS RIVERTON #433,I-72 EXIT 108,Riverton,IL,318,3.409,39.842321,-89.521241
71818,TA EXPRESS RIVERTON #433,I-72 EXIT 108,Riverton,IL,318,3.469,39.842321,-89.521241
71826,KWIK TRIP #1183,US-2,Bessemer                                ,MI,334,3.479,46.48078,-90.051149
71818,TA EXPRESS RIVERTON #433,I-72 EXIT 108,Riverton,IL,318,3.439,39.842321,-89.521241
71824,QuikTrip #4052,US 181 S,San Antonio,TX,740,2.92233333,29.475233,-98.38046
71827,KWIK TRIP #1188,US-12,Cokato,MN,451,3.474,45.080544,-94.189737
71822,DK,SR 176,Lenorah,TX,612,3.53233333,32.301757,-101.856869
71826,KWIK TRIP #1183,US-2,Bessemer                                ,MI,334,3.159,46.48078,-90.051149
71830,One9 Travel Center #1330,"I-40/US-63, EXIT 216 & US-49",Brinkley                                ,AR,695,3.199,34.912475,-91.196033
71823,MARKER 126,US HWY 20,Duncombe,IA,343,3.059,42.4683078,-93.9907081
71826,KWIK TRIP #1183,US-2,Bessemer                                ,MI,334,3.459,46.48078,-90.051149
71835,CUZZS TRAVEL DEPOT,US 43 N,Thomasville,AL,715,3.599,31.84233,-87.74797
71826,KWIK TRIP #1183,US-2,Bessemer                                ,MI,334,3.139,46.48078,-90.051149
71830,One9 #1330,"I-40/US-63, EXIT 216 & US-49",Brinkley                                ,AR,695,3.199,34.896445427249,-91.187899345578
71836,DUCK THRU FOOD STORE #59,US 13 EXIT 119,Greenville,NC,205,3.499,35.600975,-77.3951
71826,KWIK TRIP #1183,US-2,Bessemer                                ,MI,334,3.179,46.48078,-90.051149
71831,Loves Travel Stop #865,"I-35, Exit 186",Perry,OK,483,3.389,35.841097,-98.404633
71841,Quick Fuel #3193,US-69,Kansas City,KS,400,3.34566666,39.130772,-94.571286
71828,KWIK TRIP #1209,SR-42,Sturgeon Bay,WI,582,3.58233333,44.8497543,-87.3588638
71832,SHEETZ #753,SR 3,Seville,OH,249,3.08233333,41.031206,-81.863159
71844,HD EXPRESS MART,US 20,Clyde,OH,550,3.379,41.31947,-83.012093
71829,KWIK TRIP #1043,US-53/SR-194,Duluth,MN,334,3.499,46.730741,-92.18028
71837,RUTTERS #86,"US-15, EXIT 17 & SR-26",Frederick,MD,70,3.899,39.414181,-77.410935
71849,TOOT N TOTUM #128,I-40 EXIT 57,Amarillo,TX,585,3.089,35.184972,-101.794894
71833,Circle K #2706636,US HWY 43,Jackson,AL,715,3.899,31.54925,-87.879356
71839,RUTTERS #92,US-222 & SR-737,Kutztown,PA,90,3.699,40.5190072,-75.7762118
71853,Landmark Travel Center,I-20 EXIT 301,Clyde,TX,575,2.90066666,32.417387,-99.527007
71838,RUTTERS #24,SR-74 & SR-2069,Brogue                                  ,PA,70,4.099,39.8722772,-76.4845964
71845,ALLSUPS #2424,US 180,Millsap,TX,630,2.984,32.799112,-98.003122
71854,EXXON DBA Pilot #1289,US 75 EXIT 72,Denison,TX,630,3.239,33.762128,-96.550512
71840,NEON MARKETPLACE,"SR-79, EXIT 10",Fall River,MA,175,3.949,41.799593,-71.331557
71848,CLIFTON SUPER STOP,"I-16, EXIT 104",Metter                                  ,GA,195,3.249,33.76205,-84.33298
71856,GO TIME #7,"I-75, EXIT 29",Corbin,KY,410,2.999,36.977353,-84.10547
71850,CEDAR GROVE OASIS,"I-43, Exit 113",Cedar Grove                             ,WI,444,3.239,43.572399,-87.799429
71852,KWIK TRIP #1164,US-63,Spooner,WI,295,3.599,45.80804,-91.90009
71859,ALLSUPS #2415,SR 6,Meridian,TX,765,2.96566666,31.916809,-97.664929
71851,PWI #164,I-35/US-77 & FM-3115,Abbott,TX,765,2.89233333,31.884631,-97.076127
71855,BYRNE DAIRY #136,I-90 Exit 37,Liverpool,NY,220,3.659,43.142617,-76.18661
71860,PILOT #1347,"I-59, EXIT 5A",Pearl River                             ,LA,725,3.164,30.375451,-89.740267
71857,QUIKTRIP #1196,"I-20, EXIT 11 & SR-144",Graniteville,SC,135,3.159,33.602764,-81.842638
71858,QUIKTRIP #7224,"I-20, EXIT 112",West Monroe,LA,719,2.89233333,32.513272,-92.191521
71864,MPC #30,"I-44, Exit 195",Saint James,MO,540,2.98566666,37.997208,-91.614356
71868,RACETRAC #2456,SR-44 & CR-491,Lecanto,FL,140,3.31566666,28.851128,-82.488756
71862,Loves Travel Stop #863,I-90 & SR-528,Madison,OH,305,3.849,39.357643600935,-83.403366047117
71870,Circle K #2706479,US-280,Sylacauga,AL,615,3.799,33.186136,-86.243145
71869,PORT FUEL CENTER,"I-516, EXIT 7B & SR-21",Port Wentworth,GA,195,3.18233333,32.135762,-81.173093
71865,RACETRAC #574,"I-30, EXIT 68",Rockwall,TX,630,2.924,32.906326,-96.447373
71872,KWIK STAR #1189,"I-80, EXIT 110",De Soto                                 ,IA,320,3.224,41.537411,-94.012636
71875,LOVES TRAVEL STOP #615,US-59 & US-79,Carthage,TX,618,3.10233333,32.161242,-94.318963
71866,RACETRAC #2615,"I-65, EXIT 128",Louisville,KY,415,2.919,38.133475,-85.719628
71874,Rutters #85,I-76 & US-30,Bedford,PA,14,4.099,40.019087,-78.501841
71879,Gas N Wash Schoolhouse,FM-74,New Lenox,IL,399,3.699,41.510647133326,-87.927113671629
71867,HOLIDAY STATIONSTORE #2653855,US-12,Aberdeen,SD,530,3.10733333,45.459415,-98.41987
71878,LOVES TRAVEL STOP #872,SR-78 & CR-27,Lancaster,OH,315,3.27566666,39.717424,-82.669523
71886,QUIKTRIP #7136,US-17,Brunswick,GA,195,3.074,31.13674,-81.569542
71871,KWIK TRIP #1133,US-10 & SR-85,Durand,WI,295,3.43066666,44.63473,-91.953482
71883,QUIKTRIP #4178,SR-130,Hutto,TX,595,2.91566666,30.592999,-97.589512
71892,Tropic Fleet Bradenton Cardlock,US 301,Bradenton,FL,225,3.499,27.488962,-82.562798
71873,KWIK TRIP #1182,"I-35E, EXIT 123B",Hugo,MN,448,3.37733333,45.164704,-93.037314
71890,Carter Flagstaff Cardlock (Bulk Plant),I-40 Exit 198,Flagstaff,AZ,930,3.689,35.1982729,-111.6513129
71876,LOVES TRAVEL STOP #861,"I-75, EXIT 72 & SR-72",Loudon,TN,285,3.58733333,35.03598,-85.582148
71898,Loves Travel Stop #867,I-55 Exit 165,Normal,IL,280,3.489,40.544789007653,-88.9860919672
71897,ONE9 XPRESS FUEL #1349,I-10 EXIT 140B,Van Horn,TX,640,3.459,31.041085776867,-104.830942068734
71877,LOVES TRAVEL STOP #859,"I-80, EXIT 116 & US-6",Morris,IL,290,3.789,42.4888503,-87.9533958
71899,LOVES TRAVEL STOP #882,US-61/SR-92 ,Muscatine,IA,270,3.439,41.393658,-91.08755
71898,Loves Travel Stop #867,I-55 Exit 165,Normal,IL,280,3.389,40.544789007653,-88.9860919672
71887,SHELL,I-80 & SR-63,Greenwood                               ,NE,413,3.399,40.968925,-96.387668
71903,ALLSUPS #2412,SR 199 W,Springtown,TX,630,2.919,32.965351,-97.694671
71904,SHEETZ #745,I-90 EXIT 212,Madison,OH,305,3.08233333,41.761814,-81.047831
71888,KJS ALPINE,US HWY 26,Alpine,WY,825,3.799,43.172968,-111.017395
71911,MAVERIK COUNTRY STORE #706,SR-10,Castle Dale,UT,835,3.439,41.799908,-111.832766
71906,COMPASS TRAVEL CENTER,"I-65, EXIT 230",Demotte,IN,365,3.24233333,41.143424,-87.270553
71889,Payson Cardlock,SR 260 & SR 87,Payson,AZ,930,3.709,34.2309784,-111.3320703
71916,Spinx 317,US-17 ALT,Moncks Corner,SC,42,3.31233333,33.153376,-80.059224
71909,RACETRAC #2604,I-75 Exit 126,Mcdonough,GA,67,3.199,33.430482,-84.178226
71893,Tropic Fleet Rechtien Cardlock,SR-934,Miami,FL,95,3.471,25.775084,-80.194702
71919,THE SPORTSMAN 2 TRAVEL PLAZA,I-35 EXIT 480,Sanger,TX,630,2.97566666,33.392123,-97.175696
71913,Circle K #4702456,I-69,Martinsville,IN,375,3.599,39.566758,-86.250633
71894,Majors 663 Nacogdoches Truck Plaza,US-259 & US-59,Nacogdoches,TX,618,3.029,31.587581214166,-94.821065211363
71922,Plaza of The Flint Hills,I-70 Exit 32B,Alma,KS,553,3.299,39.067194,-96.287449
71902,MURPHY EXPRESS #8928,FM-1472,Laredo,TX,693,2.84566666,27.5071293,-99.5074957
71931,QUIKTRIP #7071,I-75 & SR-133/401,Valdosta,GA,10,3.03233333,30.845891,-83.33336
71925,QUIKTRIP #7140,"I-24, EXIT 175 & US-41",Chattanooga,TN,285,2.91566666,35.029782,-85.36192
71910,KWIK TRIP #793,"I-35, EXIT 59",Faribault,MN,448,3.424,44.291657,-93.297128
71934,SHEETZ #759,I-71 & SR-734,Jeffersonville,OH,315,3.06566666,39.650531,-83.544717
71929,STUCKEYS TRAVEL CENTER,I-10 & FM-365,Beaumont,TX,610,2.824,29.932935,-94.268108
71912,FUEL CITY WYLIE,SR-78,Wylie,TX,630,2.96566666,33.023682,-96.518882
71935,SPEEDWAY #1695,I-87 EXIT 23,Albany,NY,12,3.849,42.678782,-73.789049
71936,QUIKTRIP #7907,I-44 EXIT 1D,Wichita Falls,TX,770,2.859,33.927341,-98.512819
71914,HUCKS FOOD & Fuel #309,I-169 Exit 8,Hopkinsville,KY,490,3.474,36.865586,-87.488906
71937,KWIK TRIP #1173,CR-10,Waconia,MN,451,3.60733333,44.835896,-93.773853
71942,BYRNE DAIRY #135,I-81 & SR-481,Liverpool,NY,220,4.199,43.142617,-76.18661
71923,SHEETZ #740,US-23  & SR-752,Ashville,OH,315,3.10233333,39.718313,-82.987097
71946,Allsups #102450,US-87,Eden                                    ,TX,739,3.179,31.217045,-99.83757
71943,DK #11823,I-20 & FM-1768,Midland,TX,612,2.98233333,31.997433,-102.078043
71924,JIFFY,I-80 Exit 60,Shippenville                            ,PA,240,4.13233333,41.197623,-79.425794
71947,PETRO USA,I-76 EXIT 2 & SR-3,Seville                                 ,OH,305,3.079,41.032238,-81.863779
71945,DK #13904,I-40 EXIT 233 & SR-261,Palestine,AR,695,3.01566666,34.9690302,-90.9065903
71926,QUIKTRIP #186,SR-150,Grandview,MO,400,3.199,38.857394,-94.524702
71950,77/36 DUCHESS,I-77 & US-36,Newcomerstown,OH,542,3.299,40.2874416,-81.561778
71949,24 STORE SHELBY,SR-61,Shelby,OH,249,3.499,40.895523,-82.662198
71927,Allsups Convenience #2420,US 283,Altus,OK,770,2.979,34.65699,-99.334514
71932,MCCLURE OIL #60,US 35,Logansport,IN,370,3.799,40.757469,-86.317259
71933,RHODES CONVENIENCE STORES,US-62,Sikeston                                ,MO,275,3.35066666,36.86422,-89.583368
71941,RACETRAC #2628,I-85 EXIT 62 & US-280,Opelika,AL,50,2.999,32.643081,-85.349558
71944,DK #13903,SR-108,Texarkana,AR,635,3.04066666,33.430336,-94.038937
71948,19 AND 75 FILLING STATION,US-75 & SR-19,Ivanhoe                                 ,MN,432,3.394,44.459018,-96.261155
71953,ALEX'S TRUCK STOP,US-61,Tunica,MS,435,3.299,34.736085,-90.361564
71957,B&M Quickstop,SR-8,Mineral Point                           ,MO,540,3.699,37.914506,-90.715935
71958,BELL STORES,I-77 & CR-80,Dover,OH,249,3.399,40.550162,-81.498893
71960,BELL STORES #1159,US-30 & CR-144,Wooster,OH,249,3.659,40.811988,-81.844996
71961,BELL STORES #54,US-250 & SR-241,Mount Eaton,OH,249,3.499,40.693966,-81.701795
71962,BELLSTORES,SR-598,Galion,OH,315,3.499,40.746527,-82.799579
71965,CIRCLE K #2709989,US-167 & CR-405,Sheridan,AR,695,3.599,34.343521,-92.394513
71966,BLACK DIAMOND TRAVEL CENTER,I-26 & SR-173,Unicoi,TN,405,3.40233333,36.207029,-82.35184
71967,BLOC STOP TRAVEL CENTER,US-19 & SR-133,ALBANY,GA,10,3.799,31.541078,-84.110319
71968,BLONDIES FOOD AND FUEL,US-90 & SR-69,Grand Ridge                             ,FL,20,3.59066666,30.718605,-85.019667
71951,7-ELEVEN #39448,I-81 & SR-682,Mount Crawford,VA,185,3.31566666,38.35668736974,-78.941908109235
71969,BORDERVIEW GROCERY,US-11 & CR-19,Champlain,NY,39,3.799,44.978723,-73.45148
71970,BLUE BIRD 3 EXPRESS,"US-78, EXIT 1",Olive Branch,MS,435,3.199,34.973269192489,-89.869739213544
71980,KENT KWIK #433,US-87,San Angelo,TX,739,3.13233333,31.414861,-100.474934
71971,BOUND BROOK BP,I-287 Exit 13B & SR-28,Bound Brook                             ,NJ,202,3.249,40.565217,-74.547685
71972,BOWMAN,I-81 Exit 1,Williamsport,MD,22,3.83233333,39.629947,-77.78481
71983,MAVERIK COUNTRY STORE #702,I-80 Exit 59,Sidney,NE,475,3.11233333,41.1447037,-102.9817623
71981,SHEETZ #488,US-13 & US-264,Greenville                              ,NC,205,2.899,35.656308,-77.365266
71984,BP,I-43 & SR-11,Elkhorn,WI,420,3.149,42.692309,-88.500127
71973,SHEETZ #703,I-40 & US-70,Garner,NC,177,2.859,35.698057,-78.585577
71982,MAVERIK COUNTRY STORE #665,SR-201,Magna,UT,835,3.399,41.799908,-111.832766
71975,BP,I-81 & SR-177,Christiansburg,VA,185,3.799,37.134015,-80.412972
71985,Brew #12,US-20 & SR-31,Correctionville,IA,527,3.559,42.481823,-95.785197
71991,TA Express Fairview #943,US 36,Fairview,KS,570,3.299,38.891529,-94.828777
71992,7-ELEVEN #41263,US-13,Bridgeville,DE,243,3.399,38.700201,-75.589877
71988,C AND W GLOBAL,SR-429 & SR-438,Winter Garden                           ,FL,140,3.074,28.577227,-81.569679
71997,7-ELEVEN #41287,SR-29,Immokalee,FL,64,3.679,26.418630777673,-81.429899687185
71994,7-ELEVEN #42058,SR-572,Lakeland,FL,225,3.48233333,28.047304,-81.907367
71990,Allsups #2418,US-84,Snyder,TX,612,2.97233333,32.740722,-100.91768
71999,7-ELEVEN #41813,"I-85, EXIT 60",Duncan,SC,46,3.099,34.932362677032,-82.215881292809
71976,Loves Travel Stop #828,"I-295, EXIT 33",Jacksonville,FL,75,3.28233333,30.5163245,-81.6328643
71995,Chevron,"I-40, EXIT 218 & US-285",Clines Corners                          ,NM,593,3.41566666,35.009064,-105.668913
71977,BP,SR-47,Sugar Grove                             ,IL,296,3.599,41.727448,-88.442882
71996,BP,"I-43, EXIT 164 & CR-Z",Maribel,WI,360,3.249,44.277071,-87.786226
72000,7-ELEVEN #41309,US-41,Nokomis,FL,225,3.379,27.138226,-82.400276
72006,CIRCLE K #4707123,SR-2,Canaan,ME,26,3.759,44.76152,-69.564942
72001,7-Eleven #41963,"I-65, EXIT 98",Goodlettsville,TN,460,3.049,36.322705755639,-86.713257447054
72004,7-ELEVEN #41578,US-13,Seaford,DE,243,3.359,38.654343,-75.593533
72008,CASHS #4469,US-278 & US-63,Warren,AR,635,3.499,33.546719143907,-92.067066815634
72003,7-ELEVEN #42012,"I-77, EXIT 24 & US-21",Blythewood,SC,210,3.109,34.355279094228,-81.08038062652
72016,Cefco #11,US-84,Waco,TX,765,2.99566666,31.600656,-97.086545
72009,CEFCO #1059,SR-274,Kemp,TX,641,2.909,32.433364,-96.223234
71978,BP,I-29 & US-34,Pacific Junction,IA,319,3.399,41.045928,-95.824808
72018,CEFCO #2071,US-377 & FM-381,Early,TX,739,2.92566666,31.73448,-98.966897
72012,CEFCO #108,US-77,Waco,TX,765,2.99233333,31.600656,-97.086545
72011,CEFCO #107,US 190,Lampasas,TX,595,2.899,31.064268,-98.16187
72021,CEFCO #30,US-77 & SR-320,Lott,TX,765,3.011,31.204334,-97.036564
72014,CEFCO #1086,US-259,Longview,TX,766,2.959,32.451754,-94.708858
72013,CEFCO #1081,US-59,Queen City,TX,723,3.024,33.144481,-94.15988
72026,CENEX,"I-94, EXIT 84 & SR-8",Richardton,ND,273,3.509,46.874629,-102.308124
72015,CEFCO #1096,US-82,Paris,TX,723,2.96566666,33.630257,-95.561151
71979,KENT KWIK #219,SR-338,Odessa,TX,710,3.00733333,31.843452,-102.38989
72029,CENEX,SR-40,Tioga                                   ,ND,452,3.57566666,48.389092,-102.928354
72024,CENEX,US-2 ,Stanley                                 ,ND,452,3.58233333,48.305391,-102.38508
72017,CEFCO #1102,SR-24 & SR-286,Paris,TX,723,2.96566666,33.630257,-95.561151
72030,CENEX,I-90 & SR-51,Gillette                                ,WY,822,3.489,44.27599,-105.447754
72025,CENEX,US-2 ,Devils Lake                             ,ND,355,3.24066666,48.098357,-98.835488
72019,CEFCO #2081,US-84,Post,TX,700,2.94233333,30.617844,-98.265641
72031,CENEX HARWOOD,"I-29/US-81, EXIT 72",Harwood,ND,341,3.359,46.976946,-96.881081
72028,CENEX,US-52 & SR-15,Fessenden                               ,ND,390,3.531,47.644437,-99.634286
72020,CEFCO #2082,SR-206 & SR-36,Cross Plains,TX,575,3.159,32.12095,-99.166277
72033,CHARLIE BS,SR-246,Greenwood                               ,SC,30,2.987,34.220806,-82.039185
72046,CHEVRON DBA ONE9 #1429,US-30 & US-95,Fruitland                               ,ID,785,3.349,43.974246,-116.912811
72022,CEFCO #65,US-84 & FM-116,Gatesville,TX,765,2.96566666,31.432141,-97.782159
72034,CHARLIES MARKET,SR-172,Salt Lake City,UT,835,3.459,40.750165,-111.887487
72063,CIRCLE K #2655785,US-301,Upper Marlboro,MD,60,3.999,38.841872,-76.728138
72038,CHEVRON,I-55 & SR-570,McComb                                  ,MS,759,3.28233333,31.260003,-90.480745
72039,CHEVRON,SR-20 & SR-65,Hosford,FL,145,3.299,30.390418,-84.797611
72072,PARKERS #92,SR 17,Guyton,GA,195,2.999,32.704183,-81.814099
72044,Maverik Country Store #709,I-40 Exit 163,Williams,AZ,930,3.219,35.251054,-112.188636
72041,CHEVRON,SR-20 & SR-71,Blountstown                             ,FL,145,3.299,30.443302,-85.058022
72046,CHEVRON,US-30 & US-95,Fruitland                               ,ID,785,3.39233333,43.974246,-116.912811
72045,MAVERIK COUNTRY STORE #710,US-6,Helper,UT,835,3.44566666,41.799908,-111.832766
72073,CIRCLE K #2723791,I-85 & SR-54,Graham,NC,65,3.609,36.061768,-79.382696
72054,CHEVRON,US-45,Guntown,MS,742,3.299,34.438455,-88.676186
72081,STRIPES #2146,US-181 & SR-361,Ingleside                               ,TX,625,3.299,27.875628,-97.211529
72075,CITGO SAMS FOOD STORE,"US-5, Exit 87",Hartford                                ,CT,100,3.499,41.736734,-72.628671
72060,CHEVRON FOOD MART #20,US-45 & SR-16,Scooba,MS,705,3.199,32.830135,-88.463124
72082,COUNTRYMARK,SR-124,Bluffton                                ,IN,370,3.76566666,40.738702,-85.171491
72066,CIRCLE K #2741094,SR-46 ,Seguin,TX,740,2.959,29.582445,-97.993247
72084,DANDY MINI MART #60,US-6 & SR-14,Troy,PA,31,3.999,41.791194,-76.775313
72087,DELTA,US-9,Jersey City                             ,NJ,115,3.239,40.758184,-74.053346
72067,CIRCLE K #2741822,US-90 & FM-471,Castroville,TX,740,2.91233333,29.354541,-98.85356
72086,DELT EXPRESS,SR-52,SAMSON,AL,127,3.699,31.112599,-86.046248
72089,CASEYS #4567,SR-55,Columbia,KY,410,3.159,37.104585559622,-85.322907813215
72071,7-Eleven #42182,Ashley Phosphate Rd & Cross Country Rd,North Charleston,SC,42,3.459,32.913994884794,-79.970329882221
72090,DOMINO #128,US-81 & SR-66,El Reno,OK,483,3.199,35.513369416783,-97.971379039987
72074,CIRCLE K #2741566,US-84 & FM-2837,Woodway                                 ,TX,765,2.999,31.488127578561,-97.282165947655
72091,DUCK THRU FOOD STORE #54,US-64,Columbia,NC,470,3.523,35.919371,-76.239372
72101,EXXON,US-24,Redford                                 ,MI,325,3.699,42.427482,-83.313477
72077,COLDWATER TRAVEL CENTER,I-55 & SR-306,Coldwater,MS,435,3.099,34.70046,-89.967677
72092,DUCK THRU FOOD STORE #57,SR-42/SR-43,Pinetops,NC,205,3.574,35.789243,-77.633675
72105,LOVES TRAVEL STOP #171,SR-375 & SR-31,McAlester,OK,560,3.43733333,34.907895,-95.825576
72078,STRIPES #42150,"I-69C, Exit 9 & US-281",Edinburg,TX,598,3.00566666,26.307787,-98.211695
72097,EXPRESSWAY SERVICE STATION,US-287 & SR-25,Electra,TX,770,2.999,34.043072,-98.918147
72111,FAST STOP,"I-40, Exit 81 & FM-1912",Amarillo,TX,585,2.944,35.207009,-101.832013
72080,Corner Store,US-180/62,Seminole,TX,710,3.129,32.71797,-102.646285
72106,Loves Country Store #118,US-77 & SR-29,Wynnewood,OK,569,2.989,34.641696,-97.173389
72112,Flyers #3219,US-60,Claypool,AZ,930,3.849,33.4106394,-110.8429888
72083,DANDY DANS,US-49/SR-42,Hattiesburg                             ,MS,620,3.06566666,31.303313,-89.331451
72110,FAST STOP,US-84 & CR-1800,Lubbock,TX,700,2.999,33.5836884,-101.8549534
72096,EXPRESS #29,SR-29,East Dublin                             ,GA,85,3.63233333,32.549536,-82.878401
72114,Gas  House,"I-77, Exit 49B",Statesville,NC,46,3.424,35.769944,-80.855657
72100,Exxon,"I-22/US-78, Exit 10 &  SR-178",Byhalia                                 ,MS,435,3.199,34.786475,-89.686446
72116,FRIENDSHIP FOOD MART #90,I-90 & SR-57,Elyria,OH,305,3.779,41.410484,-82.11887
72104,LOVES TRAVEL STOP #170,I-44 EXIT 166 & SR-18,CHANDLER,OK,483,3.08733333,35.727095,-96.835131
72118,GAS N WASH,I-355 & SR-7,HOMER GLEN,IL,296,3.599,41.59917,-88.006517
72108,FARMERS UNION OIL OF CARPIO,US-52 & SR-28,Carpio                                  ,ND,452,3.384,48.44712,-101.724245
72119,Gas N Wash Cicero,SR-50,Berwyn,IL,291,3.599,41.822625,-87.744233
72118,GAS N WASH,I-355 & SR-7,HOMER GLEN,IL,296,3.599,41.59917,-88.006517
72113,Food N Fuel,US-6 & CR-4,New Lenox                               ,IL,296,3.399,41.549263,-87.966386
72119,Gas N Wash Cicero,SR-50,Berwyn,IL,291,3.569,41.822625,-87.744233
72118,GAS N WASH,I-355 & SR-7,HOMER GLEN,IL,296,3.599,41.59917,-88.006517
72113,Food N Fuel,US-6 & CR-4,New Lenox                               ,IL,296,3.499,41.549263,-87.966386
72118,GAS N WASH,I-355 & SR-7,HOMER GLEN,IL,296,3.599,41.59917,-88.006517
72115,FRIENDSHIP FOOD & FUEL,SR-15 & CR-244,Ecru                                    ,MS,576,3.799,34.32245,-89.038378
72122,KWIK TRIP #1115,US-63 & US-8,Turtle Lake,WI,295,3.65566666,45.39522,-92.161606
72118,GAS N WASH,I-355 & SR-7,HOMER GLEN,IL,296,3.599,41.59917,-88.006517
72134,Gulf,US-422 & SR-528/168,Parkman,OH,573,3.649,41.370849,-81.063038
72125,GETGO #7520,I-65 & US-31,Edinburgh,IN,375,3.359,39.354301,-85.966579
72118,GAS N WASH,I-355 & SR-7,HOMER GLEN,IL,296,3.599,41.59917,-88.006517
72128,GETGO #7545,I-65 & SR-400,Whitestown,IN,375,3.30233333,39.981735,-86.384987
72143,Caseys #4023,US 36 & US 183,Phillipsburg                            ,KS,357,3.29233333,39.755887,-99.321747
72120,GAS PRO TRAVEL CENTER,US-301/25,Statesboro,GA,195,3.129,32.3878,-81.831455
72130,GILBERTS SHELL,SR-72 & CR-59,Gilberts,IL,290,3.279,33.335808,-111.789517
72124,GET GO #3016,I-376 & SR-18,Monaca,PA,96,5.499,40.670205,-80.31471
72136,HANA TRAVEL CENTER,"I-30, EXIT 153 & SR-185",Winfield,TX,723,3.079,33.161827,-95.111435
72126,GETGO #7526,I-69 & SR-332,Yorktown,IN,457,3.343,40.218538,-85.556522
72139,HOLMES EXPRESS,US-78 & SR-175,Memphis,TN,435,3.399,35.11873861599,-89.953084098755
72132,GO TIME 4,I-64 Exit 94 & SR-1958,Winchester,KY,410,2.90733333,38.013165,-84.208341
72154,JET FOOD STORE #93,US-280 & SR-135,Vidalia,GA,195,3.43233333,32.21108,-82.464136
72144,HUCKS FOOD & FUEL #397,US-68 & SR-432,Bowling Green,KY,487,3.499,37.002405,-86.443486
72142,CASEYS #3990,"I-90E, exit 96 and SR-17",Elkhart,IN,465,3.629,41.687381,-85.973536
72155,JIFFY TRIP #142,US-77,Newkirk                                 ,OK,500,3.059,36.875408,-97.056293
72145,JP ZEBULON,US-19,Zebulon,GA,67,3.135,33.113708,-84.341711
72156,JORDANS KWIK STOP #5,US-412,Portia,AR,418,3.37566666,36.084304,-91.063414
72157,JORDANS KWIK STOP #52,US-67 & SR-304,Pocahontas,AR,418,3.31233333,36.246345,-90.957422
72146,HUTTER'S,SR-72,Jonestown                               ,PA,70,3.719,40.412433,-76.49672
72160,KENJO MARKET #52,US-321,Maryville,TN,405,3.249,35.755632,-83.93308
72170,STRIPES # 41977,"I-2, EXIT 168",La Feria,TX,639,3.219,26.16644,-97.82377
72148,IRON HORSE TRAVEL CENTER,I-20 EXIT 270 & FM-1235,Merkel,TX,575,2.87566666,32.467629,-99.988103
72162,Krazy K's,US-45,Buckatunna                              ,MS,620,3.149,31.553256,-88.530931
72149,IVOR MART,US-460,Hopewell,VA,180,3.699,37.300331591488,-77.318748491371
72163,KWIK FILL,US-206,Hillsborough,NJ,115,3.399,40.504569,-74.67298
72185,Circle K #2709332,US-231/SR-53,Montgomery,AL,720,3.259,32.382169,-86.245567
72150,J AND R MARKET,SR-105 & SR-326,Sour Lake                               ,TX,610,3.159,30.133378,-94.403504
72171,LAWTEY SHELL SERVICE,US-301 ,Lawtey                                  ,FL,75,3.599,30.055581,-82.068337
72188,MARATHON,US-61 & SR-637,Reserve,LA,623,3.749,30.076938,-90.588768
72153,Jet Food Store,SR-15 & SR-46,Soperton,GA,85,3.41566666,32.3792,-82.591139
72175,ALLSUPS #2410,"I-35/US-77, EXIT 368 & SR-22",Whitney,TX,765,2.96566666,31.938204,-97.317849
72190,Minuteman Food Mart #37,US-74,Leland,NC,245,3.389,34.258355,-78.064602
72189,MARATHON,I-75 & CR-20,Middletown,OH,317,3.21566666,39.520118,-84.383717
72180,LITTLEFIELD EXPRESS #4,I-40 Exit 321,Muldrow                                 ,OK,645,3.419,35.394629,-94.598803
72192,MASSEY FUEL,"I-95, EXIT 30",Bridgeport,CT,100,3.399,41.179195,-73.189476
72193,MERRIMAN COUNTRY STORE,SR-1 & CR-3700,Allen                                   ,OK,569,3.099,34.884113,-96.423134
72181,LITTLEFIELD EXPRESS #7,US-167,Cave City,AR,418,3.349,35.919032,-91.549343
72196,MORGAN OIL,US-224 & CR-231,Lowellville,OH,573,3.399,41.023659,-80.520274
72195,MOBIL,US-46,Columbia,NJ,90,3.079,42.772113,-73.713888
72182,LULING MINI MART,I-10 Exit 628 & SR-80,Luling                                  ,TX,595,2.96566666,29.652967,-97.660019
72199,MPC #99A,I-270 Exit 22B,Hazelwood,MO,540,3.059,38.785254,-90.390119
72197,MOTOMART #3369,SR-370 E,Saint Charles                           ,MO,540,3.04233333,38.827296,-90.517349
72184,MACS 33,US-49,Florence,MS,620,2.899,32.153611,-90.126592
72199,ZX,I-270 Exit 22B,Hazelwood,MO,540,3.059,38.765102,-90.391412
72201,MUDD CREEK COUNTRY STORE,US-79,Franklin                                ,TX,670,3.194,31.010785,-96.510816
72191,MARATHON RIVERSIDE GAS,I-80 & CR-6,Elkhart,IN,465,3.499,41.6898953,-85.9831823
72202,MUSTANG MARKET,I-80 Exit 73,Sparks                                  ,NV,966,4.199,39.520272,-119.626073
72206,NORTHLAKE BP,I-294 & US-45,Melrose Park,IL,290,3.599,41.907925580968,-87.886248402848
72194,Mobil,I-57,Riverdale,IL,365,3.699,41.677268,-87.662977
72206,NORTHLAKE BP,I-294 & US-45,Melrose Park,IL,290,3.699,41.907925580968,-87.886248402848
72207,NZT,I-294,Alsip                                   ,IL,365,3.389,41.669173,-87.73154
72200,Swift Mart,I-55/SR-7 & US-51,Grenada                                 ,MS,655,3.36566666,33.816464,-89.83402
72210,CITGO,US-70,Princeton                               ,NC,205,3.699,35.456036,-78.138202
72213,PETRO-CANADA,Hwy 89 & Hwy 400,Cookstown,ON,720,4.09933844,44.189078,-79.700451
72205,NIC'S,SR-97,Bainbridge,GA,20,3.379,30.905154,-84.575579
72213,PETRO-CANADA,Hwy 89 & Hwy 400,Cookstown,ON,720,4.00646558,44.189078,-79.700451
72213,PETRO-CANADA,Hwy 89 & Hwy 400,Cookstown,ON,720,3.8132543,44.189078,-79.700451
72207,NZT,I-294,Alsip                                   ,IL,365,3.589,41.669173,-87.73154
72213,PETRO-CANADA,Hwy 89 & Hwy 400,Cookstown,ON,720,3.98155204,44.189078,-79.700451
72213,PETRO-CANADA,Hwy 89 & Hwy 400,Cookstown,ON,720,3.72886824,44.189078,-79.700451
72212,PARKERS #72,US-52 & SR- 402,Moncks Corner,SC,42,3.25566666,33.194788,-80.010346
72217,PIEDMONT PETROLEUM,US-501,Lynchburg,VA,185,3.459,37.372983,-79.218716
72213,PETRO-CANADA,Hwy 89 & Hwy 400,Cookstown,ON,720,3.84875514,44.189078,-79.700451
72215,PIT STOP #1,SR-31 & SR-34,Weedsport                               ,NY,220,3.899,43.055052,-76.557435
72219,QUICK FILL,US-78/SR-4,Eastaboga                               ,AL,587,3.099,33.603539,-85.99922
72216,Pit Stop #14,US-20/US-16,Worland,WY,836,3.829,44.0168312,-107.9557861
72227,RED BANKS VALERO,I-22 & SR-178,Red Banks,MS,435,2.999,34.821450269423,-89.564595040662
72224,RAYMOND TRUCK STOP,US-1/US-9,Newark,NJ,115,3.259,40.740339638253,-74.180418120697
72222,RAINY LAKE OIL,CR-332 & CR-24,International Falls,MN,334,3.379,48.592296,-93.382462
72228,REFUEL #1043,US-15,Sumter,SC,42,3.09566666,33.9302673,-80.3674807
72226,REBEL GAS MART,SR-7,Oxford,MS,435,3.049,34.281878,-89.519581
72225,SHEETZ #144,US-220 & SR-55,Moorefield,WV,60,3.289,39.077047,-78.966171
72235,ROC ONE STOP #1,SR-34,Galatia,IL,473,3.559,37.84094,-88.6093
72232,RICKY ROCKETS FUEL,I-294 & US-12,HICKORY HILLS,IL,291,3.999,41.717976,-87.81092
72229,REFUEL #1047,US-521,Sumter,SC,42,3.00566666,33.966767,-80.384763
72236,ROYAL FARMS #108,US-13,Cape Charles,VA,130,3.47233333,37.180789,-75.969526
72230,REFUEL #1116,US-64,Apex,NC,177,3.799,35.73726,-79.00095
72243,Racetrac #2611,"I-65, EXIT 116",Shepherdsville,KY,415,2.959,37.971523,-85.685583
72237,ROYAL FARMS #135,SR-404 & SR-16,Denton                                  ,MD,194,3.339,38.849849,-75.814845
72231,RENO JUNCTION TRAVEL PLAZA,SR-59 & SR-387,Wright,WY,822,3.509,43.761531,-105.474653
72248,SHELBY EXPRESS,SR-175,Memphis,TN,435,3.699,35.020995,-89.879357
72240,ROYAL FARMS #191,I-83 Exit 20A,Hunt Valley,MD,22,4.199,39.4895558,-76.6571741
72232,RICKY ROCKETS FUEL,I-294 & US-12,HICKORY HILLS,IL,291,3.899,41.717976,-87.81092
72241,ROYAL FARMS #242,I-95 Exit 27,Philadelphia,PA,160,3.799,40.002471,-75.081243
72233,ROAD RANGER #284,I-27 & FM-1729,New Deal,TX,700,2.98566666,33.737028,-101.843396
72259,SHELL,SR-72 & SR-25,Dundee,IL,293,3.279,42.088979,-88.244971
72250,RACEWAY #6854,US-278 & SR-113,Rockmart                                ,GA,18,3.17233333,34.009261,-85.029595
72238,ROYAL FARMS #169,I-895 & US-40,Baltimore                               ,MD,22,3.259,39.3029186,-76.5435529
72251,SHELL,I-94 & US-12,Detroit,MI,325,3.899,42.365182,-83.076649
72261,SHELL,US-45 & CR-520,Shannon,MS,742,3.199,34.152232,-88.704152
72239,ROYAL FARMS #171,US-13 & SR-24,Laurel                                  ,DE,194,3.259,38.554657,-75.5557038
72260,Duck Thru #58,US-13 & CR-677,Suffolk,VA,130,3.449,36.596181,-76.676209
72262,7-ELEVEN #38855,"I-95, exit 58",Colonial Heights,VA,180,3.509,37.307614,-77.401394
72242,ROYAL FARMS #311,SR-7 & SR-43,Nottingham,MD,22,3.269,39.365389,-76.519404
72264,CIRCLE K #2654249,SR 24 & SR 286,Paris,TX,723,2.959,33.632282,-95.558411
72263,SPARTAN FUELS,US-80 & SR-22,Columbus,GA,50,3.309,32.466682,-84.990405
72247,SEVEN MART,I-20 & SR-17,Delhi,LA,719,3.199,32.446393,-91.493356
72276,STAR 001,US-20 & SR-23,SOUTH BEND,IN,465,3.73233333,41.644343,-86.293476
72267,SHELL SERVICE STATION,I-90 Exit 52,Elgin                                   ,IL,290,3.279,41.946386,-87.70746
72251,SHELL,I-94 & US-12,Detroit,MI,325,3.699,42.365182,-83.076649
72278,SUN DO,I-74 Exit 197,Maxton                                  ,NC,63,3.439,34.775517,-79.32601
72273,SPINX #341,SR-41,Charleston,SC,42,3.33233333,32.931104,-79.819768
72256,SHELL,US-1,Warren                                  ,ME,203,3.999,44.112161,-69.254454
72279,AMOCO,US-30,Clarence,IA,380,3.399,41.8869497,-91.0546882
72274,SPINX #366,SR-642,Summerville,SC,42,3.279,33.08428,-80.205694
72257, DUCK THRU #55,US-13BYP & SR-308,Windsor,NC,205,3.239,36.016821,-76.955245
72277,STOP N GAS,SR-15 & SR-39,Yorkshire                               ,NY,38,4.099,42.530173,-78.472591
72266,SHELL SERVICE STATION,I-65 Exit 14 & US-64,Pulaski                                 ,TN,655,3.209,35.395179,-86.396308
72291,Union 76,US-129,Mc Alpin,FL,75,3.659,30.138896,-82.951729
72282,SUNOCO,I-278 Exit 48,Bronx,NY,105,4.539,40.868103,-73.858788
72268,SHORT STOP,US-67/283,Santa Anna,TX,575,3.499,31.742197,-99.331349
72294,SWANTON SUNOCO,I-89 & SR-78,Swanton                                 ,VT,39,3.539,44.9194283,-73.12527
72285,CUSSETA TRAVEL CENTER,SR 520,Cusseta,GA,50,3.199,32.306112,-84.777097
72281,SUNOCO,I-95 Exit 77B & SR-24,Edgewood,MD,22,3.299,39.424615,-76.312403
72295,SWIFT,US-69,Nederland,TX,610,2.98566666,29.963772,-93.999412
72287,CASEY'S #4522,US-81,Hennessey,OK,483,3.059,36.109312,-97.897569
72288,S&G #88,I-475 Exit 13 & US-20,Toledo,OH,550,3.009,41.674954440974,-84.327511541562
72302,TEXACO,SR-114 & SR-156,Pennington,AL,705,3.19733333,32.200344,-88.054574
72293,SUNSTOP INLAND DBA ONE9 #1402,I-10 & SR-71,Marianna                                ,FL,20,3.299,30.775533,-85.239053
72289,SUNOCO,SR-12 & FM-1136,Orange,TX,610,2.899,30.22133,-93.882206
72305,THE ANCHOR,US-60 & CR-3500,Mountain View                           ,MO,535,3.03233333,37.001242,-91.683247
72293,ONE9 #1402,I-10 & SR-71,Marianna                                ,FL,20,3.299,30.775533,-85.239053
72290,SUNSTOP,US-19,Thomasville,GA,20,3.28233333,30.871143,-83.955336
72310,RACETRAC #2387,US-19,Hudson,FL,225,3.31566666,28.398507,-82.65979
72296,SWIFT STOP #5,US-84 & US-380,Post,TX,700,2.943,33.191477,-101.380913
72292,SUNSTOP #336,SR-121 & CR-18,Lake Butler,FL,75,3.59233333,30.024887,-82.34886
72313,THOMPSON'S CORNER,US-25,Millen                                  ,GA,135,3.31566666,32.809585,-81.949116
72303,TEXACO #378602,I-59 Exit 85 & SR-590,Ellisville,MS,620,3.199,31.585463,-89.240749
72297,T & M FOOD STORE,SR-113,Taylorsville                            ,GA,193,3.367,34.101933,-84.927192
72314,THORNTONS #0333,SR-59 & SR-56,Warrenville,IL,346,3.549,41.815163,-88.205936
72314,THORNTONS #0333,SR-59 & SR-56,Warrenville,IL,346,3.599,41.815163,-88.205936
72298,TARZAN AND JANE,I-20 & SR-137,Stanton,TX,612,3.299,32.139078,-101.80717
72315,THORNTONS #221343,US-14 & SR-31,Crystal Lake,IL,293,3.449,42.21507,-88.287547
72315,THORNTONS #221343,US-14 & SR-31,Crystal Lake,IL,293,3.499,42.21507,-88.287547
72308,Racetrac #2609,SR-60,Okeechobee,FL,140,3.299,27.245533,-80.819052
72321,Thorntons #617,I-24 Exit 64,La Vergne,TN,460,2.88233333,35.992302,-86.596235
72316,THORNTONS #221344,SR-120,Mchenry,IL,297,3.649,42.328101,-88.197989
72309,Racetrac #2608,"I-59, EXIT 181 & SR-77",Gadsden,AL,587,2.999,33.996292,-86.081954
72317,THORNTONS #261169,SR-1747 & SR-2052,Louisville,KY,415,3.28066666,38.225314,-85.577427
72326,CIRCLE K #4700101,I-65 Exit 50,Seymour,IN,375,3.499,38.958641,-85.880807
72316,THORNTONS #221344,SR-120,Mchenry,IL,297,3.699,42.328101,-88.197989
72318,THORNTONS #330,I-55 & SR-50,Cicero,IL,290,3.549,41.8276379,-87.7425014
72328,Tropic Fleet Hialeah Cardlock,SR-953 & SR-934,Miami                                   ,FL,95,3.479,25.775084,-80.194702
72318,THORNTONS #330,I-55 & SR-50,Cicero,IL,290,3.599,41.8276379,-87.7425014
72319,THORNTONS #5,I-55 & SR-50,Cicero,IL,290,3.599,41.8276379,-87.7425014
72329,TROTTERS,SR-2 ,Broken Bow                              ,NE,475,3.299,41.401756,-99.639393
72325,TREX MART #17,I-29 & SR-371,Platte City,MO,400,2.999,39.384312,-94.791387
72320,THORNTONS #616,SR-265,Lebanon,TN,460,2.87566666,36.132646,-86.402723
72330,TRUE NORTH #325,SR-57 & SR-113,Elyria,OH,414,3.679,41.385006,-82.11634
72332,TXB #82 DBA KWIK CHEK FOOD STORES,US-83,Asherton,TX,693,3.259,28.442935,-99.758757
72319,THORNTONS #5,I-55 & SR-50,Cicero,IL,290,3.649,41.8276379,-87.7425014
72333,UNITED MARKET,US-84,Blackshear,GA,75,3.76566666,31.321729,-82.218552
72331,TUPELO TRAVEL STOP,SR-48 & SR-3,Tupelo,OK,569,2.999,34.60791,-96.423883
72324,TREE CITY TRAVEL PLAZA,US-421,Greensburg,IN,375,3.989,39.353879,-85.507583
72337,VALLEY COUNTRY STORE,I-84 & US-93,Jerome,ID,787,3.43233333,42.650693,-114.445606
72335,VALERO,US-30 & SR-598,Galion,OH,411,3.499,40.759092,-82.795447
72339,VP RACING FUEL,US-231 ,Panama City,FL,145,3.499,30.201757,-85.649064
72344,WOW FOOD MART,I-75 & US-25,Richmond,KY,410,3.609,37.747764,-84.29509
72338,VALLEY MART #05,US-90 & SR-173,Hondo                                   ,TX,740,3.199,28.90064,-99.115291
72340,WARREN OIL,US-6,Channahon                               ,IL,399,3.779,41.469387,-88.176059
72345,YAKAMART,US-97,Toppenish                               ,WA,925,3.509,46.37633,-120.33295
72348,7-ELEVEN #34718,"I-294, EXIT 25",Hinsdale,IL,290,3.719,41.783081,-87.906742
72340,WARREN OIL,US-6,Channahon                               ,IL,399,3.629,41.469387,-88.176059
72346,Y-NOT STOP,US-165 & SR-10,Oakdale,LA,730,3.699,30.811817,-92.666901
72349,7-ELEVEN #34713,"I-90, EXIT 24",Belvidere,IL,290,3.659,42.234482,-88.83403
72343,WOLF DEN,US-97,Wapato,WA,925,3.409,46.448483,-120.431354
72347,MARATHON,I-94 Exit 121,Albion,MI,431,3.699,42.25847,-84.756732
72349,7-ELEVEN #34713,"I-90, EXIT 24",Belvidere,IL,290,3.739,42.234482,-88.83403
72348,7-ELEVEN #34718,"I-294, EXIT 25",Hinsdale,IL,290,3.839,41.783081,-87.906742
72342,WHITE RIVER,US-231 & SR-58,Bloomfield,IN,546,3.759,39.048805405672,-86.72915346931
72350,7-ELEVEN #34709,504 N CREGO RD,Dekalb,IL,290,4.439,41.926865636466,-88.74084897993
72348,7-ELEVEN #34718,"I-294, EXIT 25",Hinsdale,IL,290,3.739,41.783081,-87.906742
72360,PUMP & PANTRY #22,SR-91 & SR-11,Burwell,NE,330,3.299,41.77706,-99.12622
72352,LOVES TRAVEL STOP #858,"I-49, EXIT 172 & US-84",Mansfield,LA,745,3.24566666,32.0646,-93.5685
72349,7-ELEVEN #34713,"I-90, EXIT 24",Belvidere,IL,290,3.879,42.234482,-88.83403
72361,PUMP & PANTRY #39,I-80 Exit 179 & SR-56G,North Platte,NE,330,3.11566666,41.108024,-100.726278
72351,LOVES TRAVEL STOP #874,"I-65, EXIT 175 & SR-25",Lafayette,IN,365,3.67233333,40.4523,-86.849976
72362,PUMP & PANTRY #18,US-281 & CR-11,Doniphan,NE,330,3.30733333,40.770408,-98.377442
72363,PUMP & PANTRY #1,US-30,Grand Island,NE,330,3.30733333,40.911546,-98.377977
72368,CHEVRON #352416,I-8 Exit 73,Jacumba,CA,900,6.399,32.63504,-116.166152
72373,Rusty Lantern,SR-4 ,Turner                                  ,ME,170,3.899,44.25101,-70.259048
72372,Eastland Truck Stop,I-20 Exit 340 & SR-6,Eastland                                ,TX,575,2.93233333,32.396418,-98.829766
72374,Rusty Lantern,SR-26 & SR-219,West Paris                              ,ME,170,3.96566666,44.329692,-70.554904
72376,SUNOCO,US 84 & SR 39,Donalsonville,GA,20,3.499,31.040655,-84.878916
72378,EB SUNOCO,SR-3 & SR-28,Muncie,IN,457,3.799,40.277566,-85.368925
72380,EXXPRESS MART #12,US-287 & SR-421,Lumberton                               ,TX,610,2.959,30.271394,-94.226157
72396,RACETRAC #2624,US-1,Marathon                                ,FL,95,3.23566666,24.713021,-81.089099
72382,EXXPRESS MART #4,SR-105,Beaumont,TX,610,3.199,30.034998,-94.099138
72387,Williams Fuel Stop,SR-7 & SR-735,Gallipolis,OH,255,3.54066666,38.846324,-82.147179
72402,HAN DEE HUGOS #5,SR-410 & SR-211,Bladenboro                              ,NC,63,3.20566666,34.551173,-78.785048
72385,GAS N WASH,I-57 & SR-17,Kankakee                                ,IL,399,3.599,41.120232,-87.867172
72390,QUIKTRIP #46,US 169 & SR 266,Tulsa,OK,560,3.14233333,36.2194,-95.838379
72389,PILOT #1354,US 385,Odessa,TX,710,3.56566666,31.778176,-102.368939
72391,QUIKTRIP #56,US-169 & SR-11,Tulsa,OK,560,3.14233333,36.164008,-95.795367
72413,TROPIC OIL COMPANY,SR-17,Lake Wales,FL,140,3.499,25.865129,-80.342709
72394,LOVES TRAVEL STOP #871,"I-85, Exit 32",Piedmont,SC,30,3.19733333,34.674992,-82.539529
72395,ALLSUPS #2427,US 84,Gatesville,TX,765,3.00733333,31.432297,-97.70486
72424,MIDDLESEX FOOD STORE,CR-604,Carteret                                ,NJ,79,3.51566666,40.567402383618,-74.221270811376
72408,JOURNEY FOOD STORE #2,US-301,Callahan,FL,75,3.399,30.569846,-81.836647
72400,HAN DEE HUGOS #21,US-17 & SR-87,Winnabow                                ,NC,245,3.41233333,34.13165,-78.096548
72410,KELLEYS MARKET,I-90 Exit 15 & US-20 BUS,Rockford                                ,IL,520,3.119,42.242476,-88.976886
72403,HAN DEE HUGOS #67,US-70,Raleigh                                 ,NC,177,3.999,35.902461,-78.680727
72418,SHELL,SR-953,Miami                                   ,FL,95,3.479,25.965935,-80.145619
72410,KELLEYS MARKET,I-90 Exit 15 & US-20 BUS,Rockford                                ,IL,520,2.969,42.242476,-88.976886
72428,QUIKTRIP #7249,US 80 E,Flowood,MS,705,2.91566666,32.279795,-90.156961
72412,KELLEYS MARKET,US-20,Cherry Valley,IL,520,3.699,42.238916,-88.919885
72436,Ricky Rockets,SR-390 &SR-53,Itasca,IL,297,3.559,41.989107,-88.030688
72429,PARKERS #16 (DISCOUNT AVAILABLE),SR-21,Port Wentworth                          ,GA,195,3.10566666,32.149052,-81.163111
72419,Denver 39th Ave Cardlock,I-70/US-36 EXIT-281,Denver,CO,800,3.49066666,39.769804432976,-104.762411643666
72436,Ricky Rockets,SR-390 &SR-53,Itasca,IL,297,3.399,41.989107,-88.030688
72430,PATRIOT FUELING CENTER,SR-9,Lineville,AL,587,3.299,33.304926,-85.756589
72420,MAVERIK COUNTRY STORE #620,SR-8,Saint George,UT,791,3.46233333,41.799908,-111.832766
72438,QUIKTRIP #7208,I-290 EXIT 18A,Bellwood,IL,290,3.079,41.872533,-87.863855
72433,RENFROE STORE,SR-25,Carthage,MS,705,4.099,32.861662,-89.44968
72425,MINUTEMAN FOOD MART #18,SR-87,Tar Heel                                ,NC,63,4.619,34.733535,-78.792442
72438,QUIKTRIP #7208,I-290 EXIT 18A,Bellwood,IL,290,3.249,41.872533,-87.863855
72436,Ricky Rockets,SR-390 &SR-53,Itasca,IL,297,3.499,41.989107,-88.030688
72432,Yesway #1203,SR-6,Clifton,TX,765,2.969,31.78232,-97.577003
72438,QUIKTRIP #7208,I-290 EXIT 18A,Bellwood,IL,290,3.099,41.872533,-87.863855
72436,Ricky Rockets,SR-390 &SR-53,Itasca,IL,297,3.579,41.989107,-88.030688
72435,Cedar City Cardlock (Bulk Plant),"I-15, EXIT 59",Cedar City                              ,UT,791,3.459,37.677344,-113.061742
72441,SHEETZ #165,US-6,Coudersport,PA,240,3.699,41.768375,-78.027071
72438,QUIKTRIP #7208,I-290 EXIT 18A,Bellwood,IL,290,3.199,41.872533,-87.863855
72437,Tropic Oil,US-191,Moab                                    ,UT,810,4.169,37.6253851,-112.0817721
72443,SHEETZ #553,I-81 Exit 3,Greencastle,PA,70,3.33233333,39.759924,-77.72816
72442,SHEETZ #239,I-70 Exit 57,New Stanton                             ,PA,68,3.28566666,40.218944,-79.609891
72438,QUIKTRIP #7208,I-290 EXIT 18A,Bellwood,IL,290,3.279,41.872533,-87.863855
72445,SHEETZ #639,I-80 Exit 223,Youngstown,OH,573,3.059,41.09914,-80.76314
72462,Story Belgrade Cardlock,"I-90, EXIT 298",Belgrade,MT,786,3.699,37.78671,-90.8493
72440,Rutters #84,US-15 & SR-340,Emmitsburg,MD,22,3.91566666,39.704508,-77.32596
72447,SHEETZ #689,I-64 EXIT 197A  & SR-156,Henrico,VA,180,2.949,37.640576,-77.571779
72466,Holbrook Cardlock,I-40 EXIT 285,Holbrook                                ,AZ,930,3.23233333,34.9038,-110.158181
72444,SHEETZ #597,I-40 Exit 126,Hickory                                 ,NC,46,2.859,35.751892,-81.288014
72448,SHELL SERVICE STATION,SR-55,Morrison,TN,285,3.499,35.60285,-85.91971
72468,Springerville Cardlock,US-191,Springerville,AZ,930,3.259,34.131285,-109.282483
72446,SHEETZ #656,US-219 & US-6,Kane,PA,240,3.699,41.709647,-78.693718
72458,7-ELEVEN #41335,SR-80 & SR-29,Labelle,FL,225,3.599,26.639324690869,-81.63067793098
72473,Loves Travel Stop #885,US 77,Harlingen,TX,665,3.649,26.249248,-97.726657
72456,SPINX #161,I-85 Exit 60 & SR-101,Greer,SC,210,3.159,34.862927,-82.280943
72459,7-ELEVEN #34154,I-75 Exit 128,Fort Myers,FL,225,3.299,26.67332616363,-81.977265261291
72477,Racetrac #2618,US-231 & CR-8,Huntsville,AL,615,2.95066666,34.791386,-86.668468
72471,THORNTONS #221335,I-55 Exit 263,Bolingbrook,IL,296,3.649,41.663021,-88.125687
72467,SUNOCO SERVICE STATION,I-81 Exit 44 & SR-465,Carlisle                                ,PA,70,3.889,39.817529,-76.993926
72478,Racetrac #2621,SR-53,Huntsville,AL,615,3.099,34.791386,-86.668468
72475,Express 24,SR-77 & US-60,Show Low                                ,AZ,930,3.299,34.2496268,-110.0382804
72471,THORNTONS #221335,I-55 Exit 263,Bolingbrook,IL,296,3.699,41.663021,-88.125687
72479,CEFCO #2086,US 180 & 84,Snyder,TX,700,2.96566666,32.70543,-100.870491
72476,Mandan Cardlock (Bulk Plant),"I-94, EXIT 153",Mandan                                  ,ND,273,3.599,46.826465,-100.88974
72480,TA Mt Vernon,I-44,Mount Vernon,MO,535,3.404,37.101302,-93.819033
72482,RUTTERS FARM STORE #80,SR 61,Orwigsburg,PA,208,3.859,40.639464,-76.089979
72481,CASEYS #4323,SR-57 & SR-60,Wanamingo                               ,MN,451,3.499,44.303219,-92.789261
72493,Chiricahua Apache Plaza,I-10 EXIT 102,Deming,NM,640,3.03733333,32.241243,-107.420115
72485,ALLSUPS CONVENIENCE STORE #2160,US 70,Roswell,NM,593,3.25566666,33.394819,-104.558602
72483,Circle K #4700047,I-65 Exit 34A,Austin,IN,415,3.799,38.741831,-85.81394
72489,CASEYS #3987,LINCOLN HWY,Wanatah,IN,465,3.71566666,41.430758,-86.898773
72486,QUIKTRIP #4216,"I-70 & SR-79, EXIT 304",Bennett,CO,800,3.199,39.741365,-104.432567
72490,ASAP GENERAL STORE #322,US-281,Hinton,OK,483,3.13233333,35.743654,-98.745486
72499,Bowie Travel Center,I-10,Bowie,AZ,980,3.099,32.325605,-109.48419
72487,PILOT #1380,I-2 EXIT 161,Mercedes,TX,639,3.659,26.160229,-97.876948
72492,CIRCLE K #2709098,US 85,Greeley,CO,800,3.21066666,40.402771,-104.68116
72500,GAS N WASH,US 34,Plano,IL,290,3.599,41.661987,-88.517212
72488,MAVERIK COUNTRY STORE #657,I-15 Exit 10,Washington,UT,910,3.42566666,41.799908,-111.832766
72494,7-ELEVEN #42132,"I-35, EXIT 131",Lytle,TX,740,3.599,29.230672,-98.787682
72496,ROAD RANGER #289,I-45 EXIT 189,Teague,TX,765,3.39566666,31.596761,-96.151775
72501,QUIKTRIP #7203,"I-80, EXIT 75 &SR-251",Peru,IL,520,3.249,41.367091,-89.12314
72495,ROAD RANGER #286,1-40 EXIT 77,Amarillo,TX,585,2.97233333,35.193916,-101.707778
72501,QUIKTRIP #7203,"I-80, EXIT 75 &SR-251",Peru,IL,520,3.099,41.367091,-89.12314
72499,Bowie Travel Center Chevron dba One9 #1411,I-10,Bowie,AZ,980,3.014,32.325605,-109.48419
72497,ROAD RANGER #290,"I-44, Exit 13",Joplin,MO,277,3.21233333,37.0672916,-94.4036581
72500,GAS N WASH,US 34,Plano,IL,290,3.499,41.661987,-88.517212
72501,QUIKTRIP #7203,"I-80, EXIT 75 &SR-251",Peru,IL,520,3.159,41.367091,-89.12314
72498,SHEETZ  #760,"I-71, EXIT 140 Township Rd 256",Marengo,OH,315,3.06566666,40.373391,-82.827513
72502,QUIKTRIP #7133,"I-95, EXIT 190 & SR-34",Dillon,SC,63,3.08233333,34.418693,-79.408572
72510,STUCK FLEET FUELING,US-19,Waynesburg,PA,165,4.499,40.113125,-80.427111
72499,One9 dba Bowie Travel Center,I-10,Bowie,AZ,980,3.059,32.325605,-109.48419
72503,QUIKTRIP #7151,I-55/40 EXIT 278 & SR-191,West Memphis,AR,435,2.999,35.162658,-90.174687
72519,CIRCLE K #2723050,SR-59,Hope Mills,NC,205,2.909,34.983587,-78.930148
72501,QUIKTRIP #7203,"I-80, EXIT 75 &SR-251",Peru,IL,520,2.969,41.367091,-89.12314
72507,Golden Gate Fillmore,SR 99,Fillmore,UT,791,3.29733333,38.96675,-112.323686
72520,PETRO-CARD 24 #910160,US-50,Warrensburg                             ,MO,400,3.299,38.775274,-93.771072
72501,QUIKTRIP #7203,"I-80, EXIT 75 &SR-251",Peru,IL,520,2.999,41.367091,-89.12314
72514,Petro-Card 24 #910722,SR-6,Trenton                                 ,MO,276,3.149,40.074596,-93.597435
72505,CASEYS #4379,I-59 HWY,Worthington,MN,530,3.14233333,43.618797,-95.595525
72521,PETRO-CARD 24 #910410,I-44/US-66,Lebanon                                 ,MO,535,3.099,37.675429,-92.664006
72506,CASEYS #4273,SR-56,Madison,IN,375,3.699,39.973808555916,-85.847523917582
72531,PETRO-CARD 24 #910040,US-60 BUS,Aurora,MO,416,3.209,36.970659,-93.718073
72522,MFA #910591,US-63 ,La Plata,MO,494,3.339,40.021014,-92.488678
72515,PETRO-CARD 24 #910520,US-54BUS,Mexico                                  ,MO,310,3.229,39.170285,-91.87336
72535,MFA #911310,SR-5,Centerville                             ,IA,489,3.12566666,40.732502,-92.874161
72523,Petro-Card 24 #910820,US-60BUS,Willow Springs                          ,MO,535,3.399,36.993219,-91.971168
72524,QuickChek #189,US-46,Ridgefield,NJ,115,3.25233333,40.845161,-74.009376
72537,PETRO-CARD 24 #910210,SR-7,Clinton                                 ,MO,400,3.399,38.3681,-93.774125
72529,PETRO-CARD 24 #910530,US-24,Moberly                                 ,MO,310,3.419,39.421755,-92.433556
72526,PETRO-CARD 24 #911251,US-169,King City                               ,MO,567,3.299,40.051161,-94.524813
72541,MFA 911021,US-136 ,Tarkio                                  ,MO,567,3.329,40.440427,-95.387706
72530,PETRO-CARD 24 #910140,US-50 BUS,California                              ,MO,392,3.459,38.631609,-92.582616
72528,MFA #910260,SR-87/240,Glasgow                                 ,MO,310,3.3965,39.2279,-92.841574
72548,GASQUATCH,US-70/SR-3,Idabel,OK,723,3.10733333,33.9238102,-94.7687002
72534,Petro-Card 24 #911290,US-59,Mound City                              ,MO,567,3.149,40.13423,-95.234304
72533,Fuel 4,US-9,Jersey City,NJ,115,3.239,40.751236,-74.040271
72550,TERRIBLE HERBST #388,I-15 Exit 91,Moapa,NV,910,3.549,36.661324,-114.561707
72536,MFA 910281,SR-5 ,Milan,MO,276,3.299,40.20221,-93.117367
72542,MFA #910731,SR-15,Shelbina                                ,MO,494,2.999,39.6930193,-92.0404821
72551,Good 2 Go,US-81,Geneva,NE,350,3.36566666,40.537823,-97.587798
72538,Petro-Card 24 #910670,SR-51,Qulin                                   ,MO,275,3.199,36.5922762,-90.2474438
72543,PETRO CARD 24,SR-18,Clinton                                 ,MO,400,3.399,38.390516,-93.794425
72540,MFA #910441,US-54,Louisiana                               ,MO,494,3.049,39.44358,-91.060313
72553,Friendly Express,I-71 Exit 186 & US-250,Ashland,OH,249,3.199,40.86933,-82.317916
72546,MFA OIL #2028,SR-53,Poplar Bluff                            ,MO,275,3.23233333,36.747709,-90.397989
72554,CEFCO #422,SR-4,Baker,FL,127,3.299,30.784988,-86.683979
72544,BJS NEW UNDERWOOD,CR-1416,New Underwood,SD,506,3.699,44.096606,-102.830239
72552,VALLEYWIDE COUNTRY STORE,I- 86 Exit 40,American Falls,ID,787,3.599,42.792136,-112.835325
72560,AMOCO,US 131 & US 12,White Pigeon,MI,465,3.559,41.7981452,-85.6431673
72556,STARMART,US-183,Goldthwaite,TX,765,3.099,31.449127,-98.566632
72559,SUN TRAVEL CENTER,I-55 EXIT 114A,Canton,MS,760,3.499,32.538608,-90.102064
72557,LITTLE NECK SHELL,I-16 Exit 152,Bloomingdale,GA,195,3.099,32.094598,-81.321928
72561,7-ELEVEN #38638,I-25 Exit 235,Erie,CO,800,3.399,40.000417846025,-104.961497991815
72560,AMOCO,US 131 & US 12,White Pigeon,MI,465,3.599,41.7981452,-85.6431673
72566,Loves  Travel Stop #826,I-70 Exit 75,Parachute,CO,800,3.59566666,39.455322,-108.043994
72558,Circle K #4703975,SR-109 & US-70,Lebanon,TN,460,2.87233333,36.187709,-86.409438
72567,THE TEXAN #12,US 87,La Vernia,TX,740,3.049,29.357728,-98.13131
72563,RACEWAY #6991,I-65 Exit 19 & US-43,Creola,AL,715,2.949,30.898166,-88.039348
72570,Lake View Cheese & Liquor,I-43,Belgium,WI,444,3.25566666,43.499484,-87.848432
72569,RACETRAC #204,US-19 & SR-400,Dawsonville                             ,GA,18,3.319,34.344348,-84.052798
72562,7-ELEVEN #17703,US HWY 11,Martinsburg,WV,70,3.249,39.476308426947,-77.956471400812
72574,Loves Travel Stop #831,"I-10 & Fort Grant Rd, Exit 340",Willcox,AZ,980,3.33233333,32.172720887111,-109.528471500105
72571,MAVERIK #719,I-82 EXIT 33,Yakima,WA,962,3.899,46.607253,-120.467769
72565,WEIGEL'S #102,I-75 & SR-30,Athens,TN,405,3.34733333,35.466977,-84.651976
72575,Loves Travel Stop #864,US-98,Lucedale,MS,715,3.449,30.924074,-88.514435
72572,GOOD 2 GO #713/ONE9 #1432,I-76 EXIT 21,Brighton,CO,800,3.269,39.986986709691,-104.82248170286
72571,MAVERIK #719,I-82 EXIT 33,Yakima,WA,962,3.909,46.607253,-120.467769
72577,QUIKTRIP #7205,"I-80, EXIT 161",Lansing,IL,365,3.249,41.580644,-87.557765
72572,GOOD 2 GO #713 DBA ONE9 #1432,I-76 EXIT 21,Brighton,CO,800,3.199,39.986986709691,-104.82248170286
72571,MAVERIK #719,I-82 EXIT 33,Yakima,WA,962,3.929,46.607253,-120.467769
72579,Raceway #6986,US-378 & CR-467,Sumter,SC,135,2.979,33.962114,-80.421054
72576,Pride Travel Center South,"I-291 & SR-5, EXIT 4",South Windsor,CT,100,3.909,41.903277879292,-72.633748833049
72577,QUIKTRIP #7205,"I-80, EXIT 161",Lansing,IL,365,3.079,41.580644,-87.557765
72577,QUIKTRIP #7205,"I-80, EXIT 161",Lansing,IL,365,3.179,41.580644,-87.557765
72578,QUIKTRIP #7247,"I-55, EXIT 85",Byram,MS,760,2.91566666,32.182654,-90.253218
72586,Loves Travel Stop #875,"I-49, Exit 15",Opelousas,LA,730,3.08566666,30.47844,-92.073613
72582,FASTRAC MARKET #500242,SR-12 & SR-5A,Utica,NY,235,3.999,43.1020451,-75.2299965
72580,KWIK TRIP #1267,SR 29,Chippewa Falls,WI,295,3.39233333,44.921458,-91.368553
72582,FASTRAC MARKET #500242,SR-12 & SR-5A,Utica,NY,235,3.899,43.1020451,-75.2299965
72581,FASTRAC MARKET #500266,I-87 Exit 18,Queensbury,NY,12,3.999,43.297768,-73.682227
72585,GAS N WASH GREEN OAKS,"I-94, EXIT 16",Libertyville,IL,290,3.559,42.282996,-87.953339
72583,SHEETZ #769,I-80 Exit 232,Bloomsburg,PA,138,3.329,41.007902,-76.490336
72592,QUIKTRIP #7191,US-45 & I-57,Effingham,IL,510,2.999,39.142043,-88.53401
72585,GAS N WASH GREEN OAKS,"I-94, EXIT 16",Libertyville,IL,290,3.599,42.282996,-87.953339
72584,ONE9 #1359,"I-80, EXIT 30",Sparks,NV,966,3.549,39.541213,-119.747997
72588,ALLSUPS CONVENIENCE #2430,US 380,Jacksboro,TX,630,3.044,33.2182547,-98.1588037
72587,Allsups Convenience #2416,I-20 EXIT 244 AND HWY 70,Sweetwater,TX,575,2.884,32.470612,-100.407381
72599,FATDOGS LEXINGTON,US-283,Lexington                               ,NE,475,2.979,40.74864,-99.74056
72590,MAVERIK #716,I-80 & SR-351,Wells,NV,835,3.39233333,41.102194,-114.976322
72589,ALLSUPS CONVENIENCE #2056,US 287,Memphis,TX,585,2.929,34.73325,-100.54295
72607,TOWN PUMP FOOD STORE #6300,I-90 & US-191,Big Timber,MT,786,3.539,45.831996,-109.961685
72591,Quiktrip #7173,"I-20, EXIT 156",Pell City,AL,587,2.999,33.598871,-86.321478
72592,QUIKTRIP #7191,US-45 & I-57,Effingham,IL,510,3.199,39.142043,-88.53401
72611,Kwik Trip # 1722,SR 35 & SR 553,Gwinn                                   ,MI,395,3.819,46.276219,-87.414546
72594,Quiktrip #7900,I-30 & FM-989,Texarkana,TX,766,2.85733333,33.456106,-94.12924
72612,PETRO-CARD 24 #910411,I-44 & SR-32,Lebanon                                 ,MO,535,3.099,37.675429,-92.664006
72595,CIRCLE K #2654400,SR-115,Kearneysville,WV,22,3.26566666,39.359419,-77.863626
72614,FAST FUEL FOOD STORES,SR-4,Gassaway                                ,WV,44,3.56566666,38.659524,-80.758874
72596,Hucks Food & Fuel #401 dba Pilot #1360,"I-69, EXIT 25",Mayfield,KY,490,3.599,36.741641,-88.637099
72616,PETRO-CARD 24 #910700,SR-32,Sainte Genevieve                        ,MO,275,3.099,37.952775,-90.072153
72621,PETRO-CARD 24 #1047,SR-240,Slater                                  ,MO,276,3.459,39.21615,-93.062872
72597,CIRCLE K #4705697,US 422,Warren,OH,573,3.61233333,41.260994,-80.872673
72620,CENEX,US-2 ,Leeds,ND,452,3.249,48.284649,-99.43716
72623,LENNYS FOOD N FUEL,US-6,Joliet,IL,296,3.399,41.443968,-88.1452069
72606,PETRO-CARD 24 #910474,US-65,Malta Bend                              ,MO,276,3.439,39.194684,-93.362828
72625,PETRO-CARD 24,SR-46 & US-71,Maryville                               ,MO,567,3.129,40.372828,-94.851619
72603,THORNTONS #170,I-465 Exit 46 & US-40,Indianapolis,IN,375,3.599,39.780483,-86.251072
72623,LENNYS FOOD N FUEL,US-6,Joliet,IL,296,3.659,41.443968,-88.1452069
72608,Petro-Card 24 #910640,US-61,Perryville                              ,MO,275,3.099,37.72558,-89.873446
72626,MFA OIL,SR-18,Lake City                               ,AR,418,3.399,35.820222,-90.443084
72610,JORDANS KWIK STOP #6,I-55 Exit 48 & SR-140,Osceola,AR,418,3.01233333,35.697499,-90.041345
72631,THORNTONS #221348,I-355 & SR-7,Homer Glen,IL,296,3.899,41.597843,-88.006636
72628,Gas Pro 6,SR-121 & US-25,Trenton                                 ,SC,135,3.46566666,33.736272,-81.856193
72615,U STOP #4,US-6 ,Lincoln                                 ,NE,413,3.399,39.601847131425,-75.934312200529
72631,THORNTONS #221348,I-355 & SR-7,Homer Glen,IL,296,3.899,41.597843,-88.006636
72629,MFA #910600,SR-28,Owensville                              ,MO,392,3.299,38.345079,-91.494667
72619,MARTYVILLE MARATHON,SR-25,Tishomingo,MS,742,3.279,34.649455,-88.230689
72631,THORNTONS #221348,I-355 & SR-7,Homer Glen,IL,296,3.849,41.597843,-88.006636
72622,Phillips 66,US- 60 & HWY AD,Dexter                                  ,MO,275,3.40233333,36.799573,-89.969933
72635,GULF,SR-140,Boylston,MA,34,3.839,42.329065,-71.724222
72631,THORNTONS #221348,I-355 & SR-7,Homer Glen,IL,296,3.899,41.597843,-88.006636
72623,LENNYS FOOD N FUEL,US-6,Joliet,IL,296,3.499,41.443968,-88.1452069
72637,AZTEX #104,I-40 Exit 398,Knoxville,TN,405,3.359,35.986649528923,-84.061444595899
72633,Petro-Card 24 #910830,SR-52,Windsor                                 ,MO,400,3.499,38.5323281,-93.5220204
72623,LENNYS FOOD N FUEL,US-6,Joliet,IL,296,3.299,41.443968,-88.1452069
72639,ALLSUPS #2423,US-377 & US-70,Madill,OK,253,2.959,34.084471,-96.768494
72634,MURPHY USA #7827,US-385 & US-60,Hereford                                ,TX,585,2.829,34.838482,-102.405805
72630,PETRO-CARD 24 #910250,US-54 BUS,Fulton                                  ,MO,392,3.299,38.8443928,-91.9446617
72643,ONCUE #147,"I-44, EXIT 12",Oklahoma City,OK,483,3.049,35.335074,-97.491568
72631,THORNTONS #221348,I-355 & SR-7,Homer Glen,IL,296,3.849,41.597843,-88.006636
72645,MAVERIK #723,"I-10, EXIT 240",Marana,AZ,980,3.04566666,32.425405,-111.160032
72631,THORNTONS #221348,I-355 & SR-7,Homer Glen,IL,296,3.899,41.597843,-88.006636
72651,QUIKTRIP #7132,"I-16, EXIT 152",Bloomingdale,GA,195,3.03233333,32.095687,-81.322115
72647,RACEWAY #6972,US-83 & US-43,Demopolis,AL,615,3.07733333,32.503831,-87.829967
72640,Kwik Trip # 1721,SR 553 & FM 480,Marquette                               ,MI,395,3.819,46.5217981,-87.4162483
72653,Quiktrip #7153,US-78 & EXIT #4,Olive Branch,MS,435,2.91566666,34.942462,-89.831611
72648,Loves Travel Stop #873,US 50,Canon City,CO,803,3.509,38.449952,-105.156301
72642,LOVES TRAVEL STOP #857,US-95 & US-6,Tonopah,NV,910,3.71566666,38.078513,-117.253002
72656,ALLSUPS #2437,HWY 176 & HWY 115,Andrews,TX,710,3.39566666,32.324154,-102.51288
72649,Love's Travel Stop #891,US 93,Jackpot,NV,835,3.62733333,41.982222,-114.672126
72644,MAVERIK COUNTRY STORE #642,I-25 EXIT 262,Fort Collins,CO,800,3.259,40.578371349,-105.028123153336
72668,LOVES TRAVEL STOP #350,"I-19, Exit 12",Nogales,AZ,980,3.609,31.428211,-110.962472
72650,Loves Travel Stop #862,I-35 Exit 65,Cotulla,TX,693,3.589,28.416297,-99.250081
72646,TOOT N TOTUM #131,US 87,Lamesa,TX,710,3.109,32.756602,-101.946503
72652,Quiktrip #4148,I-35 & GRAND AVE PKWY,Pflugerville,TX,595,2.88233333,30.432998,-97.653673
72655,RACEWAY #6988,US-79 & US-41,Clarksville,TN,460,2.999,36.54987,-87.383712
72674,QUIKTRIP #7190,I-64 EXIT 94,Mount Vernon,IL,540,3.399,38.298828,-88.952261
72666,CIRCLE K #2707043,"I-75/SR-401, EXIT 39 & SR-37",Adel,GA,20,2.999,31.138175,-83.442138
72660,RACEWAY #6989,US-157 & COURT ST ,Moulton,AL,615,3.049,34.483337,-87.272792
72667,LOVES TRAVEL STOP #884,"I-30, Exit 46",Prescott,AR,635,3.47566666,33.828742,-93.3955749
72663,LOC STOP TRAVEL CENTER,US-82,Dawson,GA,10,3.499,31.761557,-84.439269
72677,KWIK TRIP #1256,SR 2 E,Iron Mountain,MI,360,3.399,45.8324185,-88.0589334
72669,Quiktrip #356,US-81 & S Victoria RD,Wichita,KS,570,3.194,37.796376,-97.326837
72664,RACETRAC #2606,"I-30, EXIT 32B & SR-181",Grand Prairie,TX,630,2.92566666,32.761537,-96.995643
72677,KWIK TRIP #1256,SR 2 E,Iron Mountain,MI,360,3.289,45.8324185,-88.0589334
72672,7-Eleven #42205,US 79,Hearne,TX,765,3.449,30.887075991204,-96.598475378249
72674,QUIKTRIP #7190,I-64 EXIT 94,Mount Vernon,IL,540,3.199,38.298828,-88.952261
72678,FLYING J #1056,I-90/ I-80,Edon                                    ,OH,550,3.899,41.63336,-84.76606
72679,TEX BEST #532,US-281 & HWY 186,Edinburg,TX,639,3.02066666,26.299359,-98.162704
72674,QUIKTRIP #7190,I-64 EXIT 94,Mount Vernon,IL,540,3.099,38.298828,-88.952261
72680,RACEWAY #6990,US-98,Foley,AL,155,3.07566666,30.450013,-87.665469
72682,Maverik #695,I-15 EXIT 276,American Fork,UT,835,3.349,40.357153,-111.785473
72675,Maverik Country Store #715,I-80 EXIT 107,Big Springs,NE,475,3.10066666,41.0640282,-102.0745837
72681,MAVERIK #691,I-76 EXIT 3,Denver,CO,800,3.284,39.798131,-105.02494
72685,CHUBBYS TRAVEL CENTER,"I-35, Exit 127",Natalia,TX,740,2.97233333,29.185282,-98.844368
72676,KWIK TRIP #1212,"I 90, EXIT 43 ",Worthington,MN,425,3.164,43.636509,-95.596081
72683,HUCKS FOOD & FUEL #383,SR-57,Evansville                              ,IN,340,3.759,37.951478596085,-87.500997529539
72691,KUM & GO #2402,US 60,Springfield,MO,535,3.17566666,37.1378,-93.297579
72677,KWIK TRIP #1256,SR 2 E,Iron Mountain,MI,360,3.279,45.8324185,-88.0589334
72688,SHEETZ #772,I-70 EXIT 59,Springfield,OH,317,3.054,39.89537,-83.720081
72693,Kum & Go #2404,US 60,Aurora,MO,535,3.119,38.324779737654,-92.587737004614
72687,Kwik Trip #1203,US-71 & Airport Rd,Redwood Falls,MN,425,3.349,44.541004,-95.077315
72689,ROAD RANGER #285,I-10 EXIT 605,Seguin,TX,740,3.11066666,29.5713656,-98.0119458
72694,7-ELEVEN #42195,I-385 EXIT 23,Fountain Inn,SC,30,3.11566666,34.677613,-82.207499
72690,Noble East Lyme,"I-95, EXIT 75",East Lyme,CT,100,3.759,41.36899,-72.21758
72696,QUIKTRIP #1742,"I-475/SR-408, exit 5 & SR-74",Macon,GA,85,3.089,32.716239,-83.724312
72698,QUIKTRIP #7242,"I-10, EXIT 31",Gulfport,MS,733,2.91566666,30.451774,-89.033372
72695,Quiktrip #7906,"I-20, EXIT 617 & US-59",Marshall,TX,766,2.83733333,32.488187,-94.358525
72700,RACEWAY #6726,"I-30, Exit 172",Thomson,GA,135,3.399,33.508642,-82.502173
72699,Quiktrip #7195,"I-355, EXIT 29",Addison,IL,290,3.269,41.933568,-88.041129
72699,Quiktrip #7195,"I-355, EXIT 29",Addison,IL,290,3.079,41.933568,-88.041129
72701,Loves Travel Stop #887,I-55 EXIT 178,Herculaneum,MO,540,3.15566666,38.256036,-90.404499
72699,Quiktrip #7195,"I-355, EXIT 29",Addison,IL,290,3.179,41.933568,-88.041129
72702,Loves Travel Stop #854,I-49 EXIT 215,Shreveport,LA,745,2.93733333,32.455897060817,-93.699402889677
72709,KWIK TRIP #1299,FM 164,Sussex,WI,444,3.28566666,43.132488,-88.18809
72705,SHEETZ #795,US-460 & CR-629,Disputanta,VA,180,2.98233333,37.182931,-77.31646
72713,Kwik Star #1217,FM 11,Sioux Falls,SD,530,2.939,43.5145454,-96.6486359
72710,KWIK STAR #1285,I-229 EXIT 9,Sioux Falls,SD,530,2.95233333,43.580984,-96.709849
72706,Sheetz #790,I-77 EXIT 100,Mount Airy,NC,65,2.859,36.459087,-80.636913
72715,FLYING J TRAVEL PLAZA #1372,"I-40, EXIT 28",Yucca,AZ,910,3.849,33.602133,-114.523475
72711,Kwik Trip #1260,FM 65 ,Roberts,WI,448,3.424,44.96381,-92.56008
72707,QUIKTRIP #4299,"I-25, EXIT 158",Monument,CO,796,3.159,39.05562,-104.855695
72719,TA EXPRESS LITTLEFIELD,"I-15, EXIT 8",Littlefield,AZ,910,3.679,36.887387,-113.929787
72714,LOVES TRAVEL STOP  #771,I-85 & SR-18,West Point,GA,720,3.679,32.877635,-85.14837
72721,Racetrac #2625,SR 72 E & SHIELDS RD,Huntsville,AL,615,2.97733333,34.791386,-86.668468
72725,CASEYS #4481,US 75,Denison,TX,253,2.93566666,33.762128,-96.550512
72715,FLYING J #1372,"I-40, EXIT 28",Yucca,AZ,910,3.999,34.914236,-114.155654
72723,ONE9 #1362,"I-40, EXIT 253",Winslow,AZ,930,3.22566666,35.022565955348,-110.69832444015
72735,7-Eleven #41376,I-26 Exit 154B,Orangeburg,SC,42,3.22566666,33.460035,-80.722675
72716,RACEWAY #7000,US-1 & SR-40,Folkston,GA,75,3.099,30.844406,-82.006579
72724,ONE9 #484,I-40 EXIT 146,Ash Fork,AZ,930,3.329,35.222829,-112.480863
72736,FRIENDLY GUS STORE #12,I-16 Exit 49,Dublin,GA,85,3.27566666,32.493275,-82.983548
72732,KUM & GO #2212,I-35 EXIT 89,Ankeny,IA,320,3.13233333,41.702214,-93.626588
72727,CASEYS #4319,SR-141,Perry,IA,320,3.129,41.842348,-94.079998
72739,MAVERIK #712,US 70 & US 54,Alamogordo,NM,640,3.05566666,32.869107,-105.970736
72733,Parker's #94,US-17 N,Georgetown,SC,42,2.989,33.483191506696,-79.085489650762
72728,CASEYS #4304,FM 103 & Belten Dr,Crete,NE,413,3.45733333,40.625243,-96.957913
72745,Loves Travel Stop #870,US-81 Exit 12 & SR-12,Watertown,NY,220,4.149,44.001957,-75.921777
72734,7-ELEVEN #41940,I-95,West Haven,CT,100,3.999,41.28875,-72.958576
72738,BREAK TIME #3172,US-50/US-63,Jefferson City,MO,310,3.33566666,38.565131,-92.185948
72748,HORIZON TRAVEL PLAZA,US-411,Cartersville,GA,193,2.934,34.125620956292,-84.733060843479
72737,Mollys Food and Fuel,"I-20, EXIT 175 & SR-150",Thomson,GA,135,3.499,33.509328,-82.447786
72740,Caseys #4303,"I-80, EXIT 257 & US-183",Elm Creek,NE,475,3.03233333,40.72051,-99.374725
72749,KWIK TRIP #1282,FM 42 & S Duluth Ave,Sturgeon Bay,WI,582,3.50733333,44.82035,-87.39956
72741,Caseys #4298,"I-55, EXIT 220 & SR-47",Dwight,IL,368,3.349,41.094148,-88.4236
72746,PARKERS #103,"I-26, Exit 205A",Ladson,SC,42,3.28233333,33.012338615831,-80.196122218776
72742,Racetrac #2612,I-675 EXIT 7,Ellenwood,GA,18,3.109,33.632409,-84.308176
72756,Loves Travel Stop #876,I-94 Exit 34A,Michigan City,IN,365,3.789,41.652915,-86.894989
72753,QUIKTRIP #7908,I-40 EXIT 73,Amarillo,TX,585,2.874,35.193562,-101.779598
72743,PEOTONE TRAVEL CENTER,I-57 & SR-25,Peotone,IL,290,3.459,41.325443,-87.822534
72757,Loves Travel Stop #860,I-59 EXIT 1,Picayune,MS,725,3.15566666,30.467694,-89.688019
72754,RACETRAC #2495,US 41 & US 19,Griffin,GA,85,3.229,33.196402,-84.282414
72743,PEOTONE TRAVEL CENTER,I-57 & SR-25,Peotone,IL,290,3.499,41.325443,-87.822534
72758,CEFCO #1117,I-20 EXIT 617,Marshall,TX,766,2.83233333,32.57377,-94.345499
72759,Allsups Convenience Store #2461,US-87 & SR-137,Lamesa,TX,612,3.099,32.738048,-101.95138
72747,One9 #1358,"I-40,  EXIT 16",Gallup                                  ,NM,580,3.24566666,35.401505116812,-108.20892942957
72763,FASTRAC MARKET #500270,SR-5/SR-13,Canastota,NY,235,4.449,43.069419,-75.752391
72761,RACETRAC #2629,US-72/US-43 & SR-20,Tuscumbia,AL,615,2.999,34.710082,-87.666902
72750,QUIKTRIP #1943,I-35 EXIT 368 & SR 22,Hillsboro,TX,641,2.919,32.008921,-97.097901
72765,FASTRAC MARKET #500203,SR-104 & CR-256,Wolcott,NY,190,3.819,43.220683,-76.815121
72763,FASTRAC MARKET #500270,SR-5/SR-13,Canastota,NY,235,4.349,43.069419,-75.752391
72752,QUIKTRIP #7178,I-65 EXIT 13 & SR 158,Saraland,AL,715,2.95733333,30.801207,-88.10808
72766,QUIKTRIP #1873,US 287  33.054731932354194,Rhome,TX,630,2.899,33.054582,-97.477931
72764,CUMBERLAND FARMS #004783,US-5,East Windsor,CT,100,4.049,41.911996,-72.612757
72755,RACETRAC #2620,I-465 Exit 42,Indianapolis,IN,375,3.159,39.749563,-86.226371
72768,ROAD RANGER #287,I-57 EXIT 318,Bourbonnais,IL,290,3.339,41.205344,-87.870593
72767,QUIKTRIP #4227,I-25 EXIT 243,Mead,CO,800,3.14733333,40.203423,-104.986025
72760,RaceWay #6999,US-84 & US-319,Thomasville,GA,20,3.16566666,30.839028,-83.94469
72769,TOOT N TOTUM #132,US 84,Lubbock,TX,585,2.97066666,33.491285,-101.887063
72772,RACEWAY #6998,US-501 & SR-576,Marion,SC,42,3.01566666,34.120334,-79.354095
72775,CEFCO #2089,I-20 EXIT 288,Abilene,TX,575,2.76566666,32.46134,-99.676997
72765,FASTRAC MARKET #500203,SR-104 & CR-256,Wolcott,NY,190,3.799,43.220683,-76.815121
72774,STUCKEYS TRAVEL CENTER,I-10 EXIT 451,Orange,TX,610,2.80733333,30.1233752,-93.7136719
72768,ROAD RANGER #287,I-57 EXIT 318,Bourbonnais,IL,290,3.379,41.205344,-87.870593
72779,KWIK TRIP #1276,"I-90/I-39, EXIT 1 & SR-75",South Beloit,IL,290,3.299,42.491556,-88.989664
72773,RaceTrac #2626,I-20 Exit 472,Dallas,TX,630,2.864,32.98963,-96.830342
72770,RACETRAC #2634,I-95 Exit 77 & US-78,Saint George,SC,42,2.999,33.195954,-80.602642
72779,KWIK TRIP #1276,"I-90/I-39, EXIT 1 & SR-75",South Beloit,IL,290,3.449,42.491556,-88.989664
72776,MARATHON,"1-75, Exit 80",Sycamore                                ,GA,85,3.299,31.681647,-83.618146
72771,RACETRAC #2635,I-85 EXIT 44A,Greenville,SC,30,2.899,34.794639,-82.420393
72782,SHEETZ #791,"I-76, Exit 57",North Jackson,OH,573,3.06566666,41.109516,-80.885541
72784,Maverik Country Store #724,"I-80/US-30, EXIT 221",Rawlins                                 ,WY,838,3.289,42.712649,-110.934071
72778,KWIK STAR #1208,US-75,Sioux Center,IA,530,3.199,43.061325,-96.175477
72788,MAVERIK #700,I-25 EXIT 215,Denver,CO,800,3.289,39.798131,-105.02494
72785,GAS N WASH,US 30,Crest Hill,IL,290,3.359,41.581173,-88.123058
72779,KWIK TRIP #1276,"I-90/I-39, EXIT 1 & SR-75",South Beloit,IL,290,3.469,42.491556,-88.989664
72792,QUICKLEES,"I-190, EXIT 23",Niagara Falls,NY,38,3.999,43.107401,-78.994345
72795,REFUEL #1337,SR-45/CR-1625,Buda                                    ,TX,595,2.999,30.090196,-97.73389
72781,SHEETZ #774,I-70 & SR-83,New Concord,OH,430,3.059,39.983035,-81.733728
72797,KWIK TRIP #1215,"I-94, EXIT 135",Melrose,MN,451,3.32733333,45.670223,-94.818838
72783,SHEETZ #770,I-70 & US-42,London,OH,315,2.999,39.960547,-83.37021
72798,Casey's #4539,US-75,Rock Rapids                             ,IA,530,3.349,43.427404,-96.1756
72799,CASEYS #4384,"I-88 & SR-26, EXIT 54",Dixon,IL,520,3.479,41.848723,-89.483511
72785,GAS N WASH,US 30,Crest Hill,IL,290,3.299,41.581173,-88.123058
72799,CASEYS #4384,"I-88 & SR-26, EXIT 54",Dixon,IL,520,3.499,41.848723,-89.483511
72803,Llanos Country Corner,"I-10/US-83, EXIT 456 & US-377",Junction                                ,TX,740,2.919,30.507343,-99.776514
72786,QUIKTRIP #333,"I-135, EXIT 31",Newton,KS,570,2.949,38.041796,-97.320257
72802,Racing Mart Store,"I-495, Exit 36A",Wrentham,MA,175,3.899,42.630181,-73.114923
72805,Stripes #42242,"SR 181, HWY 188",Sinton,TX,625,3.259,28.03644,-97.508734
72787,QUIKTRIP #7011,"I-35, EXIT 118",Oklahoma City,OK,483,3.03233333,35.362778,-97.496613
72806,TA HOSSTON #939,"I-49, Exit 237",Hosston,LA,745,2.92233333,32.884413,-93.883569
72808,Allsups Convenience #2463,US-377,Aubrey,TX,630,2.899,33.304204,-96.986282
72789,RACETRAC #237,HWY 30 & ROBERT WILSON RD,Gonzales                                ,LA,600,3.17233333,30.21099,-90.954403
72809,LOVES TRAVEL STOP #894,I-95 EXIT 305,Saint Augustine,FL,75,3.44233333,29.746612,-81.34863
72812,Kwik Trip #748,US 8,Barron,WI,295,3.664,45.400331,-91.834908
72791,LOVES TRAVEL STOP #850,SR-491 & RD. G,Cortez,CO,614,3.48233333,37.312955,-108.608704
72810,QUIKTRIP #7,"I-244/US-412, Exit 10",Tulsa,OK,560,3.119,36.164008,-95.795367
72813,Allsups #2425,Hwy 144,Granbury,TX,630,3.029,32.362956,-97.77336
72793,TA EXPRESS BLAINE #917,"I-5, Exit 275",Blaine,WA,850,4.139,48.991187,-122.734173
72811,QUIKTRIP #50,SR-51,Broken Arrow,OK,560,3.129,36.075998,-95.81589
72814,ALLSUPS #2468,"I35, EXIT 5",Thackerville,OK,253,2.91733333,33.794616,-97.138385
72796,PILOT #1399,"SR-303, EXIT 107",Litchfield Park,AZ,930,3.599,33.509519,-112.38492
72817,QUIKTRIP #4174,I-35 Exit 285,Salado,TX,765,2.91566666,30.965281,-97.529411
72815,QUIKTRIP #7194,I-74 EXIT 182,Champaign,IL,280,3.299,40.132321,-88.244347
72796,PILOT DEALER #1399,"SR-303, EXIT 107",Litchfield Park,AZ,930,3.584,33.508497,-112.386404
72818,QUIKTRIP #7174,"I-65, EXIT 168",Montgomery,AL,720,2.999,32.366164,-86.212612
72815,QUIKTRIP #7194,I-74 EXIT 182,Champaign,IL,280,3.199,40.132321,-88.244347
72801,CASEYS #4388,"US-64, EXIT 29",Beebe,AR,645,3.189,35.075503,-91.881745
72820,QUARLES #54232,us-385,Crane                                   ,TX,710,3.88566666,31.40224,-102.351826
72815,QUIKTRIP #7194,I-74 EXIT 182,Champaign,IL,280,3.099,40.132321,-88.244347
72804,7-Eleven #42174,"I-24, EXIT 211 & US-70",Nashville,TN,460,3.249,36.157085372856,-86.786199585623
72836,QUARLES #54281,SR-208,Snyder,TX,700,3.66566666,32.716152,-100.91719
72816,QUIKTRIP #7914,I-27 EXIT 117,Amarillo,TX,585,2.84566666,35.193562,-101.779598
72819,QUIKTRIP #7925,I-69W,Laredo,TX,693,2.85066666,27.52747,-99.44676
72841,QUARLES #54296,SR-214 & CR-370,Denver City,TX,700,3.799,32.964419,-102.829233
72821,QUARLES #54231,CR-23 & CR-33,Eunice                                  ,NM,593,3.699,32.442606,-103.158208
72822,QUARLES #54225,US-83,Abilene                                 ,TX,575,3.499,32.4535712,-99.7326403
72831,QUARLES #54262,CR-64,Hobbs                                   ,NM,593,3.699,32.700807,-103.136211
72827,QUARLES #54259,FM-1936,Odessa                                  ,TX,710,3.699,31.849462,-102.374677
72837,QUARLES #54284,US-285,Loving                                  ,NM,593,3.799,32.285948,-104.100997
72828,QUARLES #54250,US-80,Abilene                                 ,TX,575,3.31233333,32.4535712,-99.7326403
72844,QUARLES #54332,US-285,Pecos                                   ,TX,710,3.759,31.4259171,-103.4942876
72830,QUARLES #54261,"I-20, EXIT 37",Pecos                                   ,TX,710,3.749,31.4259171,-103.4942876
72849,QUARLES #54349,CR-1140,Midland                                 ,TX,710,3.66566666,31.997433,-102.078043
72835,QUARLES #54277,SR-137,Big Lake,TX,739,3.849,31.191456,-101.458384
72860,Circle K #2707070,"SR 378, Route 467",Sumter,SC,42,2.99233333,33.90358,-80.379872
72851,QUARLES #54367,FM-1787,Midland,TX,710,3.799,31.997433,-102.078043
72839,QUARLES #54293,CR-64,Hobbs                                   ,NM,593,3.699,32.700807,-103.136211
72861,SPRINT MART #4143,"I-20, EXIT 89",Vance,AL,615,3.059,33.173089,-87.237022
72859,CASEYS #4286,SR-32,Crawfordsville,IN,375,3.56233333,40.0428593,-86.9033423
72847,QUARLES #54341,US-87,Big Spring                              ,TX,612,3.649,32.240415,-101.472454
72867,Maverik #731,I-15 EXIT 190,Helena,MT,816,3.549,46.573865,-111.977065
72863,Double Quick #92,US-61,Cleveland,MS,655,3.18233333,33.732622,-90.716846
72848,QUARLES #54347,US-67 ,Rankin,TX,710,3.699,31.2259368,-101.9332359
72868,MAVERIK #737,I-15 EXIT 116,Idaho Falls,ID,825,3.40566666,43.51086,-111.96482
72864,SUNSTOP #430,US-27,Bainbridge,GA,20,3.599,30.909533,-84.575357
72853,QUARLES #54520,SR-589,Purvis                                  ,MS,620,2.979,31.143175,-89.41059
72869,MAVERIK #738,I-90 EXIT 129,Gillette,WY,790,3.359,44.294774,-105.449827
72872,QUIKTRIP #7926,US 59 & SR 20,Laredo,TX,693,2.859,27.52747,-99.44676
72855,GAS N WASH,SR 59,Plainfield,IL,399,3.559,41.564745,-88.273138
72871,Maverik #727,I-8 EXIT 3,Yuma,AZ,930,3.179,32.68734,-114.58302
72873,QUIKTRIP #7206,I-39 EXIT 15 & US 20 ,Rockford,IL,520,3.199,42.22301,-89.073749
72855,GAS N WASH,SR 59,Plainfield,IL,399,3.599,41.564745,-88.273138
72873,QUIKTRIP #7206,I-39 EXIT 15 & US 20 ,Rockford,IL,520,2.969,42.22301,-89.073749
72873,QUIKTRIP #7206,I-39 EXIT 15 & US 20 ,Rockford,IL,520,3.119,42.22301,-89.073749
72857,7-ELEVEN #42019,SR-3 & SR-4,Yukon,OK,483,3.159,35.507156093178,-97.760173393691
72874,QUIKTRIP #4076,I-35 EXIT 191,New Braunfels,TX,740,2.91566666,29.679985,-98.153942
72873,QUIKTRIP #7206,I-39 EXIT 15 & US 20 ,Rockford,IL,520,3.019,42.22301,-89.073749
72875,QUIKTRIP #4183,SR 195 & Shell RD,Georgetown,TX,595,2.91566666,30.67269,-97.663266
72876,QUIKTRIP #1139,"I-385, EXIT 23",Fountain Inn,SC,30,3.01733333,34.682661,-82.1999
72889,DK,SR 83,Denver City,TX,700,3.319,32.964314,-102.843268
72877,QUIKTRIP #7177,"I-10, EXIT 15A",Theodore,AL,715,2.88233333,30.575058,-88.170574
72884,CEFCO #435,"I-10, EXIT 44 & US-90",Loxley,AL,715,3.02566666,30.63365,-87.75769
72879,QUIKTRIP #4002,US-87,Comfort,TX,595,2.96566666,29.976787,-98.903597
72888,STRIPES #42591,US-87,Mason                                   ,TX,595,3.299,30.751488,-99.237118
72880,PARKERS #97,US 80,Bloomingdale,GA,195,3.03233333,32.130834,-81.301432
72891,GAS N WASH,"I-57, EXIT 354",Alsip,IL,365,3.399,41.661741,-87.728456
72882,CASEYS #4330,"I-40, EXIT 221",Okemah,OK,483,2.92566666,35.431522,-96.299664
72893,Racetrac #2586,I-95 & 20th ST,Vero Beach,FL,140,3.159,27.767044,-80.547257
72902,CIRCLE K #2704593,SR-24 &  SR-690,Spring Lake,NC,63,3.079,35.215715,-78.943937
72885,RACEWAY #6960,US-431 & Westgate PKWY,Dothan                                  ,AL,10,3.199,31.196252,-85.371755
72895,Allsups#2465,SR 7,Davis,OK,569,2.96733333,34.505815,-97.103427
72904,CEFCO #112,US-281,Marble Falls,TX,595,2.929,30.617844,-98.265641
72886,PILOT #1381,US-190 & Rose Marie Blvd,Hearne,TX,670,3.499,30.862807,-96.581508
72896,PILOT #1283,I-45 & SR-31,Corsicana,TX,630,3.04233333,32.039939,-96.447334
72905,TA EXPRESS PLEASANTON #445,I-37 EXIT 109,Pleasanton,TX,740,3.099,37.694938,-121.928252
72891,GAS N WASH,"I-57, EXIT 354",Alsip,IL,365,3.599,41.661741,-87.728456
72899,RACEWAY #7002,US 79 & 59,Carthage,TX,766,2.82066666,32.183474,-94.337763
72907,QUIKTRIP #7913,"I-20, EXIT 20 & SR-18",Monahans,TX,710,2.859,31.576614,-102.892641
72894,Allsups Convenience Store #2458,US-287 & FM-1655,Alvord,TX,630,2.899,33.357519,-97.703782
72903,Kent Kwik #221,SR-338,Odessa,TX,710,2.989,31.843452,-102.38989
72909,FAT DOGS LINCOLN TC,"I-80, EXIT 399",Lincoln,NE,475,3.099,40.84378,-96.739035
72901,FATDOGS GRAND ISLAND TRAVEL CENTER,I-80 & HWY 281,Grand Island,NE,330,2.979,40.83083,-98.38075
72906,Maverik #734,I-25 EXIT 94,Pueblo,CO,796,3.289,38.24597,-104.579195
72910,Ogden Cardlock (Bulk Plant),I-15 EXIT 343,Ogden                                   ,UT,835,3.489,41.2227869,-111.9703442
72908,QUIKTRIP #1042,"I-85, EXIT 17B & US-321",Gastonia,NC,46,3.264,35.266178,-81.176914
72917,PETRO-CANADA,"HWY-407, EXIT 126 & CR-4",Mississauga,ON,720,3.58962746,43.615999,-79.643169
72912,Salina Cardlock (Bulk Plant),I-70 EXIT 56,Salina                                  ,UT,791,3.449,38.9575965,-111.8600522
72916,CASEYS #2562,SR 140 & SR 156,Ellsworth,KS,357,3.46566666,38.7320362,-98.2283279
72917,PETRO-CANADA,"HWY-407, EXIT 126 & CR-4",Mississauga,ON,720,3.65284821,43.615999,-79.643169
72917,PETRO-CANADA,"HWY-407, EXIT 126 & CR-4",Mississauga,ON,720,3.65338686,43.615999,-79.643169
72917,PETRO-CANADA,"HWY-407, EXIT 126 & CR-4",Mississauga,ON,720,3.59147696,43.615999,-79.643169
72917,PETRO-CANADA,"HWY-407, EXIT 126 & CR-4",Mississauga,ON,720,3.64612848,43.615999,-79.643169
72921,CIRCLE K #4701677,"I-44, Exit 226",Sullivan,MO,540,3.324,38.223669,-91.152612
72920,Circle K #4701686,"I-70, Exit 224 & SR-370",Saint Peters,MO,540,3.05066666,38.763715,-90.634493
72922,SUNOCO,SR-640,Willoughby                              ,OH,305,3.859,41.623414,-81.360902
72918,QUIKTRIP #7076,"I-75, EXIT 101 ",Cordele,GA,10,3.03233333,31.959831,-83.749017
72923,76,US-84,Brookhaven                              ,MS,620,3.149,31.57913,-90.440702
72919,QUIKTRIP #7096,I-75 & EXIT 51,Dayton,OH,317,3.03233333,39.73383,-84.206516
72925,AMOCO,US-52 & SR-340,Darlington,SC,135,3.199,34.299949,-79.868972
72926,Amoco,US-31 & US-10,Scottville,MI,456,3.399,43.9548492,-86.2794741
72926,Amoco,US-31 & US-10,Scottville,MI,456,3.359,43.9548492,-86.2794741
72924,SHERMAN TRAVEL CENTER,SR-9 ,Senatobia,MS,435,3.029,34.349937,-88.842361
72927,Bell Stores #165,US-30 ,Wooster,OH,249,3.51566666,40.811988,-81.844996
72926,Amoco,US-31 & US-10,Scottville,MI,456,3.379,43.9548492,-86.2794741
72933,CHEVRON #385988,SR-124,Lithonia,GA,18,3.399,33.761326,-84.081841
72934,CIRCLE K #2706987,"I-37, Exit 118",Corpus Christi,TX,625,3.099,27.713163,-97.403276
72930,SPARTA CO-OP,SR-27,Sparta,WI,420,3.189,43.942792,-90.81125
72940,Circle K #3909,SR-236,Clarksville,TN,460,3.329,36.514224,-87.313642
72935,Circle K #2722258,US-17 & SR-40,Pierson,FL,140,3.40233333,29.187218,-81.420525
72936,Circle K #2707549,SR-471 & SR-48,Bushnell,FL,140,3.499,28.6444,-82.255522
72937,CIRCLE K #2723997,SR024,Stedman,NC,205,3.399,35.013275371071,-78.697571094997
72948,CIRCLE K #2746514,SR-23,Watford City,ND,273,3.599,47.793289,-103.282011
72944,Circle K #2709094,US-62 & SR-327,Lubbock,TX,700,3.099,33.528303,-101.888834
72938,CIRCLE K #2723205,I-285 & CR-1642,Winston Salem,NC,65,3.52066666,35.967983,-80.223237
72951,DK,SR-36,Abilene,TX,575,2.849,32.419468,-99.782993
72947,Circle K #9556,SR-202,Phoenix,AZ,930,3.38566666,33.843233,-112.138689
72939,CIRCLE K #2655872,"I-75, Exit 252B",Atlanta,GA,18,3.50566666,33.608451,-84.446031
72953,GRAND AVENUE EXPRESS,I-35 & FM-372,Gainesville,TX,253,2.999,33.61346,-97.133186
72949,BOURBON TRAVEL PLAZA,US-30,Bourbon                                 ,IN,370,3.499,41.293586,-86.077632
72942,CIRCLE K #2742777,US-62/180,El Paso,TX,640,3.19066666,31.793653,-106.37123
72958,Jack Flash Pana,SR-16,Pana,IL,318,3.099,39.389669,-89.080486
72950,Conoco,US-95,MC DERMITT,NV,966,4.299,41.997366,-117.718554
72941,CIRCLE K #2740389,I-55 & US-51,Hammond,LA,600,3.249,30.519765,-90.501517
72959,JORDANS #75,US-67,Newport,AR,418,3.299,35.44625718161,-91.233492403633
72956,Handee Hugos #1,SR-87,Riegelwood                              ,NC,245,3.49733333,34.340933,-78.225679
72943,CIRCLE K #2706805,SR-415 & SR-76,Port Allen,LA,600,3.359,30.44782,-91.209507
72963,MAVERIK #5358,"I-25, Exit 145",Colorado Springs,CO,796,3.33066666,38.867294,-104.702306
72945,CIRCLE K #2707057,SR-59 & CR-12,Foley,AL,715,3.09233333,30.399057,-87.682631
72966,MCCLURE STORE #15,SR-9,Marion,IN,370,3.694,40.534334,-85.658631
72957,IRVING,SR-11,Augusta,ME,203,3.899,44.469658,-69.834099
72967,BINKS TENAHA QUICK STOP,US-59/US-84,Tenaha,TX,618,3.059,31.942352,-94.246386
72970,PAC PRIDE,"I-96, Exit 26",Grand Rapids,MI,371,3.679,42.89846,-85.564714
72958,Jack Flash Pana,SR-16,Pana,IL,318,3.199,39.389669,-89.080486
72970,PAC PRIDE,"I-96, Exit 26",Grand Rapids,MI,371,3.659,42.89846,-85.564714
72958,Jack Flash Pana,SR-16,Pana,IL,318,3.159,39.389669,-89.080486
72976,RED DOG,"I-10, EXIT 72",Egan                                    ,LA,690,3.049,6.445099,3.1378092
72972,LOVES TRAVEL STOP #886,I-44 EXIT 29,Sarcoxie,MO,277,3.40066666,37.076378,-94.104627
72960,KENT KWIK #206,FM-2020,Odessa,TX,710,3.02566666,31.843452,-102.38989
72978,SHELL SERVICE STATION,SR-302,Byhalia,MS,435,3.099,32.365096,-88.708983
72975,SHEETZ #804,"I-95, Exit 41",Hope Mills,NC,63,2.859,34.94084,-78.92672
72965,Maverik #674,"I-15, Exit 45",North Las Vegas,NV,910,3.28233333,36.119908817128,-115.150661966769
72979,RICKY ROCKETS,"I-57, EXIT 312",Kankakee,IL,399,3.379,41.119837,-87.83373
72979,RICKY ROCKETS,"I-57, EXIT 312",Kankakee,IL,399,3.399,41.119837,-87.83373
72968,LOVES TRAVEL STOP #883,US-52 EXIT 120,Rural Hall,NC,65,3.57733333,36.2251,-80.323368
72981,Sprint Mart #2301,I-565 & CR-115,Madison,AL,742,3.49233333,34.863168,-86.570684
72984,TERRIBLE HERBST #341,US-95,Indian Springs,NV,910,3.899,36.577541,-115.669441
72969,LOVES TRAVEL STOP #555,US-30,Delphos,OH,411,3.30566666,40.8468653,-84.3185637
72985,THE PRIDE OF VILLA PARK,SR-64,Villa Park                              ,IL,290,3.299,41.905041,-87.982819
72986,THE PRIDE OF ELGIN,SR-31,Elgin                                   ,IL,520,3.499,42.074389,-88.290509
72970,PAC PRIDE,"I-96, Exit 26",Grand Rapids,MI,371,3.729,42.89846,-85.564714
72985,THE PRIDE OF VILLA PARK,SR-64,Villa Park                              ,IL,290,3.349,41.905041,-87.982819
72987,The Texan,US-285 & CR-116,Pecos,TX,710,2.999,31.398346,-103.481802
72973,PETE'S 49,US-166 & US-169,Coffeyville,KS,307,3.214,37.033387,-95.616638
72993,H AND R OIL COMPANY,"SR-4, EXIT 8",Lexington                               ,KY,410,3.249,38.074471,-84.502541
72988,Thorntons #221354,US-12,Lake Zurich,IL,293,3.399,42.196926,-88.093087
72974,USTOP 34,US-77,Lincoln,NE,413,3.499,39.602918934587,-75.934389669333
72988,Thorntons #221354,US-12,Lake Zurich,IL,293,3.349,42.196926,-88.093087
72995,LOVES TRAVEL STOP #569,I-84 EXIT 304,Baker City,OR,982,3.45733333,44.785068,-117.807955
72982,SUNOCO,I-10 & SR-328,Breaux Bridge                           ,LA,730,2.85566666,30.293017,-91.914272
72996,LOVES TRAVEL STOP #504,I-76 EXIT 232,North Lima,OH,573,3.78733333,40.655940674772,-84.150793640359
72989,THORNTONS #442562,SR-63,Monroe,OH,407,3.199,39.439648,-84.32505
72983,SUNSTOP #303,SR-100,Lake City,FL,75,3.55066666,30.06514,-82.600465
72998,83 FUEL STOP,US-83,Catarina,TX,693,2.959,28.340306,-99.610469
72990,TA Express Jonesboro,I-555 EXIT 39,Jonesboro,AR,435,3.39233333,35.807529,-90.627119
72991,THORNTONS #221345,US-20 ,Hanover Park,IL,297,3.759,42.004593,-88.139838
72999,Aeg Petroleum,US-70 & SR-467,Portales,NM,593,3.68566666,34.1810646,-103.345178
73009,THRIFT BULL TRUCK STOP,SR-103,San Augustine,TX,618,3.499,31.394764,-94.206997
73003,GAS PRO TRAVEL CENTER,US-25 & SR-88,Hephzibah,GA,135,3.599,33.326016,-82.062002
73000,TXB,FM-2147,Horseshoe Bay,TX,665,2.929,30.548173,-98.345244
73013,247 TRUCK STOP,I-40 EXIT 247,Widener,AR,435,2.999,35.058999,-90.688506
73005,NOBLE,US-20,Sturbridge,MA,215,3.999,42.108255,-72.079639
73017,U Stop #36,US 136 & SR 50,Tecumseh,NE,413,3.399,40.370848,-96.191176
73012,FUELPORT # 1,FM-143,San Antonio,TX,740,3.049,29.322272151156,-98.621497162342
73007,VALERO,"I-85, EXIT 28 & SR-100",Hogansville                             ,GA,50,3.66566666,33.16518,-84.91508
73016,PARKERS #112,SR 67,Statesboro,GA,195,3.199,32.4448579794,-81.79182899268
73021,Circle K #2746245,I 35W EXIT 6,Minneapolis,MN,448,3.599,45.150645,-93.236241
73008,MUSTANG XPRESS,US-183 & FM-1327,Austin,TX,595,3.33233333,30.257348,-97.805818
73025,151 TRAVEL CENTER,SR 34 & N Central Rd,Darlington,SC,46,3.299,34.300622,-79.973718
73018,Smart Stop Travel Center,US 271 & SR 37,Bogata,TX,723,3.199,33.471729,-95.220403
73014,CIRCLE K #2726298,SR 33 & SR 50,Mascotte,FL,140,3.539,28.573721,-81.881688
73026,Gas N Wash,SR-171,Lemont,IL,290,3.599,41.688652,-87.932477
73028,PETRO HENDERSON #968,"I-11, EXIT 15A",Henderson,NV,910,3.639,36.05864,-115.004219
73015,76,US 40,Franklinville,NJ,150,3.169,39.6178323,-75.080795
73026,Gas N Wash,SR-171,Lemont,IL,290,3.499,41.688652,-87.932477
73030,SPEED TREK TRAVEL CENTER,I-90 EXIT 25,Belvidere,IL,520,3.699,42.235016,-88.820249
73026,Gas N Wash,SR-171,Lemont,IL,290,3.299,41.688652,-87.932477
73029,One9 #1417,I-35 Exit 323,Lorena,TX,765,2.90233333,31.391348,-97.2138747
73035,QUIKTRIP #7909,US-10,El Paso,TX,640,2.849,31.686037,-106.268379
73030,SPEED TREK TRAVEL CENTER,I-90 EXIT 25,Belvidere,IL,520,3.899,42.235016,-88.820249
73032,Parkers #110,SR 56,Augusta,GA,135,3.19233333,33.517478620853,-82.032898261465
73042,MAVERIK #728,Hwy 483,Lovington,NM,593,3.094,32.929079,-103.348109
73030,SPEED TREK TRAVEL CENTER,I-90 EXIT 25,Belvidere,IL,520,3.799,42.235016,-88.820249
73037,TA EXPRESS #567,"I-20, EXIT 81 & SR-149",Ruston,LA,745,3.114,32.5324656,-92.6390585
73045,MAVERIK #717,US-395,Spokane,WA,970,3.979,47.68236,-117.19789
73031,Travel Refresh,US 59,Corrigan                                ,TX,618,2.949,30.9969075,-94.8272756
73039,Spinx  #292,"I-26, EXIT 10",Inman,SC,210,3.16566666,35.082901,-82.060147
73045,MAVERIK #717,US-395,Spokane,WA,970,3.999,47.68236,-117.19789
73033,QUARLES #54242,SR-152,Pampa                                   ,TX,585,3.499,35.5333407,-100.9718812
73040,TAILGATE #3,SR 21,Bryan,TX,670,3.599,30.6705034,-96.3706791
73046,Refuel #63,US 501 & SR 544,Conway,SC,46,3.134,33.837943,-79.059913
73036,Maverik Country Store #741,US-80,Rock Springs,WY,827,3.30733333,41.591767,-109.218695
73044,Maverik #732,"US 20, EXIT 310",Idaho Falls,ID,825,3.394,43.51086,-111.96482
73051,CIRCLE K #2709540,"I-10, EXIT 10 & SR-90",Sierra Vista,AZ,980,3.629,31.552602,-110.258132
73041,Racetrac #182,US- 19,Hampton                                 ,GA,67,2.999,33.34788,-84.294841
73043,MAVERIK #740,"I-25, EXIT 347",Las Vegas,NM,580,3.16233333,35.621041,-105.204862
73055,CIRCLE K #4707124,SR-3,Liberty,ME,203,4.099,44.385519,-69.359556
73047,RACETRAC #2642,"I-70, EXIT 77",Indianapolis,IN,375,3.259,39.749563,-86.226371
73056,CIRCLE K #2723033,"I-295, EXIT 21A & I-95",Fayetteville,NC,205,3.279,35.150547,-78.912522
73048,ALLSUPS CONVENIENCE STORE #2473,US-287,Bowie,TX,630,2.899,33.556144,-97.843925
73057,CIRCLE K #2703586,US-550 & SR-516,Flora Vista,NM,580,3.719,36.801656,-108.086392
73052,Circle K #2701875,US-78 E,Grovetown,GA,135,3.499,33.48586,-82.134186
73061,Circle K #2709045,"US-62 & SR-375, EXIT 39",El Paso,TX,640,3.20233333,31.793653,-106.37123
73067,J STARR,I-29 EXIT 8,Hankinson,ND,341,3.499,46.0661298,-96.9020333
73053,Circle K #2746108,"I-90/US-212, EXIT 447",Billings,MT,780,3.579,45.817118,-108.471374
73062,CIRCLE K #2741849,SR-358 & SR-286,Corpus Christi,TX,625,3.124,27.713163,-97.403276
73068,MAVERIK #5369,SR 21,Colorado Springs,CO,796,3.499,38.867294,-104.702306
73058,CIRCLE K #4707605,SR-365/SR-69/SR-49 & SR-26,Rome,NY,235,3.999,43.283102,-75.471426
73064,7-ELEVEN #42315,"I-85, Exit 88",Lexington,NC,765,3.399,35.813599451474,-80.264851342106
73072,QUIKTRIP #7204,"I-57, EXIT 337 & SR-50",University Park,IL,365,3.079,41.455147,-87.747152
73059,CIRCLE K #4705626,"I-77/US-62, EXIT 105 & SR-172",Canton,OH,249,3.459,40.80937,-81.384457
73066,QUIKTRIP #1499,I-10 EXIT 267,Tucson,AZ,980,3.06233333,32.33798,-111.038289
73074,RACETRAC #2641,HWY 59 & FM 989,Texarkana                               ,TX,723,2.85733333,33.474022,-94.044472
73063,HOLIDAY STATIONSTORE #2746223,"I-35, EXIT 135 & US-61",Andover,MN,448,3.499,45.287503,-93.233212
73072,QUIKTRIP #7204,"I-57, EXIT 337 & SR-50",University Park,IL,365,3.249,41.455147,-87.747152
73076,MAVERIK #5148,US 40,Kremmling,CO,800,3.679,40.05942,-106.387938
73065,RACETRAC #2631,"I-75, EXIT 285 & US-41/SR-3",Emerson,GA,193,2.88733333,34.141461,-84.743779
73072,QUIKTRIP #7204,"I-57, EXIT 337 & SR-50",University Park,IL,365,3.179,41.455147,-87.747152
73078,Shelee's Travel Center,"I-10, Exit 146",Coachella,CA,900,3.949,33.71149,-116.177808
73071,7-Eleven #42340,SR-340/SR-6,Woodway,TX,765,2.93233333,31.58144,-97.303733
73073,QUIKTRIP #7075,"I-16/SR-404, EXIT 51 & US-441",Dublin,GA,85,2.999,32.493362,-82.931141
73080,Circle K #2707255,"I-75, Exit 60",Tifton,GA,10,3.06233333,31.450074,-83.532894
73078,Shelee's Travel Center,"I-10, Exit 146",Coachella,CA,900,3.959,33.71149,-116.177808
73075,ALLSUPS CONVENIENCE STORE #2470,SR 18,Eunice,NM,710,3.099,32.437026,-103.159892
73082,KWIK STAR #1153,US 71,Milford,IA,433,3.324,43.3535112,-95.1436616
73079,PILOT DEALER #1433,I-10 EXIT 160,Chandler,AZ,930,3.504,33.302285,-111.840103
73084,Kwik Trip #747,I-94 ALT & US-12,Baldwin,WI,448,3.499,44.941367,-92.373556
73083,Kwik Star #1213,I-380 EXIT 2,North Liberty,IA,380,3.159,41.741132,-91.6077457
73079,PILOT #1433,I-10 EXIT 160,Chandler,AZ,930,3.499,33.302285,-111.840103
73093,GAS N WASH,I-355 EXIT 7,Lockport,IL,365,3.499,41.626678,-88.006107
73085,Loves Travel Stop #550,I-75 EXIT 13,Valdosta,GA,982,3.22233333,30.774756,-83.298412
73081,ALLSUPS #2476,I-40 EXIT 38 & SR 6,Elk City,OK,483,2.93066666,35.386971,-99.401635
73094,MARATHON,US-24,Taylor                                  ,MI,325,3.499,42.226026,-83.269906
73088,Pilot Travel Center #1390,I-16 Exit  143,Ellabell,GA,135,3.28566666,30.75979,-81.6557799
73088,Pilot #1390,I-16 Exit  143,Ellabell,GA,135,3.30566666,32.182063,-81.457047
73099,Kwik Star #1296,SR 115,Harrisburg,SD,448,2.939,43.431527,-96.699411
73090,Quiktrip #1148,I-26 EXIT 53,Flat Rock,NC,210,2.849,35.297755,-82.403352
73093,GAS N WASH,I-355 EXIT 7,Lockport,IL,365,3.399,41.626678,-88.006107
73103,RaceTrac #2654,I-20 EXIT 130,Greensboro,GA,16,3.399,33.542484,-83.208067
73092,QUIKTRIP #4042,I-10,Converse,TX,740,2.94566666,29.511197,-98.30862
73098,KWIK TRIP #1269,SR 27,Cadott,WI,448,3.40066666,44.941724,-91.146048
73114,ROAD RANGER #319,"I-35E, EXIT 381",Milford,TX,630,3.03066666,32.133141,-96.952608
73094,MARATHON,US-24,Taylor                                  ,MI,325,3.539,42.226026,-83.269906
73101,7-ELEVEN 42279,"I-76, Exit 39",Keenesburg,CO,800,3.149,40.112904,-104.521905
73095,Quiktrip #7250,US 49,Richland,MS,760,2.91566666,32.22786,-90.158846
73112,SHEETZ #831,I-26 EXIT 44 & US 25,Hendersonville,NC,210,2.859,35.394995,-82.504133
73127,Gas N Wash,"I-55, EXIT 285",Chicago                                 ,IL,290,3.399,41.774051,-87.76312
73096,KWIK TRIP #748,US 8,Barron,WI,295,3.64733333,45.400331,-91.834908
73119,Stinker #122,I-84 EXIT 36,Nampa,ID,785,3.40233333,43.573604,-116.567287
73128,ALLSUPS CONVENIENCE STORE #2477,HWY 69 & 11th st ,Kiowa,OK,253,2.95733333,34.722058,-95.898028
73100,MAVERIK #747,I-215 Exit 21,Salt Lake City,UT,835,3.39233333,40.626499,-111.854347
73129,SHEETZ #837,I-94,Romulus,MI,325,3.099,42.238515,-83.365863
73106,ALLSUPS CONVENIENCE STORE #2472,US-75,Atoka,OK,253,2.96733333,34.323454,-96.16551
73130,A One Stop,"I-45, EXIT 246",Ennis,TX,630,2.93566666,31.688890469106,-106.204029902527
73117,MAVERIK #722,"I-29, EXIT 304",Baker City,OR,925,3.459,44.782406,-117.822705
73118,ALLSUPS #2432,US 287 & SR 34,Ennis,TX,630,2.929,32.300312,-96.640711
73120, Kwik Star #1184,US 61,Dubuque,IA,335,3.489,42.505512,-90.667314
73125,KWIK TRIP #1283,SR 83 & W CAPITOL DR,Hartland,WI,444,3.749,43.100318,-88.359412
73126,Kwik Trip #1298,US 10,Mondovi,WI,295,3.349,44.568059,-91.664299
73131,Sheetz #838,"I-85, Exit 71",Salisbury,NC,46,2.859,35.682836,-80.417306
